name,label,woreda
ET010101888013,Ademeti,ET010101
ET010101888016,Adi Aser,ET010101
ET010101888002,Adi Awala,ET010101
ET010101101001,Adi Hageray,ET010101
ET010101888017,Adi Tsetser,ET010101
ET010101888004,Aditelom,ET010101
ET010101888009,Atsrega,ET010101
ET010101888001,Badme,ET010101
ET010101888006,Doguale,ET010101
ET010101888011,Gemhalo,ET010101
ET010101888005,Kebabiadihageray,ET010101
ET010101888012,Lemlem,ET010101
ET010101888007,Lese,ET010101
ET010101888015,May Kuhli,ET010101
ET010101888003,Mayabay,ET010101
ET010101888014,Mentebteb,ET010101
ET010101888010,Shimbilina,ET010101
ET010101888008,Zban Gedena,ET010101
ET010103888009,Adekemalk,ET010103
ET010103888004,Adibearege,ET010103
ET010103888011,Adigeshti,ET010103
ET010103888005,Adingsti,ET010103
ET010103888012,Bahra,ET010103
ET010103888013,Geter Debrekerbe,ET010103
ET010103888015,Hadnet,ET010103
ET010103888008,Hakfen,ET010103
ET010103888018,Kbrto,ET010103
ET010103888006,Kuluferha,ET010103
ET010103888010,Limat,ET010103
ET010103888016,Maylemen,ET010103
ET010103888007,Meshl,ET010103
ET010103888001,Nefasit,ET010103
ET010103101001,Selekleka Town,ET010103
ET010103888002,Shame,ET010103
ET010103888017,Tkule,ET010103
ET010103888003,Tsaedalaka,ET010103
ET010103888014,Walka,ET010103
ET010103201001,Zana Town,ET010103
ET010104888010,Adigdad,ET010104
ET010104888013,Adimenabr,ET010104
ET010104888012,Beles,ET010104
ET010104888007,Geter Semema,ET010104
ET010104888004,Haftom,ET010104
ET010104888005,Hayelom,ET010104
ET010104888011,Kelakl,ET010104
ET010104888002,Laelay Adigebaro,ET010104
ET010104888009,May Adirasha,ET010104
ET010104888006,Maytimket,ET010104
ET010104888008,Sekelakoyetsa,ET010104
ET010104888003,Selam,ET010104
ET010104101001,Semema Town,ET010104
ET010104888001,Tahtay Adigebaro,ET010104
ET010105888008,Adimehameday,ET010105
ET010105888013,Alogien,ET010105
ET010105888021,Bonako,ET010105
ET010105888020,Brhan,ET010105
ET010105888023,Debreabay,ET010105
ET010105888016,Debremaryam,ET010105
ET010105888001,Dedebit,ET010105
ET010105888009,Hbret,ET010105
ET010105888019,Hintset,ET010105
ET010105888007,Htsats,ET010105
ET010105301001,Ksadgeb,ET010105
ET010105888012,Lemelem,ET010105
ET010105888014,Limat,ET010105
ET010105888005,May Feres,ET010105
ET010105888004,May Sye,ET010105
ET010105888006,Mayberbere,ET010105
ET010105201001,Mayhanse,ET010105
ET010105888010,Mayshak,ET010105
ET010105888011,Mebale,ET010105
ET010105888022,Mizan,ET010105
ET010105888015,Rahwa,ET010105
ET010105888002,Selam,ET010105
ET010105888003,Smret,ET010105
ET010105888018,Zenaqude,ET010105
ET010105888017,Zengorako,ET010105
ET010105101001,Zero And,ET010105
ET010105101002,Zero Hulet,ET010105
ET010106888016,Adiwesene,ET010106
ET010106888003,Awet,ET010106
ET010106888011,Babako,ET010106
ET010106888006,Chachere,ET010106
ET010106888007,De Gebray,ET010106
ET010106201001,Dima,ET010106
ET010106888010,Fiyelwuha,ET010106
ET010106101003,Hadnet,ET010106
ET010106101002,Hayelom,ET010106
ET010106888002,May Ambesa,ET010106
ET010106888001,May Ayni,ET010106
ET010106888005,May Gmere,ET010106
ET010106888020,Mayteklit,ET010106
ET010106888004,Mchara,ET010106
ET010106101001,Mebrahtom Shila,ET010106
ET010106888009,Meda,ET010106
ET010106888017,Medhanialem,ET010106
ET010106888012,Meyame,ET010106
ET010106888018,Mezekr,ET010106
ET010106888008,Midri Hamsho,ET010106
ET010106888013,Seqotamaryam,ET010106
ET010106888014,Seqotaslasie,ET010106
ET010106888015,Sierako,ET010106
ET010106888021,Tsaedakerni,ET010106
ET010106888019,Whdet,ET010106
ET010108101002,Musie,ET010107
ET010108101001,Sedr,ET010107
ET010107101004,Adikentibay,ET010108
ET010107101001,Dedebit,ET010108
ET010107101003,Hibret,ET010108
ET010107101005,Lekatit,ET010108
ET010107101002,Suhul,ET010108
ET010102888016,Adiabagi'e,ET010112
ET010102101001,Adidaero,ET010112
ET010102888009,Adigedena,ET010112
ET010102888004,Adikahsu,ET010112
ET010102888002,Adiklte,ET010112
ET010102888008,Adimelien,ET010112
ET010102201001,Adinebrid,ET010112
ET010102888011,Adingst,ET010112
ET010102888001,Doguale,ET010112
ET010102888006,Egub,ET010112
ET010102888010,Fithi,ET010112
ET010102888018,Gebagubo,ET010112
ET010102888003,Godfey,ET010112
ET010102888013,Hadegt,ET010112
ET010102888012,Hibret,ET010112
ET010102888015,May Ambesa,ET010112
ET010102888007,Medebayterer,ET010112
ET010102888005,Midrefelasi,ET010112
ET010102888017,Tsaeda Ambora,ET010112
ET010102888020,Tsehayo,ET010112
ET010102888014,Whdet,ET010112
ET010102888019,Zelazle,ET010112
ET010201888013,Abnet,ET010201
ET010201888018,Addi Eleni,ET010201
ET010201888009,Addi Ftaw,ET010201
ET010201888001,Addi Gebat,ET010201
ET010201888003,Addi Shmbru,ET010201
ET010201888021,Asayme,ET010201
ET010201888012,Atsgeba,ET010201
ET010201888019,Awet,ET010201
ET010201101001,Beriha,ET010201
ET010201101002,Brshwa,ET010201
ET010201301001,Chila,ET010201
ET010201888008,Debre Harmaz,ET010201
ET010201888020,Geter Chila,ET010201
ET010201888014,Hadush Adi,ET010201
ET010201888007,Haftemaryam,ET010201
ET010201888010,Haftom,ET010201
ET010201888006,Mai Weyni,ET010201
ET010201888004,May Wedi Amberay,ET010201
ET010201888016,Medhn,ET010201
ET010201201001,Merih Senay,ET010201
ET010201888005,Mhqan,ET010201
ET010201888011,Shul,ET010201
ET010201888017,Smret,ET010201
ET010201888002,Terawr,ET010201
ET010201888015,Wedi Hazo,ET010201
ET010202201001,1,ET010202
ET010202201002,2,ET010202
ET010202201003,3,ET010202
ET010202888027,Adi Yekoro,ET010202
ET010202888015,Adi Zata,ET010202
ET010202888026,Agamo,ET010202
ET010202888006,Bet Gebez,ET010202
ET010202888024,Daero Anbesa,ET010202
ET010202401001,Dbdbo,ET010202
ET010202888009,Dodoz,ET010202
ET010202888020,Edaga Arbi,ET010202
ET010202888025,Edaga Hamus,ET010202
ET010202888012,Emba Ahforom,ET010202
ET010202888013,Enda Maryam,ET010202
ET010202888017,Endalashen,ET010202
ET010202888005,Erdi Jeganu,ET010202
ET010202301001,Feres May,ET010202
ET010202101001,Gerhu Srnay,ET010202
ET010202888002,Hoya Medeb,ET010202
ET010202888021,Kudo,ET010202
ET010202888023,L/hahyle,ET010202
ET010202888014,L/megarya Tseri,ET010202
ET010202888001,May Hamato,ET010202
ET010202888018,May Keyehat,ET010202
ET010202888011,May Suru,ET010202
ET010202888007,Mezber,ET010202
ET010202888022,Mshig,ET010202
ET010202888019,Sefeo,ET010202
ET010202888003,Semhal,ET010202
ET010202888010,Sero,ET010202
ET010202888016,T/daereka,ET010202
ET010202888008,T/megarya Tsemri,ET010202
ET010202888004,Zban Gula,ET010202
ET010203888016,Adi Hedem,ET010203
ET010203888015,Adi Regito,ET010203
ET010203888018,Arena,ET010203
ET010203888017,Azmera,ET010203
ET010203201001,Edaga Arbi,ET010203
ET010203888008,Edaga Hamus,ET010203
ET010203888001,Enda Chewa,ET010203
ET010203888029,Enda Felasi,ET010203
ET010203888030,Gola Gule,ET010203
ET010203888005,Hadush Adi,ET010203
ET010203888026,Hbret,ET010203
ET010203888002,Henzat,ET010203
ET010203888004,Kola Geble,ET010203
ET010203888021,Lakenay,ET010203
ET010203888023,Makel Segli,ET010203
ET010203888019,Makelawi,ET010203
ET010203888006,May Chekemte,ET010203
ET010203301001,May Knetal,ET010203
ET010203888007,May Kuhli,ET010203
ET010203888013,May Nebri,ET010203
ET010203888014,May Tum,ET010203
ET010203888012,Meryeto,ET010203
ET010203888011,Msema,ET010203
ET010203101001,Nebelet,ET010203
ET010203888009,Seguh,ET010203
ET010203888024,Selam,ET010203
ET010203888003,Sere,ET010203
ET010203888027,Tsae,ET010203
ET010203888010,Tseftsef,ET010203
ET010203888022,Wechi,ET010203
ET010203888028,Weri,ET010203
ET010203888025,Zeben Neg,ET010203
ET010203888020,Zongi,ET010203
ET010204888018,Adis Alem,ET010204
ET010204888009,Bete Yohannes,ET010204
ET010204201001,Debre Genet,ET010204
ET010204888016,Debregenet,ET010204
ET010204888011,Endabagerima,ET010204
ET010204888013,Gedeba,ET010204
ET010204888006,Gendebta,ET010204
ET010204888003,Keren,ET010204
ET010204888014,Laelay Logomti,ET010204
ET010204888010,Lakia,ET010204
ET010204888007,Mariam Shewito,ET010204
ET010204888017,May Teum,ET010204
ET010204888004,Selam,ET010204
ET010204888001,Smret,ET010204
ET010204888008,Soloda,ET010204
ET010204888015,Tahtay Logomti,ET010204
ET010204888002,Wedi Keshi,ET010204
ET010204888012,Weyenti,ET010204
ET010204101001,Yeha,ET010204
ET010204888005,Yeha,ET010204
ET010205888003,Aditsehafi,ET010205
ET010205888008,Awleo,ET010205
ET010205888011,Debre Kal,ET010205
ET010205888014,Debrebrhan,ET010205
ET010205101001,Dego,ET010205
ET010205888015,Dura,ET010205
ET010205888007,Hadush Adi,ET010205
ET010205888005,Hatsebo,ET010205
ET010205888004,Lesalso,ET010205
ET010205888009,Mahbereselam,ET010205
ET010205888006,May Weyni,ET010205
ET010205888012,Medego,ET010205
ET010205888002,Miha,ET010205
ET010205888010,Natka Blae,ET010205
ET010205888013,Saglamen,ET010205
ET010205888001,Welel,ET010205
ET010206888015,Adigara,ET010206
ET010206888013,Adihutsa,ET010206
ET010206888007,Akabisaat,ET010206
ET010206888014,Betesemaet,ET010206
ET010206888002,Debreshewit,ET010206
ET010206888010,Dnbeza,ET010206
ET010206888016,Ferima,ET010206
ET010206888006,Hadushadi,ET010206
ET010206888012,Hawesta,ET010206
ET010206888005,Kewanit,ET010206
ET010206888008,Mayatsmi,ET010206
ET010206888003,Mayberazyo,ET010206
ET010206888004,Maysye,ET010206
ET010206888011,Mirena,ET010206
ET010206888009,Tisha,ET010206
ET010206888001,Whdet,ET010206
ET010206101001,Wkromaray,ET010206
ET010208888012,Addiha,ET010208
ET010208888019,Arena,ET010208
ET010208888011,Awet Bkalsi,ET010208
ET010208888023,Bega Shaka,ET010208
ET010208888001,Chamo,ET010208
ET010208888025,Debre Genet,ET010208
ET010208888024,Debre Tsehay,ET010208
ET010208888002,Dedere,ET010208
ET010208888004,Dernetseb,ET010208
ET010208888014,Dr Ataklty,ET010208
ET010208888008,Endabano,ET010208
ET010208888013,Geter Werkamba,ET010208
ET010208888027,Getski Mlesley,ET010208
ET010208888016,Guroro,ET010208
ET010208888021,Guya,ET010208
ET010208888026,Limiat,ET010208
ET010208888015,Menji,ET010208
ET010208888005,Merere,ET010208
ET010208888017,Mwtsae Werki,ET010208
ET010208888003,Newi,ET010208
ET010208888010,Santa Gelebeda,ET010208
ET010208888007,Selam,ET010208
ET010208888020,Shlum Emni,ET010208
ET010208888022,Smret,ET010208
ET010208888006,Tabote Gewergs,ET010208
ET010208101001,Werk Amba,ET010208
ET010208888009,Whdet,ET010208
ET010208888018,Zelakme,ET010208
ET010207888003,Abebayehans,ET010209
ET010207888020,Adi Kebekli,ET010209
ET010207888006,Adi Serwat,ET010209
ET010207888012,Adilakyen,ET010209
ET010207888009,Adiselam,ET010209
ET010207888001,Adreb,ET010209
ET010207888013,Dagna,ET010209
ET010207888016,Debre Genet,ET010209
ET010207888019,Gira,ET010209
ET010207888010,Gundi,ET010209
ET010207888021,Humer,ET010209
ET010207888011,Kisad Ahui,ET010209
ET010207888005,Laelay Hudug,ET010209
ET010207888018,Maydanya,ET010209
ET010207888004,Maytmket,ET010209
ET010207888007,Metaklo,ET010209
ET010207888015,Rubay,ET010209
ET010207888017,Sab Ruba Adyet,ET010209
ET010207888008,Seha,ET010209
ET010207101001,Semema,ET010209
ET010207888002,Serihka Blae,ET010209
ET010207888022,Shenako,ET010209
ET010207888014,Teregey,ET010209
ET010210888006,Adiweyane,ET010210
ET010210888009,Agbe,ET010210
ET010210888016,Embarufael,ET010210
ET010210888019,Felegehiwet,ET010210
ET010210888010,Gera,ET010210
ET010210888014,Grwre,ET010210
ET010210888008,Hadashtekli,ET010210
ET010210888018,Hadnet,ET010210
ET010210888003,Jijke,ET010210
ET010210888017,Lemlem,ET010210
ET010210888005,Lm'at,ET010210
ET010210101001,Mearey,ET010210
ET010210888015,Negedebrhan,ET010210
ET010210888004,Selam,ET010210
ET010210201001,Sheka Tekli,ET010210
ET010210888007,Shekatekli,ET010210
ET010210888002,Smret,ET010210
ET010210888012,Sye,ET010210
ET010210888013,Tekleweyni,ET010210
ET010210888011,Tseykeme,ET010210
ET010210888001,Yaqer,ET010210
ET010211101004,1,ET010211
ET010211101003,2,ET010211
ET010211101002,3,ET010211
ET010211101001,4,ET010211
ET010209101001,Abnet,ET010212
ET010209101004,Alula,ET010212
ET010209101005,Debrichi,ET010212
ET010209101002,Hayelom,ET010212
ET010209101003,Mi'ebale,ET010212
ET010212101002,Axum University and Nigste Saba kebele,ET010213
ET010212101001,Hawelti,ET010213
ET010212101004,Hayelom,ET010213
ET010212101003,Kindeya,ET010213
ET010212101005,Maebel,ET010213
ET010301888002,Addis Alem,ET010301
ET010301888001,Addis Tesefa,ET010301
ET010301888008,Ambeste Fekade,ET010301
ET010301201001,Fatsi,ET010301
ET010301888017,Feredasume,ET010301
ET010301888006,Haben,ET010301
ET010301888016,Hagere Selame,ET010301
ET010301888005,Hayelome,ET010301
ET010301888007,Kilat,ET010301
ET010301888013,Kisade Mahetebe,ET010301
ET010301888014,Kokeb Tebeha,ET010301
ET010301888003,Mareta,ET010301
ET010301888015,Maye Tsada,ET010301
ET010301888012,Mereta,ET010301
ET010301888010,Mezaber,ET010301
ET010301888011,Rigebaye Medebaye,ET010301
ET010301888009,Shewit Lemelem,ET010301
ET010301301001,Sobeya,ET010301
ET010301888004,Sobeya,ET010301
ET010301101001,Zalanbesa,ET010301
ET010302888006,Agerelokoma,ET010302
ET010302888003,Alitena,ET010302
ET010302888004,Arae,ET010302
ET010302101001,Dewhan,ET010302
ET010302888001,Endalgeada,ET010302
ET010302888007,Endamosa,ET010302
ET010302888005,Haraze Sebata,ET010302
ET010302888002,Weratle,ET010302
ET010304888016,Azeba,ET010304
ET010304888018,Bahresahyta,ET010304
ET010304888005,Beati May Mesanu,ET010304
ET010304101001,Bizet,ET010304
ET010304888009,Bukot,ET010304
ET010304888008,Deblasiat,ET010304
ET010304888003,Enta Adikney,ET010304
ET010304888006,Gola Genahti,ET010304
ET010304888019,Guahgot,ET010304
ET010304888017,Hadinet,ET010304
ET010304888010,Hagereselam,ET010304
ET010304888014,Hagua Arega,ET010304
ET010304888013,Kita Gdeba,ET010304
ET010304888012,May Weyni,ET010304
ET010304888004,Mergahya,ET010304
ET010304888011,Mugulat,ET010304
ET010304888007,Sasun Beteharyat,ET010304
ET010304888002,Smret,ET010304
ET010304888015,Tsaedat Hamilo,ET010304
ET010304888001,Wuhidet,ET010304
ET010305888022,Adi Belew,ET010305
ET010305301001,Adi Hutsa,ET010305
ET010305888024,Alal,ET010305
ET010305888007,Baleda,ET010305
ET010305888003,Debre Abay,ET010305
ET010305888002,Debre Bizen,ET010305
ET010305888018,Debre Brhan,ET010305
ET010305888014,Debre Hiwet,ET010305
ET010305888015,Debre Selam,ET010305
ET010305888004,Degamba,ET010305
ET010305888019,Dgum,ET010305
ET010305888020,Freweyni,ET010305
ET010305888016,Geter Megab,ET010305
ET010305888012,Gra Aras,ET010305
ET010305888001,Harikwa,ET010305
ET010305888011,Hatset,ET010305
ET010305101001,Hawzen,ET010305
ET010305888009,Hayelom,ET010305
ET010305888021,May Gobo,ET010305
ET010305888008,May Kado,ET010305
ET010305201001,Megab,ET010305
ET010305888010,Mozutey,ET010305
ET010305888023,Qoraro,ET010305
ET010305888017,Selam,ET010305
ET010305888006,Shelewa,ET010305
ET010305888005,Simret,ET010305
ET010305888013,Sluh,ET010305
ET010306888009,Abrha We Atsbeha,ET010306
ET010306101001,Agulae,ET010306
ET010306888008,Aynalem,ET010306
ET010306888014,Debrebrhan,ET010306
ET010306888010,Debretsion,ET010306
ET010306888002,Gemad,ET010306
ET010306888007,Genfel,ET010306
ET010306888001,Gule,ET010306
ET010306888018,Hadnet,ET010306
ET010306888013,Hayelom,ET010306
ET010306888016,Kihen,ET010306
ET010306888005,Laelay Adekesandid,ET010306
ET010306888015,Mahiber Weyni,ET010306
ET010306888017,Mesanu,ET010306
ET010306888012,Mykuha,ET010306
ET010306301001,Negash,ET010306
ET010306888004,Negash,ET010306
ET010306888006,Tahitay Adekesandid,ET010306
ET010306888003,Tsaeda Naele,ET010306
ET010306201001,Tsigereda,ET010306
ET010306888011,Tsigereda,ET010306
ET010307888012,Adi Mesanu,ET010307
ET010307888010,Barka Adisbha,ET010307
ET010307301001,Dera,ET010307
ET010307888013,Dibab Akorean,ET010307
ET010307888015,Eara,ET010307
ET010307101001,Endasslasea,ET010307
ET010307888007,Felege Weyni,ET010307
ET010307888001,Gebrekidan,ET010307
ET010307888006,Golgol Naele,ET010307
ET010307888011,Habes,ET010307
ET010307888003,Hadnet,ET010307
ET010307888002,Haresaw,ET010307
ET010307888014,Hayelom,ET010307
ET010307201001,Hayki Meshal,ET010307
ET010307888008,Kalamin,ET010307
ET010307888016,Kelesha Emni,ET010307
ET010307888009,Mikael Emba,ET010307
ET010307888004,Ruba Feleg,ET010307
ET010307888005,Zareama,ET010307
ET010308101005,01 Kebelye,ET010308
ET010308101003,02 Kebelye,ET010308
ET010308101004,03 Kebelye,ET010308
ET010308101001,05 Kebelye,ET010308
ET010308101006,06 Kebelye,ET010308
ET010308101002,Adigrat University and Kebelye 04,ET010308
ET010309101002,Agaezi,ET010309
ET010309101001,Dedebit,ET010309
ET010309101003,Hayelom,ET010309
ET010303888013,Agazi,ET010314
ET010303888009,Asmena,ET010314
ET010303888012,Beleso,ET010314
ET010303101001,Edagahamus,ET010314
ET010303888010,Embamezewule,ET010314
ET010303201001,Freweyni,ET010314
ET010303888002,Geblen,ET010314
ET010303888023,Guemse,ET010314
ET010303888021,Guila Abenea,ET010314
ET010303888014,Hadinet,ET010314
ET010303888016,Hadish Adi,ET010314
ET010303888011,Hadish Hiwet,ET010314
ET010303888015,Hangoda,ET010314
ET010303888022,Hawile,ET010314
ET010303888004,Kumasebha,ET010314
ET010303888020,Maryam Agamat,ET010314
ET010303888018,Maymegelta,ET010314
ET010303888003,Merewa,ET010314
ET010303888006,Meshul,ET010314
ET010303888017,Raele,ET010314
ET010303888005,Saesie,ET010314
ET010303888026,Saz,ET010314
ET010303888007,Sewune,ET010314
ET010303888019,Sinkata,ET010314
ET010303888024,Sndeda,ET010314
ET010303888001,T/zban,ET010314
ET010303888025,Tsenkanet,ET010314
ET010303888008,Welwalo,ET010314
ET010404888013,Abeda,ET010404
ET010404888002,Abnet,ET010404
ET010404101001,Adishou,ET010404
ET010404888007,Amdewuha,ET010404
ET010404888018,Atsela,ET010404
ET010404888020,Ayiba,ET010404
ET010404888011,Betmera,ET010404
ET010404888004,Degen,ET010404
ET010404888012,Egrialbe,ET010404
ET010404888005,Fana,ET010404
ET010404201001,Ketema Amdewuha,ET010404
ET010404301001,Ketema Betmera,ET010404
ET010404401001,Ketemafana,ET010404
ET010404888009,Keyhtekli,ET010404
ET010404888015,Kilma,ET010404
ET010404888001,Mearnet,ET010404
ET010404888016,Mebal,ET010404
ET010404888014,Myliham,ET010404
ET010404888003,Seret,ET010404
ET010404888019,Sesat,ET010404
ET010404888006,Smret,ET010404
ET010404888017,Teka,ET010404
ET010404888010,Tekliweyane,ET010404
ET010404888008,Waereb,ET010404
ET010405888003,Aqojura,ET010405
ET010402888014,Arena,ET010405
ET010405888005,Awdekulu,ET010405
ET010402888017,Dum,ET010405
ET010402888015,Embaga,ET010405
ET010402888005,Embahasti,ET010405
ET010405888012,Gerjale,ET010405
ET010402888002,Golowsa,ET010405
ET010402888013,Hadnet,ET010405
ET010405888007,Harle,ET010405
ET010402888006,Hizbateklehaymanot,ET010405
ET010402888010,Jema,ET010405
ET010402888001,Karya Qanfa,ET010405
ET010405888011,Kulugize Lemlem,ET010405
ET010405888014,Laelaydayu,ET010405
ET010405888009,Limat,ET010405
ET010402888008,Mekan,ET010405
ET010405888002,Merewa,ET010405
ET010402101001,Meswaet,ET010405
ET010402888016,Neqah,ET010405
ET010402201001,Neqsege,ET010405
ET010405888010,Selam Bkalsi,ET010405
ET010405888008,Selenwuha,ET010405
ET010402888012,Senay,ET010405
ET010402888003,Shimta,ET010405
ET010402888009,Simret,ET010405
ET010405888001,Sorya,ET010405
ET010402888007,Tahitay Haya,ET010405
ET010405888013,Tao,ET010405
ET010405888006,Timuga,ET010405
ET010402888004,Tsbet,ET010405
ET010405888004,Tsetsera,ET010405
ET010405101001,Wajatimugatown,ET010405
ET010402888011,Wuhdet,ET010405
ET010403888002,Abo,ET010406
ET010403501001,Bala,ET010406
ET010403888010,Beru,ET010406
ET010403201001,Chercher,ET010406
ET010403888011,Delwo Bagea,ET010406
ET010403888013,Erba,ET010406
ET010403888007,Genetea,ET010406
ET010403888015,Geter Bala,ET010406
ET010403888012,Hadealga,ET010406
ET010403888018,Hadisqign,ET010406
ET010403888003,Hawelti,ET010406
ET010403888005,Horda,ET010406
ET010403888008,Kara,ET010406
ET010403888016,Korme,ET010406
ET010403301001,Kukufto,ET010406
ET010403888014,Maru,ET010406
ET010403101001,Mehoni Ketema,ET010406
ET010403401001,Menchare,ET010406
ET010403888004,Menchare,ET010406
ET010403888001,Tsga,ET010406
ET010403888017,Ulaga,ET010406
ET010403888006,Wargba,ET010406
ET010403888009,Werabaye,ET010406
ET010401888007,Adigolo,ET010408
ET010401888008,Adishumbereket,ET010408
ET010401888020,Dara Bekeda,ET010408
ET010401888021,Dink Ashena,ET010408
ET010401888014,Fala,ET010408
ET010401888009,Fikre Welda,ET010408
ET010401888017,Gual Merkoryes,ET010408
ET010401888016,Guara,ET010408
ET010401888004,Hashenge,ET010408
ET010401888010,Hayalo_01,ET010408
ET010401888005,Hugum Birda,ET010408
ET010401101001,Ketema Zata,ET010408
ET010401888012,Kidana,ET010408
ET010401888013,Lat,ET010408
ET010401888006,Menkere,ET010408
ET010401888002,Selam Bikalsi,ET010408
ET010401888019,Sesela,ET010408
ET010401888001,Simret,ET010408
ET010401888015,Sofia,ET010408
ET010401888003,Tselgo,ET010408
ET010401888011,Wenberet,ET010408
ET010401888018,Zata,ET010408
ET010406101001,1,ET010409
ET010406101004,2,ET010409
ET010406101002,4,ET010409
ET010406101003,Raya/ Maychew University and Kebele 03,ET010409
ET010407101002,Frekalsi(01),ET010410
ET010407101001,Muse_selam(03),ET010410
ET010407101003,Zikre Siweat(02),ET010410
ET010408101002,1,ET010411
ET010408101003,2,ET010411
ET010408101004,3,ET010411
ET010408101001,4,ET010411
ET010501101001,Adebay,ET010501
ET010501888012,Adi Hrdi,ET010501
ET010501888013,Adi Tsetser,ET010501
ET010501888016,Aydola,ET010501
ET010501201001,Baeker,ET010501
ET010501888001,Bereket,ET010501
ET010501888002,Central,ET010501
ET010501888014,Erob,ET010501
ET010501888005,Fre Selam,ET010501
ET010501888008,Habeshaadigoshu,ET010501
ET010501888004,Hilet Koka,ET010501
ET010501888009,Kunama Adigoshu,ET010501
ET010501301001,May Kadra,ET010501
ET010501888010,May Keyh,ET010501
ET010501888007,May Weyni,ET010501
ET010501888003,Rawyan,ET010501
ET010501888015,Ruwasa,ET010501
ET010501888018,Shgll,ET010501
ET010501888011,Sola,ET010501
ET010501888017,Trkan,ET010501
ET010501888006,Wuhdet,ET010501
ET010502888008,Adiflho,ET010502
ET010502888014,Adigaba,ET010502
ET010502888009,Adijamus,ET010502
ET010502201001,Adiremets,ET010502
ET010502888017,Awerki,ET010502
ET010502888020,Awra,ET010502
ET010502888012,Blambakirshi,ET010502
ET010502888013,Blambamikael,ET010502
ET010502888026,Debremariyam,ET010502
ET010502888022,Dejena,ET010502
ET010502888006,Delesakokah,ET010502
ET010502888019,Endabo,ET010502
ET010502888010,Kisad Delesa,ET010502
ET010502888003,Korarit,ET010502
ET010502888001,Kulita,ET010502
ET010502888007,Laelaymayhumer,ET010502
ET010502101001,May Gaba,ET010502
ET010502888005,Maychea,ET010502
ET010502888027,Maytimket,ET010502
ET010502888024,Midri Weyzero,ET010502
ET010502888002,Mogue,ET010502
ET010502888015,Rubalomin,ET010502
ET010502888018,Salasa Ayna,ET010502
ET010502888016,Selam,ET010502
ET010502888023,Shrela,ET010502
ET010502888021,Shukda,ET010502
ET010502888011,Wefargf,ET010502
ET010502888025,Welel,ET010502
ET010502888004,Wolkite University and Bete Mulu kebele,ET010502
ET010503888021,Adi Bargera,ET010503
ET010503888022,Adi Selam,ET010503
ET010503888012,Alemgenet,ET010503
ET010503888015,Cheguarkudo,ET010503
ET010503888014,Dara,ET010503
ET010503888010,Debrehaweriya,ET010503
ET010503888002,Dedebit,ET010503
ET010503888019,Endamariyam,ET010503
ET010503888017,Endasilasie,ET010503
ET010503888016,Entabela,ET010503
ET010503888008,Gichew,ET010503
ET010503888004,Hadnet,ET010503
ET010503101001,Ketema Dansha,ET010503
ET010503201001,Ketema Ngus,ET010503
ET010503888005,Lekatit,ET010503
ET010503888023,May Agam,ET010503
ET010503888009,Maydele,ET010503
ET010503888001,Maylomen,ET010503
ET010503888011,Maywedisalihay,ET010503
ET010503888018,Medihanialem,ET010503
ET010503888007,Selam,ET010503
ET010503888013,Shehagne,ET010503
ET010503888020,Walika,ET010503
ET010503888003,Werie,ET010503
ET010503888006,Zuriyadansha,ET010503
ET010504101001,Zero And,ET010504
ET010504101003,Zero Arat,ET010504
ET010504101002,Zero Hulet,ET010504
ET010504101004,Zero Sost,ET010504
ET010701888004,Adi Shishay,ET010601
ET010701888010,Adis Alem,ET010601
ET010701888011,Amdi Weyane,ET010601
ET010701888001,Bamba,ET010601
ET010701888020,Berezba,ET010601
ET010701888006,Cheli,ET010601
ET010701888015,Dekera,ET010601
ET010701888007,Esret,ET010601
ET010701888021,Fre Weyane,ET010601
ET010701888012,Hintsa,ET010601
ET010701101001,Ketema Gijet,ET010601
ET010701888017,Lemlem,ET010601
ET010701888016,Lemlem Arena,ET010601
ET010701888003,Maryam Moko,ET010601
ET010701888002,May Kana,ET010601
ET010701888014,May Tekli,ET010601
ET010701888013,Metkellimat,ET010601
ET010701888018,Nebar Hadinet,ET010601
ET010701201001,Samre,ET010601
ET010701888005,Teshi,ET010601
ET010701888008,Waza,ET010601
ET010701888009,Wenberet Adikeala,ET010601
ET010701888019,Weyn,ET010601
ET010704888004,Arato,ET010602
ET010704888013,Cheleqot,ET010602
ET010704888014,Debre Mearnet,ET010602
ET010704888005,Debre Qibie,ET010602
ET010704888006,Derg Ajen,ET010602
ET010704888012,Didba,ET010602
ET010704888002,Felege Mayat,ET010602
ET010704888010,Felege Selam,ET010602
ET010704888009,Kedamay Weyane,ET010602
ET010704888007,Lemlem,ET010602
ET010704888001,Mahbere Genet,ET010602
ET010704888017,May Alem,ET010602
ET010704888016,May Ambesa,ET010602
ET010704888015,May Genet,ET010602
ET010704888008,Menbere Qdusan,ET010602
ET010704888011,Meseret,ET010602
ET010704888003,Messebo,ET010602
ET010702101001,Adigudom,ET010603
ET010702888019,Adikeyih,ET010603
ET010702888020,Adimesno,ET010603
ET010702888006,Amdiweyane,ET010603
ET010702888009,Araasegeda,ET010603
ET010702301001,Bahritseba,ET010603
ET010702888016,Bahritsebageter,ET010603
ET010702888002,Dejen,ET010603
ET010702888008,Fikirealem,ET010603
ET010702888014,Firewoini,ET010603
ET010702888018,Genti,ET010603
ET010702888010,Gonka,ET010603
ET010702888003,Hagereselam,ET010603
ET010702888007,Hareko,ET010603
ET010702888005,Hintalo,ET010603
ET010702201001,Hiwane,ET010603
ET010702888012,Maynebri,ET010603
ET010702888004,Mesanu,ET010603
ET010702888001,Metkel,ET010603
ET010702888013,Muja,ET010603
ET010702888011,Sebebera,ET010603
ET010702888017,Senale,ET010603
ET010702888021,Tsehafti,ET010603
ET010702888015,Wazaadiawana,ET010603
ET010703888011,Adi Azmera,ET010604
ET010703888009,Adi Lal,ET010604
ET010703888007,Adi Walka,ET010604
ET010703888022,Amanit,ET010604
ET010703888008,Arebay,ET010604
ET010703888016,Aregen,ET010604
ET010703888005,Aynnbrkekn,ET010604
ET010703888023,Debre Nazret,ET010604
ET010703888001,Degol Weyane,ET010604
ET010703888010,Emni Ankelalu,ET010604
ET010703888021,Endaslassie,ET010604
ET010703888006,Hadnet,ET010604
ET010703101001,Hagere Selam,ET010604
ET010703888015,Lim At,ET010604
ET010703888003,Mahbereselase,ET010604
ET010703888002,Melfa,ET010604
ET010703888017,Menachqe,ET010604
ET010703888013,Mikealabiy,ET010604
ET010703888018,Mizan,ET010604
ET010703888012,Mizan Brhan,ET010604
ET010703888004,Selam,ET010604
ET010703888014,Seret,ET010604
ET010703888019,Simret,ET010604
ET010703888020,Walta,ET010604
ET010607101002,Abrha,ET010701
ET010607101003,Asmelash,ET010701
ET010607101004,Maytsedo,ET010701
ET010607101001,Shbta,ET010701
ET010606101003,Aynalem,ET010702
ET010606101005,Debri,ET010702
ET010606101001,Maekel Meselteni Teknplogy Masbr and Werie kebele,ET010702
ET010606101002,Metkel,ET010702
ET010606101004,Smret,ET010702
ET010601101002,Adi Ha,ET010703
ET010601101003,Gunbet20,ET010703
ET010601101004,Marta,ET010703
ET010601101001,Maryam Dhan,ET010703
ET010601101005,Sertse,ET010703
ET010604101002,Adishmdhun,ET010704
ET010604101004,Hayelom,ET010704
ET010604101001,Hdase,ET010704
ET010604101003,Momona,ET010704
ET010604101005,Selam,ET010704
ET010605101003,Amora,ET010705
ET010605101001,Debregenet,ET010705
ET010605101004,Hayelom,ET010705
ET010605101005,Hidasie,ET010705
ET010605101002,Tsinateweyane,ET010705
ET010603101002,Hareya,ET010706
ET010603101001,Selam,ET010706
ET010603101004,Walta,ET010706
ET010603101003,Zesilassie,ET010706
ET010602101005,Dedebit,ET010707
ET010602101003,Industry,ET010707
ET010602101002,Lekatit,ET010707
ET010602101001,Meles,ET010707
ET010602101004,Mesfn,ET010707
ET020101888004,Ayirolafina Gebelayitu,ET020101
ET020101888009,Bebedeta Ena Koroliy,ET020101
ET020101888008,Beyahayle,ET020101
ET020101888006,Burumudala Ena Gayidaro,ET020101
ET020101888007,Debele Ena Halebery,ET020101
ET020101888001,Degabana Skoyota,ET020101
ET020101888005,Degana Borso,ET020101
ET020101888011,Detbahriy,ET020101
ET020101888010,Hanakasiy Ena Arado,ET020101
ET020101888002,Seha Ena Guhun,ET020101
ET020101888003,Serdo,ET020101
ET020102888011,Abana Genisera,ET020102
ET020102888001,Adgeno Ena Temekule,ET020102
ET020102888012,Akuline Adado,ET020102
ET020102888002,Burena Daba,ET020102
ET020102888015,Cigarona Tekibo,ET020102
ET020102888013,Dabuna Wuhan,ET020102
ET020102201001,Dicheto,ET020102
ET020102888008,Dobina Paradizo,ET020102
ET020102888014,Dolana Lamasen,ET020102
ET020102101001,Elidar,ET020102
ET020102888006,Emino Na Esona Temik,ET020102
ET020102888010,Galafi Na Gemeri,ET020102
ET020102888004,Gewahna Gebelti,ET020102
ET020102888003,Manda Ena Musa Ali,ET020102
ET020102888007,Meskana Geleblu,ET020102
ET020102888005,Sueula Ena Asaeilu,ET020102
ET020102888009,Wuhalimat(buldugum),ET020102
ET020110101007,Abro-Beri Fage,ET020103
ET020110101002,Amol Doruwa,ET020103
ET020110101004,Biri Daba,ET020103
ET020110101003,Gugubiya,ET020103
ET020110101005,Hadele Gera,ET020103
ET020110101001,Kulisu Koma,ET020103
ET020110101006,Sisele Demum,ET020103
ET020104888001,Allassabolo,ET020104
ET020104888005,Deka,ET020104
ET020104888004,Geneti,ET020104
ET020104888007,Harrissa,ET020104
ET020104101001,Humodoyta,ET020104
ET020104888002,Humodoyta,ET020104
ET020104888006,Hurrugubi,ET020104
ET020104888003,Mego,ET020104
ET020105888014,Adaytu,ET020105
ET020105888011,Adaytu Ena Ledi,ET020105
ET020105888010,Asmehamedkudi Na Keaylu,ET020105
ET020105888002,Bekeridear,ET020105
ET020105888012,Derebnuna Meguda,ET020105
ET020105888008,Deyluna Geraro,ET020105
ET020105888013,Fayaburina Manat,ET020105
ET020105888001,Gegana Burtele,ET020105
ET020105888009,Gerarona Aneakelo,ET020105
ET020105888005,Gesiyona Leas,ET020105
ET020105888006,Gewtona Merga,ET020105
ET020105888004,Harsis Na Bedalo,ET020105
ET020105888003,Hintimegeyta,ET020105
ET020105101001,Zero One,ET020105
ET020106888010,Adar Ena Alsia,ET020106
ET020106888002,Afuma Ena Tibedeha,ET020106
ET020106888018,Amuli,ET020106
ET020106888015,Anderkelo,ET020106
ET020106888005,Askoma,ET020106
ET020106101001,Chifra 01,ET020106
ET020106888012,Dirgira,ET020106
ET020106888001,Garanaena Kuntela,ET020106
ET020106888006,Gerirona Wekelo,ET020106
ET020106888011,Guraala,ET020106
ET020106888014,Meglala,ET020106
ET020106888003,Meroli Ena Asregid,ET020106
ET020106888004,Mesgido,ET020106
ET020106888017,Semsem,ET020106
ET020106888007,Teaboji Ena Habetlole,ET020106
ET020106888008,Tegirty,ET020106
ET020106888013,Wanabana Robla,ET020106
ET020106888016,Weama Ena Ader Kelo,ET020106
ET020106888009,Yealo,ET020106
ET020111101005,Alganeta,ET020107
ET020111101002,Aradona Ali Etsha,ET020107
ET020111101004,Dala,ET020107
ET020111101003,Gale Meda,ET020107
ET020111101001,Galeli Buri,ET020107
ET020111101007,Kodoto,ET020107
ET020111101006,Manet,ET020107
ET020107888009,Abudeli,ET020108
ET020107888010,Adeali,ET020108
ET020107888001,Aguhi,ET020108
ET020107888015,Asa,ET020108
ET020107888011,Daba,ET020108
ET020107888005,Dabesima,ET020108
ET020107888007,edile/korina,ET020108
ET020107888004,Guluble,ET020108
ET020107888003,Guyah,ET020108
ET020107888006,Kori,ET020108
ET020107888012,Lubekda,ET020108
ET020107888014,Musle,ET020108
ET020107888013,Okoreye,ET020108
ET020107888002,Teasuli,ET020108
ET020107888008,Tendawo ena hasabuye,ET020108
ET020108888005,Adaytu Ena Abako,ET020109
ET020108888006,Adear,ET020109
ET020109888010,Asmera,ET020109
ET020108888011,Burka,ET020109
ET020108888012,Busedima,ET020109
ET020109888009,Ehaile,ET020109
ET020108101001,Eliweha_01,ET020109
ET020109888004,Eroli,ET020109
ET020109888007,Fealu,ET020109
ET020109888005,Gelato,ET020109
ET020109101001,Gewili,ET020109
ET020108888007,Hada Buta Ena Bolotamo,ET020109
ET020108888001,Hado,ET020109
ET020108888004,Ledi,ET020109
ET020109888006,Manet,ET020109
ET020109888002,Megenta,ET020109
ET020108888010,Neile,ET020109
ET020109888008,Senganasolis,ET020109
ET020108888003,Siyelunaweki,ET020109
ET020109888003,Tangayecoma,ET020109
ET020109888001,Tewoo,ET020109
ET020108888009,Wa'antu Ena Fursa,ET020109
ET020108888002,Woransona Hormati,ET020109
ET020108888008,Yeldi,ET020109
ET020103888005,Berga,ET020111
ET020103888001,Galifage,ET020111
ET020103888003,Gehertu,ET020111
ET020103888010,Gelealo,ET020111
ET020103888004,Handeg,ET020111
ET020103888002,Hinele,ET020111
ET020103888006,Kerebuda,ET020111
ET020103888008,Keredura,ET020111
ET020103888009,Mamule,ET020111
ET020103888007,Romayto,ET020111
ET020201888004,Adu,ET020201
ET020201888013,Alayta,ET020201
ET020201888007,Albo,ET020201
ET020201888010,Andergolo,ET020201
ET020201888009,Arodele,ET020201
ET020201888008,Bahri,ET020201
ET020201888001,Daligeso,ET020201
ET020201888002,Embile,ET020201
ET020201888006,Erebti,ET020201
ET020201888011,Faiytu,ET020201
ET020201888005,Garbena,ET020201
ET020201888012,Hayten,ET020201
ET020201888003,La 'ad,ET020201
ET020202201001,Adedena Feres Degie,ET020202
ET020202888004,Alheena,ET020202
ET020202101001,Belbel Ena Konaba,ET020202
ET020202888002,Fisho,ET020202
ET020202888001,Goaa ena gedahara,ET020202
ET020202888005,Uruhi ena adegahino,ET020202
ET020202888003,Wahides,ET020202
ET020203888001,Adkelu,ET020203
ET020203888009,Galeyso,ET020203
ET020203888003,Gube,ET020203
ET020203888011,Hariden,ET020203
ET020203888010,Mireyle,ET020203
ET020203888002,Wesema,ET020203
ET020204101001,Adu,ET020204
ET020204888006,Aradu,ET020204
ET020204888005,Bubush,ET020204
ET020204888002,Faro,ET020204
ET020204888003,Gimerida,ET020204
ET020204888007,Hida,ET020204
ET020204888004,Limo,ET020204
ET020204888001,Tonsa,ET020204
ET020205888009,Ala,ET020205
ET020205101001,Berehale 01,ET020205
ET020205888007,Burie,ET020205
ET020205888003,Dear,ET020205
ET020205888008,Doda ala,ET020205
ET020205888005,guben,ET020205
ET020205888002,Korana adobya,ET020205
ET020205888006,Lela ala,ET020205
ET020205888004,Sarae,ET020205
ET020205888001,Sebana demale,ET020205
ET020206888012,Adharo,ET020206
ET020206101001,Adikuwa,ET020206
ET020206888001,Aindib,ET020206
ET020206888013,Asagara,ET020206
ET020206888005,Bada irimile,ET020206
ET020206888004,Badda adimirug,ET020206
ET020206888011,Barihe,ET020206
ET020206888006,Beheyta,ET020206
ET020206888007,Elifan ena kuleli,ET020206
ET020206888003,Gerset,ET020206
ET020206888002,Leasgedy,ET020206
ET020206888009,Mao,ET020206
ET020206888010,Sebiba,ET020206
ET020206888008,Sinbelele,ET020206
ET020207888008,Adihela,ET020207
ET020207101001,Aligenda,ET020207
ET020207888009,Aligenda,ET020207
ET020207888002,Argale,ET020207
ET020207888004,Ayturaha,ET020207
ET020207888003,Dabure,ET020207
ET020207888005,Harsuma,ET020207
ET020207888007,Kusruwad,ET020207
ET020207888001,Namagub,ET020207
ET020207888006,Yalibahe,ET020207
ET020208888002,Agum,ET020208
ET020208888006,Aleb,ET020208
ET020208888001,Arorena Teetali,ET020208
ET020208888004,Bereali,ET020208
ET020208888003,Bure,ET020208
ET020208888005,Mogrosna Musala,ET020208
ET020208101001,Sodonta,ET020208
ET020208888007,Tiyo,ET020208
ET020209101007,Asalil,ET020209
ET020209101002,Asangula,ET020209
ET020209101005,Dear Ara,ET020209
ET020209101006,Engela,ET020209
ET020209101008,Haremeli,ET020209
ET020209101004,Hidimu,ET020209
ET020209101001,Murga,ET020209
ET020209101003,Urkudu,ET020209
ET020301888009,Aabil,ET020301
ET020301501001,Andido,ET020301
ET020301888003,Angelele,ET020301
ET020301101001,Awash Arba,ET020301
ET020301888008,Badahamo,ET020301
ET020301888011,Bedelu Ale,ET020301
ET020301888006,Bonta,ET020301
ET020301601001,Gedamaytu,ET020301
ET020301888001,Gelsa,ET020301
ET020301888010,Haleysumale,ET020301
ET020301888012,Hali Dege,ET020301
ET020301888002,Halidebi,ET020301
ET020301888005,Hasoba,ET020301
ET020301888004,Kelati Buri,ET020301
ET020301888007,Koma Gidaro,ET020301
ET020301301001,Serkamo,ET020301
ET020301401001,Sidhafage,ET020301
ET020301201001,Weror,ET020301
ET020302888002,Bolyta,ET020302
ET020302888004,Diho,ET020302
ET020302888005,Dudub,ET020302
ET020302888001,Kebena,ET020302
ET020302888003,Sabure,ET020302
ET020303888008,Adbaro,ET020303
ET020303888007,Bieda,ET020303
ET020303888006,Bireforo,ET020303
ET020303888002,Gebyabora,ET020303
ET020303888003,Gelila Dora,ET020303
ET020303201001,Gewane 01,ET020303
ET020303888009,Hundufo,ET020303
ET020303888001,Kada Bada,ET020303
ET020303101001,Meteka,ET020303
ET020303888005,Ourafita,ET020303
ET020303888004,Yegile,ET020303
ET020304888005,Asbehari,ET020304
ET020304888002,Burtele,ET020304
ET020304888001,Dire,ET020304
ET020304888011,Durifli,ET020304
ET020304888003,Garbuhaf,ET020304
ET020304888009,Hugub,ET020304
ET020304888007,Hurunto,ET020304
ET020304888006,Isi kelile,ET020304
ET020304888008,Kefis idele,ET020304
ET020304888010,Seganto,ET020304
ET020304888004,Tirtira,ET020304
ET020304101001,Zero One,ET020304
ET020307888005,Adlelita,ET020305
ET020307888013,Bedafero,ET020305
ET020307888002,Buri,ET020305
ET020307888006,Burka,ET020305
ET020307101001,Debel,ET020305
ET020307888008,Dengelegita,ET020305
ET020307888007,Derabto,ET020305
ET020307888001,Diyara,ET020305
ET020307201001,Gefrem,ET020305
ET020307301001,Gelalonaserakoma,ET020305
ET020307888012,Hingeg,ET020305
ET020307888010,Kodie,ET020305
ET020307888009,Moriburi,ET020305
ET020307888003,Rebena Segento,ET020305
ET020307888011,Subulenawenahara,ET020305
ET020307888004,Tutli,ET020305
ET020306888008,Abali,ET020306
ET020306888011,Bilu,ET020306
ET020306888003,Cheno,ET020306
ET020306888012,Chisa,ET020306
ET020306888005,Coca,ET020306
ET020306888006,Debreko,ET020306
ET020306101001,Gachene,ET020306
ET020306888002,Geberoch,ET020306
ET020306888004,Goze,ET020306
ET020306888009,Lay Metekleya,ET020306
ET020306888007,Sufi Ager,ET020306
ET020306888010,Tach Metekleya,ET020306
ET020306888001,Werkamba,ET020306
ET020305101003,Kebele 01,ET020396
ET020305101002,Kebele 02,ET020396
ET020305101004,Kebele 03,ET020396
ET020305101005,Kebele 04,ET020396
ET020305101006,Kebele 05,ET020396
ET020305101007,Kebele 06,ET020396
ET020305101001,Kebele 07,ET020396
ET020401888008,Alibery Mesgid,ET020401
ET020401888005,Debel,ET020401
ET020401101001,Derayitu,ET020401
ET020401888004,Fentona Asela,ET020401
ET020401888009,Hida,ET020401
ET020401888003,Hidelu,ET020401
ET020401888007,Lekora,ET020401
ET020401888006,Lekuma,ET020401
ET020401888001,Sidehamelef,ET020401
ET020401888002,Urikumam,ET020401
ET020402888002,Adegna badola,ET020402
ET020402101001,Alele Subula,ET020402
ET020402888008,Bilu,ET020402
ET020402888007,Bolotom,ET020402
ET020402888004,Burka,ET020402
ET020402888006,Buty,ET020402
ET020402888010,Duba,ET020402
ET020402888003,Fiyalo,ET020402
ET020402888001,Huletegna badola,ET020402
ET020402888005,Kufuburu,ET020402
ET020402888009,Regden,ET020402
ET020403101001,Alelo,ET020403
ET020403888006,Asabera,ET020403
ET020403888001,Awadi,ET020403
ET020403888004,Barantu,ET020403
ET020403888003,Boyena,ET020403
ET020403888007,Debaho,ET020403
ET020403888009,Digidiga,ET020403
ET020403888011,Drmana,ET020403
ET020403888008,Mebay,ET020403
ET020403888002,Merarmer,ET020403
ET020403888010,Nemeara,ET020403
ET020403888005,Yeedilul,ET020403
ET020404201001,Dibina,ET020404
ET020404888002,Gidela,ET020404
ET020404888003,Kalina gabule,ET020404
ET020404101001,Mesgid,ET020404
ET020404888005,Rekerek,ET020404
ET020404888006,Rekub dora,ET020404
ET020404888004,Udayile,ET020404
ET020404888001,Wale,ET020404
ET020405888006,Ayganaburteli,ET020405
ET020405888001,Botenina sebat,ET020405
ET020405888007,Derayitu,ET020405
ET020405888002,Fokisa,ET020405
ET020405888005,Galikoma,ET020405
ET020405888003,Harigerbo,ET020405
ET020405888004,Kelewan,ET020405
ET020405101001,Kelewan01,ET020405
ET020405888008,Mulinasali,ET020405
ET020501888008,Adalili ena dewe,ET020501
ET020501888006,Awarie ena lemelfen,ET020501
ET020501888011,Fero ena megenta,ET020501
ET020501888001,Gewusina hamedidas,ET020501
ET020501888007,Geysu ena dawe,ET020501
ET020501888009,Helbinawale,ET020501
ET020501888010,Heribeto ena rassa,ET020501
ET020501888004,Kululi ena datakalaytu,ET020501
ET020501101001,Nemalefen,ET020501
ET020501888003,Oudelnasebole,ET020501
ET020501888005,Telalak ena abaro,ET020501
ET020501888002,Weyidelale ena yealu,ET020501
ET020502888001,Adadlehengeg Ena Sinkile,ET020502
ET020502888009,Asgefen,ET020502
ET020502888004,Bohale Amayto,ET020502
ET020502888010,Bortidas Ena Galifage,ET020502
ET020502888003,Dalety,ET020502
ET020502888008,Fentida,ET020502
ET020502888002,Fentigera,ET020502
ET020502101001,Harihamora Na Hamergera,ET020502
ET020502888006,Hotimero,ET020502
ET020502888005,Kumaber,ET020502
ET020502888011,Melkajeba Ena Gelealu,ET020502
ET020502888007,Semu Kedabura,ET020502
ET020503888003,Adallilina woderage,ET020503
ET020503888009,Deweborana kobat,ET020503
ET020503888001,Eyaledina gandawri,ET020503
ET020503888007,Gedansanaforoskori,ET020503
ET020503888004,Halbina senkokor,ET020503
ET020503888008,Kahartunatutoli,ET020503
ET020503888002,Kelentina na dersada,ET020503
ET020503888010,Kilolunagamura,ET020503
ET020503888005,Wahilonagedele,ET020503
ET020503101001,Wederage,ET020503
ET020503888006,yomidana kobaakoma,ET020503
ET020504888005,Aabel gomona foruhaf,ET020504
ET020504888001,Asiharana dunti,ET020504
ET020504888004,Atayena anbosi,ET020504
ET020504888011,Atayena dulaale,ET020504
ET020504888006,Biluna dermina,ET020504
ET020504101001,Dalifage Kebele01,ET020504
ET020504888010,Fahya ena kaniadis,ET020504
ET020504888003,Ferhenona gewane,ET020504
ET020504888002,Hadona bidarie,ET020504
ET020504888009,Umeda kosore dora,ET020504
ET020504888008,Wei ke adigontole,ET020504
ET020504888007,Welgelina jara,ET020504
ET020505888004,Abakibra,ET020505
ET020505888003,Ataye ena arewa,ET020505
ET020505888002,Beriy,ET020505
ET020505888001,Bohili,ET020505
ET020505888010,Direala,ET020505
ET020505888006,Eilabiha,ET020505
ET020505101001,Hadele'ela_ketema,ET020505
ET020505888007,Hadelela,ET020505
ET020505888011,Haftuha,ET020505
ET020505888009,Inaeito,ET020505
ET020505888005,Lelida,ET020505
ET020505888008,Serget,ET020505
ET020601888001,Adedera Ena Ayneburi,ET020601
ET020601101002,Alaytole Gomo/ Semera 01 Kebele,ET020601
ET020601888003,Asboda,ET020601
ET020601101005,Asmum Fodo Ena Hadedera/Logia 03 Kebele,ET020601
ET020601101004,Boluham Ena Markeloburi/Logia 02 Kebele,ET020601
ET020601101003,Lubaburina Asegertu/Logia 01 Kebele,ET020601
ET020601101001,Semera University and Hayukele/Samera 02 Kebele,ET020601
ET020601888002,Wediba Dora,ET020601
ET030101888010,Aba Mar,ET030101
ET030101888009,Adi Aregay,ET030101
ET030101101001,Adi Arkay Ketema 01,ET030101
ET030101101002,Adi Arkay Ketema 02,ET030101
ET030101888015,Agidamiya,ET030101
ET030101888001,Alie Tara,ET030101
ET030101888002,Alie Tesafahawariyat,ET030101
ET030101888017,Angua,ET030101
ET030101888008,Bere Maryam,ET030101
ET030101888007,Chew Ber,ET030101
ET030101888005,Fidka,ET030101
ET030101888012,Hawaza,ET030101
ET030101888018,Kerneja,ET030101
ET030101888019,Meka 9 Chika,ET030101
ET030101888013,Meni Wonbergie,ET030101
ET030101888006,Nebira,ET030101
ET030101888003,Sank,ET030101
ET030101888004,Sekaniba,ET030101
ET030101888016,Sera Gudela,ET030101
ET030101888014,Teta Fereqoura,ET030101
ET030101201001,Zarema,ET030101
ET030101888011,Ziwa,ET030101
ET030102888013,Abare,ET030102
ET030102888014,Adilemlem,ET030102
ET030102888016,Ayga Atere,ET030102
ET030102888019,Bashaye,ET030102
ET030102888018,Beya,ET030102
ET030102888011,Beyeda,ET030102
ET030102888006,Guaynt,ET030102
ET030102888017,Janbelew,ET030102
ET030102888007,Lwarie,ET030102
ET030102888010,Matiba,ET030102
ET030102888008,Medebay,ET030102
ET030102888012,Melbakara,ET030102
ET030102888003,Meleb,ET030102
ET030102888002,Sabra,ET030102
ET030102888004,Segenet,ET030102
ET030102888009,Selwa,ET030102
ET030102888020,Tachambe,ET030102
ET030102888005,Tezen,ET030102
ET030102888001,Tiguna,ET030102
ET030102888021,Wana Maryam,ET030102
ET030102888015,Wati,ET030102
ET030102101001,Watiy_02,ET030102
ET030103888016,Adibegedu,ET030103
ET030103888021,Adigecha,ET030103
ET030103888023,Aregay,ET030103
ET030103888034,Asenga,ET030103
ET030103888004,Ategeba,ET030103
ET030103888037,Awechara,ET030103
ET030103888005,Ayteter,ET030103
ET030103888006,Bahir Amba,ET030103
ET030103888012,Barna,ET030103
ET030103888026,Betezaz,ET030103
ET030103888036,Chocha,ET030103
ET030103888002,Debel,ET030103
ET030103888033,Denat,ET030103
ET030103888011,Denkolako,ET030103
ET030103888019,Deresgia,ET030103
ET030103888010,Dorena,ET030103
ET030103888028,Elwa,ET030103
ET030103888015,Enchetkab,ET030103
ET030103888030,Gashajagra,ET030103
ET030103888022,Genz,ET030103
ET030103888035,Gurgur,ET030103
ET030103888007,Kilil,ET030103
ET030103888029,Koga,ET030103
ET030103888014,Kumbel,ET030103
ET030103888018,Lega,ET030103
ET030103888001,Lory,ET030103
ET030103888003,Maje,ET030103
ET030103888024,Marantoni,ET030103
ET030103888013,Mare Wenz,ET030103
ET030103101001,Mekaneberehan,ET030103
ET030103888020,Robgebia,ET030103
ET030103888032,Sabra,ET030103
ET030103888009,Sakeba,ET030103
ET030103888031,Serebar,ET030103
ET030103888027,Wasel,ET030103
ET030103888017,Weyena,ET030103
ET030103888008,Zakilta,ET030103
ET030103888025,Zawelakurana,ET030103
ET030104888005,Abay Sekar,ET030104
ET030104888024,Abergina,ET030104
ET030104888011,Abraham,ET030104
ET030104888012,Adagat,ET030104
ET030104888023,Addisgie,ET030104
ET030104888026,Adebabay Tsiyon,ET030104
ET030104888010,Adigagira,ET030104
ET030104888002,Adirtsan,ET030104
ET030104888025,Arginjona,ET030104
ET030104888006,Asabo,ET030104
ET030104888027,Beles,ET030104
ET030104888004,Charduka,ET030104
ET030104888001,Daldima,ET030104
ET030104888003,Dawe,ET030104
ET030104888021,Debir,ET030104
ET030104888015,Dib Bahr,ET030104
ET030104888013,Dimto,ET030104
ET030104888029,Gomiya,ET030104
ET030104888007,Jirosen,ET030104
ET030104888009,Kebsha,ET030104
ET030104888019,Kino Mender 1,ET030104
ET030104888018,Kino Mender 2,ET030104
ET030104888032,Loma,ET030104
ET030104888017,Mikara,ET030104
ET030104888022,Mili Gebsa,ET030104
ET030104888030,Qoha Zebzeba,ET030104
ET030104888028,Segie,ET030104
ET030104888031,Sera Midr Gemes,ET030104
ET030104888008,Tirayhena,ET030104
ET030104888014,Wuraba,ET030104
ET030104888020,Yekirar Woganba,ET030104
ET030104888016,Zebena,ET030104
ET030105888016,Abtera,ET030105
ET030105888001,Aditewulign,ET030105
ET030105888029,Ambadiensa,ET030105
ET030105888002,Arade,ET030105
ET030105888003,Ayrefeda,ET030105
ET030105888019,Benker,ET030105
ET030105888007,Bentero,ET030105
ET030105888011,Bera,ET030105
ET030105888021,Chamblgie,ET030105
ET030105888020,Charbita,ET030105
ET030105888018,Chila,ET030105
ET030105888006,Chilay Diba,ET030105
ET030105888014,China,ET030105
ET030105888017,Dabat Zuria,ET030105
ET030105888022,Dara,ET030105
ET030105888028,Defia,ET030105
ET030105888024,Dekua,ET030105
ET030105888030,Deromamay,ET030105
ET030105888010,Gewtamba,ET030105
ET030105888004,Guchereb,ET030105
ET030105888009,Gurnamba,ET030105
ET030105888025,Janbelew,ET030105
ET030105888027,Karha,ET030105
ET030105888005,Kenta,ET030105
ET030105888013,Lay Arebur,ET030105
ET030105888008,Sebentera,ET030105
ET030105888012,Tach Arebur,ET030105
ET030105888023,Talak Mesk,ET030105
ET030105888026,Tenseye,ET030105
ET030105101001,Wekn Ketama,ET030105
ET030105888015,Wekn Zuria,ET030105
ET030106888012,Abna,ET030106
ET030106888001,Adi Selam,ET030106
ET030106888009,Adimhiret,ET030106
ET030106888016,Ageta,ET030106
ET030106888017,Akuna,ET030106
ET030106888004,Ateba,ET030106
ET030106888011,Avera,ET030106
ET030106888024,Beskiya,ET030106
ET030106888023,Betel,ET030106
ET030106888020,Bila,ET030106
ET030106888008,Chinfra,ET030106
ET030106101001,Dejachmeda,ET030106
ET030106888015,Dereba,ET030106
ET030106888022,Erin,ET030106
ET030106888002,Gicha,ET030106
ET030106888013,Gilbena,ET030106
ET030106888014,Kerwa,ET030106
ET030106888006,Lawkiya,ET030106
ET030106888021,Merew,ET030106
ET030106888003,Negadiemeshageria,ET030106
ET030106888007,Tara,ET030106
ET030106888019,Tebela,ET030106
ET030106888010,Ternasha,ET030106
ET030106888018,Tiver,ET030106
ET030106888005,Zej,ET030106
ET030107101002,1,ET030107
ET030107101003,3,ET030107
ET030107101001,Kebele 02 and Debark collage,ET030107
ET030108101002,1,ET030108
ET030108101003,2,ET030108
ET030108101001,3,ET030108
ET030108101004,4,ET030108
ET030201101002,1,ET030201
ET030201101001,2,ET030201
ET030201888009,Ababiklia,ET030201
ET030201888017,Abegelidi,ET030201
ET030201888007,Abina,ET030201
ET030201888008,Aderseg,ET030201
ET030201888001,Akuwashimoch,ET030201
ET030201888029,Amstiya,ET030201
ET030201888014,Ayihaakuha,ET030201
ET030201888006,Balarib,ET030201
ET030201888003,Birkoch,ET030201
ET030201888019,Debirabajalie,ET030201
ET030201888023,Deregeha,ET030201
ET030201888026,Ebachiko,ET030201
ET030201888015,Gelamatebiya,ET030201
ET030201888027,Gunaguna,ET030201
ET030201888018,Jiman,ET030201
ET030201888004,Kita,ET030201
ET030201888016,Lusina,ET030201
ET030201888022,Mechena,ET030201
ET030201888005,Nikuaracheberigie,ET030201
ET030201888024,Selamayalanko,ET030201
ET030201888020,Serawudi,ET030201
ET030201888025,Shumigiesarniko,ET030201
ET030201888012,Taresniba,ET030201
ET030201888002,Tigagie,ET030201
ET030201888011,Wagie,ET030201
ET030201888028,Wareva,ET030201
ET030201888010,Wergaja,ET030201
ET030201888013,Wonberochwoftema,ET030201
ET030201888021,Ziha,ET030201
ET030202888011,Agela Mantogera,ET030202
ET030202888015,Agid,ET030202
ET030202888028,Agita,ET030202
ET030202201001,Ambomeda,ET030202
ET030202888008,Ameno,ET030202
ET030202888025,Angut,ET030202
ET030202888006,Astamariam,ET030202
ET030202888020,Banbiko,ET030202
ET030202888002,Bilibwuha,ET030202
ET030202888026,Bira Abo,ET030202
ET030202888031,Birkutie,ET030202
ET030202888024,Bura,ET030202
ET030202888010,Derita,ET030202
ET030202888029,Estifanos,ET030202
ET030202888019,Gende Wuha,ET030202
ET030202888013,Ginaza,ET030202
ET030202888003,Goza Egizabher Abi,ET030202
ET030202888017,Kab,ET030202
ET030202888016,Kirgna,ET030202
ET030202888009,Libo,ET030202
ET030202888007,Martadious,ET030202
ET030202888001,Mendere Mariam,ET030202
ET030202888004,Mikael Debre,ET030202
ET030202888005,Mytad,ET030202
ET030202888030,Shamo,ET030202
ET030202888027,Shehoch Tehara,ET030202
ET030202888021,Shina Tsiyon,ET030202
ET030202888012,Taragedam,ET030202
ET030202888022,Tibaga,ET030202
ET030202888018,Tiezamba,ET030202
ET030202888014,Wushatirs,ET030202
ET030202101001,Yifag,ET030202
ET030202888023,Yifag Akababe,ET030202
ET030203888025,Abagunda Sendega,ET030203
ET030203888027,Abakiros,ET030203
ET030203888009,Adisbetekrstiyan,ET030203
ET030203101001,Alember,ET030203
ET030203888022,Alemeber Zuriya,ET030203
ET030203888019,Anguko,ET030203
ET030203888031,Arida,ET030203
ET030203888028,Bebekis,ET030203
ET030203888021,Chalima Dimu,ET030203
ET030203888011,Diba,ET030203
ET030203888006,Eribkidanemihret,ET030203
ET030203888032,Gazhin,ET030203
ET030203888030,Guramba,ET030203
ET030203888020,Hagereselam,ET030203
ET030203888016,Kidist Hana,ET030203
ET030203888024,Kinti,ET030203
ET030203888003,Kokit,ET030203
ET030203888014,Kuhar Abo,ET030203
ET030203888018,Kuhare Mikael,ET030203
ET030203301001,Maksegn,ET030203
ET030203888026,Meneguzer,ET030203
ET030203888033,Merewa,ET030203
ET030203888023,Mintura,ET030203
ET030203888001,Nabega,ET030203
ET030203888005,Ribb Gebrel,ET030203
ET030203888002,Shaga Maryam,ET030203
ET030203888015,Shina,ET030203
ET030203888004,Sifatra,ET030203
ET030203888029,Sostu Delmo,ET030203
ET030203888012,Tihua Zakena,ET030203
ET030203888017,Wagetera,ET030203
ET030203888010,Woji Arba Amba,ET030203
ET030203888013,Woreta Zuriya,ET030203
ET030203888007,Wotenb,ET030203
ET030203888008,Zeneg,ET030203
ET030204888028,Adis Betekiristian,ET030204
ET030204888009,Aringo,ET030204
ET030204888024,Awezet,ET030204
ET030204888001,Ayvaniva,ET030204
ET030204888005,Buro,ET030204
ET030204888018,Debre Tabor Eyesus,ET030204
ET030204888008,Dengors,ET030204
ET030204888023,Deremo Askuma,ET030204
ET030204888020,Embayeko,ET030204
ET030204888015,Endirgie,ET030204
ET030204888014,Farta Kuskuam,ET030204
ET030204888029,Gena Mechawecha,ET030204
ET030204888019,Girebe,ET030204
ET030204101001,Gsasy,ET030204
ET030204888012,Heruy Aba Aregay,ET030204
ET030204888003,Jara Shekra,ET030204
ET030204888017,Kanat,ET030204
ET030204888007,Koley,ET030204
ET030204888004,Limado,ET030204
ET030204888031,Mahedere Mariam,ET030204
ET030204888026,Maynet,ET030204
ET030204888002,Medeb Gubda,ET030204
ET030204888032,Meskel Tsion,ET030204
ET030204888021,Qualeha,ET030204
ET030204888016,Sahirna,ET030204
ET030204888010,Segur Adeko,ET030204
ET030204888027,Simina,ET030204
ET030204888025,Soras,ET030204
ET030204888006,Teraroch,ET030204
ET030204888022,Werkin,ET030204
ET030204888013,Wewa Magera,ET030204
ET030204888011,Weybla Selameko,ET030204
ET030204888030,Zimeha,ET030204
ET030205888002,Abiarbi Kebele(24),ET030205
ET030205301001,Agregenet,ET030205
ET030205888020,Agregenet Kebele(03),ET030205
ET030205888024,Aka Bet Keble(09),ET030205
ET030205888017,Anba-mariam Kebele(16),ET030205
ET030205888010,Anbeshet Kebele(17),ET030205
ET030205888031,Antaryia Keble(06),ET030205
ET030205888016,Argie Beras Kebele(14),ET030205
ET030205888021,Barziba Kebele(27),ET030205
ET030205888003,Boda Kebele(29),ET030205
ET030205801001,Checheho,ET030205
ET030205888012,Checheo Kebele(19),ET030205
ET030205888001,Debresina Kebele(26),ET030205
ET030205888013,Ganga Kebele(17),ET030205
ET030205101001,Gobgob,ET030205
ET030205888029,Guna Keble(10),ET030205
ET030205888028,Guzana Shedo Keble(11),ET030205
ET030205888015,Mayderfa Keble(31),ET030205
ET030205888014,Mengolyia Kebele(18),ET030205
ET030205888018,Mequabiya Kebele(02),ET030205
ET030205888011,Meskench Kebele(20),ET030205
ET030205888026,Minch Whua Keble(12),ET030205
ET030205888019,Moseb Terara Keble(01),ET030205
ET030205888006,Safda Kebele(21),ET030205
ET030205201001,Sali,ET030205
ET030205701001,Segno Gebeya,ET030205
ET030205888004,Segno Gebya Kebele(23),ET030205
ET030205888009,Setla Kebele(07),ET030205
ET030205888005,Sofya Meda Kebele(22),ET030205
ET030205888008,Titaro Kebele(05),ET030205
ET030205888022,Titira Kebele(04),ET030205
ET030205401001,Welela Bahir,ET030205
ET030205888030,Welela Bahir Keble(15),ET030205
ET030205888027,Yedero Kebele(13),ET030205
ET030205888023,Yezuher Keble(30),ET030205
ET030205601001,Zagoch,ET030205
ET030205888007,Zagoch Kebele(25),ET030205
ET030205888025,Zuramba Keble(08),ET030205
ET030206888013,Fenta,ET030206
ET030206101002,Kebele-01,ET030206
ET030206888010,Kebele-02 (enjit ),ET030206
ET030206101001,Kebele-02(ambesa Maserya),ET030206
ET030206888005,Kebele-03 (kut Mender),ET030206
ET030206888004,Kebele-04(beteyohans),ET030206
ET030206888015,Kebele-05 (anseta),ET030206
ET030206888008,Kebele-06 (eskndrawit),ET030206
ET030206888009,Kebele-07 (aketo),ET030206
ET030206888006,Kebele-08 (zhazhe ),ET030206
ET030206888016,Kebele-09 (bienat),ET030206
ET030206888018,Kebele-10 (endwa),ET030206
ET030206888017,Kebele-11 (magesa),ET030206
ET030206888014,Kebele-12(aduka),ET030206
ET030206888011,Kebele-13(agat),ET030206
ET030206888003,Kebele-14 (gomengie),ET030206
ET030206888012,Kebele-15 (efirata),ET030206
ET030206888002,Kebele_16 (bethelem),ET030206
ET030206888007,Kulala,ET030206
ET030206888001,Sheha,ET030206
ET030208888014,Achikan,ET030207
ET030208888019,Agamach,ET030207
ET030208888033,Agatesho,ET030207
ET030208601001,Agona,ET030207
ET030208888027,Agona Kostet,ET030207
ET030207888016,Aje,ET030207
ET030208888005,Alemeya,ET030207
ET030208888008,Amjaye,ET030207
ET030208888026,Angachat,ET030207
ET030207888002,Argana Ashera,ET030207
ET030208888003,Arida,ET030207
ET030207888005,Asefa Meda,ET030207
ET030208888040,Asimera,ET030207
ET030207888003,Bazera Meda,ET030207
ET030208888007,Belta,ET030207
ET030208888023,Berkut,ET030207
ET030207101002,Bet Nora,ET030207
ET030207888017,Bisache,ET030207
ET030208888013,Dagut,ET030207
ET030208888036,Danba Kasaye,ET030207
ET030208888017,Dat,ET030207
ET030208888016,Debana,ET030207
ET030208888037,Debre Zuwana,ET030207
ET030208888034,Debreselam,ET030207
ET030208888020,Dengolt,ET030207
ET030207101001,Denk Gora,ET030207
ET030208888018,Deskua,ET030207
ET030208888032,Dinkusa,ET030207
ET030207888004,Dubdubiya,ET030207
ET030208888028,Durgemashent,ET030207
ET030208888015,Elet,ET030207
ET030207888010,Embatamie Eyesus,ET030207
ET030207888008,Engudadar,ET030207
ET030208888010,Gedayat,ET030207
ET030208888024,Gena Mamicha,ET030207
ET030207888006,Gerariya,ET030207
ET030208888002,Ginda Tamam,ET030207
ET030207888025,Gosh Meda,ET030207
ET030208888022,Goshi Beret,ET030207
ET030207888015,Gujegn,ET030207
ET030207888021,Gulte,ET030207
ET030207888026,Janba,ET030207
ET030208501001,Jiba Asira,ET030207
ET030208888004,Jibasira,ET030207
ET030207888012,Kachena Eyesus,ET030207
ET030207888013,Kindomeda,ET030207
ET030207888007,Kis Wuha,ET030207
ET030208401001,Koma,ET030207
ET030208888041,Kometseabej,ET030207
ET030208888029,Lebet Eslam Hager,ET030207
ET030207888020,Leuele Semira,ET030207
ET030208101001,Lewaye,ET030207
ET030208888009,Lewaye,ET030207
ET030208888001,Licha,ET030207
ET030208301001,Licha Sinehiwote,ET030207
ET030208888035,Lmon,ET030207
ET030208888039,Madoye,ET030207
ET030208888012,Mekane Eyesus,ET030207
ET030207888018,Mekedese Mariam,ET030207
ET030207888019,Mendik Hana,ET030207
ET030207201001,Meramie,ET030207
ET030208201001,Mikre,ET030207
ET030208888031,Mkrie Hana,ET030207
ET030208888030,Mkrie Kusquam,ET030207
ET030208888042,Orushe,ET030207
ET030208888006,Recha,ET030207
ET030207888011,Sergawit,ET030207
ET030207888022,Shasho Mariam,ET030207
ET030207888001,Shemie Azimache,ET030207
ET030208888025,Sholekt,ET030207
ET030207401001,Tsedoye,ET030207
ET030207888009,Tsedoye Merkoriose,ET030207
ET030207888014,Vete Mariam,ET030207
ET030207888023,Warkaye,ET030207
ET030208888011,Wechiba Senkua,ET030207
ET030208888038,Weraye Biraye,ET030207
ET030207888024,Yequasa Abo,ET030207
ET030207301001,Zebo,ET030207
ET030208888021,Zguara,ET030207
ET030209888036,Afay,ET030209
ET030209888020,Agar,ET030209
ET030209201001,Anbesamie,ET030209
ET030209888012,Arbaytu Segeji,ET030209
ET030209301001,Aribgebiya,ET030209
ET030209888032,Belabo,ET030209
ET030209888034,Dasqua,ET030209
ET030209888022,Degon,ET030209
ET030209888033,Deguat,ET030209
ET030209888019,Dembeza,ET030209
ET030209888030,Dereba,ET030209
ET030209888017,Dewol,ET030209
ET030209888011,Emashenikoro,ET030209
ET030209888007,Gedam Geregera,ET030209
ET030209888006,Gedam Wanzagi,ET030209
ET030209888023,Gelawdious,ET030209
ET030209888016,Goha,ET030209
ET030209101001,Hamusit,ET030209
ET030209888015,Huletu Wogedamie,ET030209
ET030209888005,Jigina,ET030209
ET030209888018,Kibeb Alata,ET030209
ET030209888009,Korata,ET030209
ET030209888010,Kulalagetiba,ET030209
ET030209888025,Meha,ET030209
ET030209888035,Micho,ET030209
ET030209888001,Mirafe Mariam,ET030209
ET030209888002,Mitsili Wagra,ET030209
ET030209888014,Sacha,ET030209
ET030209888029,Sana,ET030209
ET030209888021,Shimie,ET030209
ET030209888003,Tana Dimbiso,ET030209
ET030209888013,Tebabari,ET030209
ET030209888031,Tejmerer,ET030209
ET030209888028,Tikanbesa,ET030209
ET030209888027,Wofargf,ET030209
ET030209888008,Wonchet,ET030209
ET030209888026,Wondegeti,ET030209
ET030209888024,Wutmera,ET030209
ET030209888004,Zara,ET030209
ET030210101002,D/Tabor University and Kebele_05,ET030210
ET030210101006,Kebele 03,ET030210
ET030210101005,Kebele_01,ET030210
ET030210101001,Kebele_04,ET030210
ET030210101004,Kebele_06,ET030210
ET030210101003,Keble 02,ET030210
ET030214888011,Adama Dengosat,ET030211
ET030214888015,Afenkir,ET030211
ET030214888017,Amba Beja Met Kola,ET030211
ET030214101001,Andabet Ketema 01,ET030211
ET030214888024,Anguba Addisu Medihaniyalem,ET030211
ET030214888013,Aruta,ET030211
ET030214888020,Atsede Mariyam,ET030211
ET030214888003,Bekilo Filega,ET030211
ET030214888009,Dereba,ET030211
ET030214888016,Firagit Shigie,ET030211
ET030214888019,Genet Mariyam,ET030211
ET030214888022,Gishena,ET030211
ET030214888006,Gono,ET030211
ET030214888005,Gota,ET030211
ET030214888014,Gult Weybegn,ET030211
ET030214201001,Jara Gedo,ET030211
ET030214888018,Melat,ET030211
ET030214888012,Merji Tenkut,ET030211
ET030214888004,Mesi Mentadefir,ET030211
ET030214888007,Muger Zoboye,ET030211
ET030214888023,Mukechi,ET030211
ET030214888008,Shimie Mosha,ET030211
ET030214888002,Simet Sholaye,ET030211
ET030214888001,Tiklndingay,ET030211
ET030214888021,Wofichamie,ET030211
ET030214888010,Yedidgmegn,ET030211
ET030211888006,Adeder,ET030212
ET030211888007,Amijaye,ET030212
ET030211888015,Arga,ET030212
ET030211888016,Ata,ET030212
ET030211888002,Atkena,ET030212
ET030211888010,Ayida,ET030212
ET030211888003,Debelima,ET030212
ET030211888014,Denkuara,ET030212
ET030211888001,Gentegna,ET030212
ET030211101001,Kimirdingay,ET030212
ET030211888013,Kirarem,ET030212
ET030211888009,Megendi,ET030212
ET030211888005,Menadik,ET030212
ET030211888004,Menamediniyalem,ET030212
ET030211888017,Mokesh,ET030212
ET030211888011,Tado Mender,ET030212
ET030211888008,Woybla Goref,ET030212
ET030211888012,Wukro,ET030212
ET030215888002,Adisgie,ET030213
ET030215888010,Adiya,ET030213
ET030215101001,Agisa,ET030213
ET030215888005,Agisa,ET030213
ET030215888006,Aja,ET030213
ET030215888003,Debirtekilehayimanot,ET030213
ET030215888007,Eyadawuliha,ET030213
ET030215888008,Geday,ET030213
ET030215888004,Gistawit,ET030213
ET030215888011,Kurkuara,ET030213
ET030215888001,Sekonko,ET030213
ET030215888009,Zekelimoka,ET030213
ET030217201001,Adada,ET030214
ET030217888009,Anfargie,ET030214
ET030217888014,Aredua,ET030214
ET030217888019,Densa,ET030214
ET030217888018,Desemen,ET030214
ET030217888001,Enshor,ET030214
ET030217888008,Gedam Mekael,ET030214
ET030217888016,Gejameri,ET030214
ET030217888011,Keta,ET030214
ET030217888012,Mendel Amba,ET030214
ET030217888004,Menguajeb,ET030214
ET030217888017,Nebazela,ET030214
ET030217101001,Robit,ET030214
ET030217888006,Sesamech,ET030214
ET030217888010,Talak Meda,ET030214
ET030217888015,Tara,ET030214
ET030217888005,Tikusa,ET030214
ET030217888003,Timekete Baher,ET030214
ET030217888013,Wonzeye,ET030214
ET030217888007,Worwor,ET030214
ET030217888002,Zewa,ET030214
ET030216101004,Keble-03,ET030215
ET030216101001,Keble_01,ET030215
ET030216101003,Keble_02,ET030215
ET030216101002,Keble_04,ET030215
ET030213101002,Kebele 02,ET030293
ET030213101001,Kebele 03,ET030293
ET030213101003,Kebele01 and Woreta Atvet College,ET030293
ET030213101004,Kebele04,ET030293
ET030218101001,Keble 01,ET030298
ET030218101002,Keble 02,ET030298
ET030218101003,Keble 03,ET030298
ET030212101003,Addis Zemen Kebele 01,ET030299
ET030212101002,Addis Zemen Kebele 02,ET030299
ET030212101001,Addis Zemen Kebele 03,ET030299
ET030212101004,Addis Zemen Kebele 04,ET030299
ET030301101001,Ayina,ET030301
ET030301888010,Ayina Geteru(01),ET030301
ET030301888009,Ayina Mikail(011),ET030301
ET030301888006,Berko(05),ET030301
ET030301888005,Berkuakua,ET030301
ET030301888008,Dariya(012),ET030301
ET030301888014,Debre Ruha(08),ET030301
ET030301888004,Derwoze,ET030301
ET030301888012,Gulha(04),ET030301
ET030301888015,Kidus Harbe(09),ET030301
ET030301888003,Kob(02),ET030301
ET030301888013,Kuaro(07),ET030301
ET030301888007,Laydiba(06),ET030301
ET030301888011,Meskele Kirstos(010),ET030301
ET030301888001,Ye Berhawa Genet Adisalem,ET030301
ET030301888002,Zeblo,ET030301
ET030302888021,Abuare,ET030302
ET030302888009,Adiskgn,ET030302
ET030302888040,Afaf,ET030302
ET030302888026,Aisalem,ET030302
ET030302888005,Amaya,ET030302
ET030302888030,Amzie,ET030302
ET030302888020,Aradom,ET030302
ET030302888019,Arbet,ET030302
ET030302888035,Asmela,ET030302
ET030302888031,Awas,ET030302
ET030302888032,Ayda,ET030302
ET030302888006,Ayub,ET030302
ET030302888036,Belago,ET030302
ET030302888004,Berhamaryam,ET030302
ET030302888013,Bewa,ET030302
ET030302888038,Buhoro,ET030302
ET030302888025,Dbi,ET030302
ET030302888018,Dino,ET030302
ET030302888039,Durlebes,ET030302
ET030302888016,Ganwuha,ET030302
ET030302888024,Gatira,ET030302
ET030302888014,Gedeba,ET030302
ET030302888022,Gedemeyu,ET030302
ET030302201001,Gobye,ET030302
ET030302888007,Golelsha,ET030302
ET030302888008,Jarota,ET030302
ET030302888002,Jemedo,ET030302
ET030302888033,Kalim,ET030302
ET030302888003,Koba,ET030302
ET030302888029,Lach,ET030302
ET030302888037,Lema,ET030302
ET030302888001,Mehago,ET030302
ET030302888023,Mekdela,ET030302
ET030302888012,Mendefera,ET030302
ET030302888028,Menjelo,ET030302
ET030302888034,Mito,ET030302
ET030302888010,Rama,ET030302
ET030302101001,Robit,ET030302
ET030302888015,Shewech,ET030302
ET030302301001,Tekulesh,ET030302
ET030302888017,Tekulesh,ET030302
ET030302888027,Weremgna,ET030302
ET030302888041,Werkie,ET030302
ET030302888042,Yaya,ET030302
ET030302888011,Zobl,ET030302
ET030303888022,010 (eyela),ET030303
ET030303888019,011 (merora),ET030303
ET030303888020,012 (gista),ET030303
ET030303888013,013 (wefchat),ET030303
ET030303888014,014 (kmha),ET030303
ET030303888015,015 (tuba),ET030303
ET030303888007,016 (mewat),ET030303
ET030303888001,017 (meleye),ET030303
ET030303888006,018 (askit),ET030303
ET030303888017,02 (densa),ET030303
ET030303888005,020 (dildy),ET030303
ET030303888004,021 (ashkuana),ET030303
ET030303888003,022 (wetwet),ET030303
ET030303888021,023 (gulit),ET030303
ET030303888012,03(werk Awetu),ET030303
ET030303888008,04 (mehalge),ET030303
ET030303888016,05 (kenbat),ET030303
ET030303888011,06 (mual),ET030303
ET030303888010,08 (agewye),ET030303
ET030303888018,09 (emete Mesk),ET030303
ET030303888002,Abi Tesaye,ET030303
ET030303101001,Muja (01),ET030303
ET030303888009,Wuhabo,ET030303
ET030304888009,Agrit(018),ET030304
ET030304888033,Amesa(026),ET030304
ET030304888020,Anfarach(036),ET030304
ET030304888024,Anjeb(031),ET030304
ET030304888029,Ansa Wuha(020),ET030304
ET030304888022,Aqat(033),ET030304
ET030304888005,Arebal(08),ET030304
ET030304888034,Asasa(025),ET030304
ET030304888011,Aymat(014),ET030304
ET030304888010,Berekeza(017),ET030304
ET030304888001,Debre Kerbie(013),ET030304
ET030304888012,Debre Zebit(015),ET030304
ET030304888018,Defergie(07),ET030304
ET030304888031,Enat Guya(024),ET030304
ET030304101001,Felakit 01,ET030304
ET030304888025,Fintrie(030),ET030304
ET030304201001,Geregera 02,ET030304
ET030304888030,Hana Mequat(023),ET030304
ET030304888023,Jirlie(032),ET030304
ET030304888017,Kurisa(03),ET030304
ET030304888003,Lamadebir(010),ET030304
ET030304888015,Maserut(021),ET030304
ET030304888006,Mebel(06),ET030304
ET030304888019,Mesfina(034),ET030304
ET030304888032,Mesqel(027),ET030304
ET030304888004,Qila(09),ET030304
ET030304888008,Serko(011),ET030304
ET030304888021,Taja(035),ET030304
ET030304888007,Tiwuha(05),ET030304
ET030304888014,Tsebelat(019),ET030304
ET030304888027,Warkaye(029),ET030304
ET030304888016,Wofchina(04),ET030304
ET030304888026,Woqeta(028),ET030304
ET030304888002,Woyraber(012),ET030304
ET030304888013,Zgay Dabza(016),ET030304
ET030304888028,Zibie(022),ET030304
ET030305888007,Abidikom,ET030305
ET030305888018,Betehor,ET030305
ET030305888002,Beteyohans,ET030305
ET030305888010,Chena,ET030305
ET030305888020,Delenga,ET030305
ET030305888006,Dibiko,ET030305
ET030305888017,Dorera,ET030305
ET030305888009,Gancherie,ET030305
ET030305201001,Gashena 02 Kebele,ET030305
ET030305888001,Gashena Geter,ET030305
ET030305888004,Hamusit,ET030305
ET030305301001,Hamusit 01 Kebele,ET030305
ET030305888011,Kon Geter,ET030305
ET030305101001,Kone 01 Kebele,ET030305
ET030305888005,Kurikur Solola,ET030305
ET030305888014,Meley,ET030305
ET030305888015,Quana,ET030305
ET030305888021,Semerina,ET030305
ET030305888003,Timitimat,ET030305
ET030305888008,Wegedet,ET030305
ET030305888023,Yebeles,ET030305
ET030305888022,Yedogit,ET030305
ET030305888012,Yeneja Kinkna,ET030305
ET030305888013,Yeneja Misgua,ET030305
ET030305888019,Yewetet,ET030305
ET030305888016,Zugera,ET030305
ET030307101001,01 Hara,ET030307
ET030307101002,02 Hara,ET030307
ET030307888018,Adame,ET030307
ET030307888024,Amayemecha,ET030307
ET030307888012,Anova,ET030307
ET030307888001,Bekilomanekiya,ET030307
ET030307301001,Beklomanekiya,ET030307
ET030307888002,Bethehara,ET030307
ET030307888006,Debot,ET030307
ET030307888030,Dengola,ET030307
ET030307401001,Derogbr,ET030307
ET030307888015,Derogbr,ET030307
ET030307888020,Dihawedih,ET030307
ET030307888027,Ezet,ET030307
ET030307888023,Gebre Amba,ET030307
ET030307888014,Gedober,ET030307
ET030307888028,Geregera,ET030307
ET030307888010,Geshober,ET030307
ET030307888019,Gubarja,ET030307
ET030307888021,Jarsa,ET030307
ET030307888013,Key Amba,ET030307
ET030307888008,Kokoba,ET030307
ET030307888026,Kokor Amba,ET030307
ET030307888004,Kolayit,ET030307
ET030307888016,Laste Gerado,ET030307
ET030307888022,Lideta Kerye,ET030307
ET030307888032,Sagat,ET030307
ET030307201001,Sanka,ET030307
ET030307888029,Sekela,ET030307
ET030307888003,Shemafeji,ET030307
ET030307888031,Shewat,ET030307
ET030307888017,Siblkay,ET030307
ET030307888005,Weket,ET030307
ET030307888009,Woynye,ET030307
ET030307888025,Wudmen,ET030307
ET030307888007,Wuraf,ET030307
ET030307888011,Zewer Gotera,ET030307
ET030308888023,Abiyot Fre,ET030308
ET030308888020,Anto,ET030308
ET030308888025,Arerit,ET030308
ET030308888019,Bihoro,ET030308
ET030308888013,Bofa,ET030308
ET030308888008,Dana,ET030308
ET030308888036,Didoarba,ET030308
ET030308888011,Direroka,ET030308
ET030308888027,Dodota,ET030308
ET030308888033,Ela,ET030308
ET030308888003,Gerado,ET030308
ET030308201001,Girana 02,ET030308
ET030308888031,Girana 18,ET030308
ET030308888034,Goda,ET030308
ET030308888006,Golehalo,ET030308
ET030308888035,Gorarba,ET030308
ET030308888001,Goshwuha,ET030308
ET030308888024,Habru Ligo,ET030308
ET030308888007,Haro,ET030308
ET030308888004,Humo,ET030308
ET030308888005,Jarota,ET030308
ET030308888012,Kejima,ET030308
ET030308888010,Keskebele,ET030308
ET030308888028,Kolebo,ET030308
ET030308888029,Kolebo Guba,ET030308
ET030308888026,Kulbayine,ET030308
ET030308888016,Kule,ET030308
ET030308888032,Mehalamba,ET030308
ET030308888017,Menentela,ET030308
ET030308888018,Merto,ET030308
ET030308301001,Sirinka 03,ET030308
ET030308888002,Sirinka 03,ET030308
ET030308888015,Teteyiti,ET030308
ET030308888009,Tilfe,ET030308
ET030308888030,Waytekilo,ET030308
ET030308888022,Welde Kurkura,ET030308
ET030308888014,Wilaguba,ET030308
ET030308101001,Wurgesa 01,ET030308
ET030308888021,Wute,ET030308
ET030309101002,02 Tinfaz Addis Alem,ET030309
ET030309101006,Addis Ketma,ET030309
ET030309888001,Adengur,ET030309
ET030309101003,Admas Bashager and Woldia University,ET030309
ET030309101001,Debregelila,ET030309
ET030309101005,Defrgea,ET030309
ET030309888002,Gola Mechare,ET030309
ET030309888004,Jeneto Ber,ET030309
ET030309888003,Mehal Mechare,ET030309
ET030309101004,Yejugente,ET030309
ET030310888003,Abune Yosef(016),ET030310
ET030310888023,Aydefer(024),ET030310
ET030310201001,Bilbala,ET030310
ET030310888001,Bilbala(02),ET030310
ET030310888009,Debre Loza(05),ET030310
ET030310888008,Degosach(03),ET030310
ET030310888024,Dibko(025),ET030310
ET030310888005,Enjafat(017),ET030310
ET030310888021,Erfa(07),ET030310
ET030310888022,Gelesot(08),ET030310
ET030310888019,Genete Mariam(010),ET030310
ET030310888004,Geraraye(018),ET030310
ET030310888014,Geter Meda(012),ET030310
ET030310101001,Kulmesk(011),ET030310
ET030310888018,Maweri(019),ET030310
ET030310888013,Medage(022),ET030310
ET030310888010,Sarzena(04),ET030310
ET030310888020,Shalo(09),ET030310
ET030310888012,Shimshiha(023),ET030310
ET030310888011,Sorba(06),ET030310
ET030310888015,Tados Amba(013),ET030310
ET030310888016,Tefelamach(021),ET030310
ET030310888006,Telfetit(014),ET030310
ET030310888017,Terasferi(020),ET030310
ET030310888007,Wedbye(015),ET030310
ET030310888002,Yimerhane Kirstos(01),ET030310
ET030311888010,Ambat Magot(012),ET030311
ET030311888011,Asgaj Siso Meda(013),ET030311
ET030311888007,Ashenat Yabite(03),ET030311
ET030311888003,Atsift Yekendat(07),ET030311
ET030311888006,Ayda Segora(04),ET030311
ET030311888008,Debir Agonat(08),ET030311
ET030311888012,Degela(014),ET030311
ET030311888001,Gagbia Shamawala(010),ET030311
ET030311888014,Gulia Boda(02),ET030311
ET030311888004,Key Warka Fenseha(06),ET030311
ET030311101001,Kurba(01),ET030311
ET030311888002,Manatunaja Dot Yeglata(09),ET030311
ET030311888005,Shoga Asuga(05),ET030311
ET030311888013,Shola Yechereka,ET030311
ET030311888009,Yesay Yediba(011),ET030311
ET030312888005,Adisge,ET030312
ET030312888008,Boya,ET030312
ET030312888004,Denkena,ET030312
ET030312101001,Estaysh,ET030312
ET030312888016,Feres Megeriya,ET030312
ET030312888013,Guaza Jebera,ET030312
ET030312888003,Keyafer,ET030312
ET030312888001,Kola Boya,ET030312
ET030312888009,Laytalet,ET030312
ET030312888006,Mayimne,ET030312
ET030312888011,Nubet Alalech,ET030312
ET030312888007,Solenaji,ET030312
ET030312888010,Tachtalet,ET030312
ET030312888002,Waro,ET030312
ET030312888012,Washa Mikael,ET030312
ET030312888015,Yegnd,ET030312
ET030312888014,Yenket Woyn,ET030312
ET030313101001,01 Ahun Tegegn,ET030313
ET030313888006,Ahuntegegn,ET030313
ET030313888004,Baba Sea'at,ET030313
ET030313888002,Chibna,ET030313
ET030313888011,Kembeh,ET030313
ET030313888008,Koso Amba,ET030313
ET030313888005,Kulf Amba,ET030313
ET030313888009,Lamdingay,ET030313
ET030313888001,Nefasit,ET030313
ET030313888010,Sekelho,ET030313
ET030313888012,Selam Amba,ET030313
ET030313888007,Tesfa Giorgis,ET030313
ET030313888003,Woyn Bahir,ET030313
ET030306101001,Zero Anide/01,ET030397
ET030306101004,Zero Arat/04,ET030397
ET030306101002,Zero Hulet/02,ET030397
ET030306101003,Zero Sosit/03,ET030397
ET030315101001,01 Debrezeyit,ET030398
ET030315101002,02 Debresina,ET030398
ET030315101003,03 Roha,ET030398
ET030315101004,04 Meskel Kibra,ET030398
ET030315888001,Nakutelab,ET030398
ET030314101001,Kebele1,ET030399
ET030314101002,Kebele2,ET030399
ET030314101003,Kebele3,ET030399
ET030314101004,Kebele4,ET030399
ET030314888001,Kobozuriya,ET030399
ET030425888005,07 Gobera,ET030401
ET030425888002,Amoyeserete,ET030401
ET030425888004,Chomiye,ET030401
ET030425888003,Dibe,ET030401
ET030425888008,Fetekoma,ET030401
ET030425888006,Hassene,ET030401
ET030425888001,Kilkilo,ET030401
ET030425888007,Loko,ET030401
ET030425101001,Medina,ET030401
ET030402888016,Aba Mella,ET030402
ET030402501001,Ababoru,ET030402
ET030402888024,Ababoru,ET030402
ET030402201001,Ajebare 01,ET030402
ET030402888020,Amba Mariam(05),ET030402
ET030402301001,Ambamariam 01,ET030402
ET030402888026,Baja,ET030402
ET030402888004,Bedady,ET030402
ET030402888006,Bila,ET030402
ET030402888007,Chacha,ET030402
ET030402888014,Chelemi,ET030402
ET030402888021,Chihna,ET030402
ET030402888010,Debek,ET030402
ET030402401001,Fito,ET030402
ET030402888019,Fito,ET030402
ET030402888012,Gafa,ET030402
ET030402888032,Gaya,ET030402
ET030402888031,Haroge,ET030402
ET030402888017,Kaboager,ET030402
ET030402888028,Karagimba,ET030402
ET030402888011,Kulbit Amba,ET030402
ET030402888022,Kurkur,ET030402
ET030402888009,Meguat,ET030402
ET030402888025,Mekena,ET030402
ET030402888002,Robit,ET030402
ET030402888027,Sadakorekora,ET030402
ET030402888018,Sengola,ET030402
ET030402888005,Sholaw,ET030402
ET030402888008,Tedat,ET030402
ET030402101001,Teneta 01,ET030402
ET030402888003,Wata,ET030402
ET030402888030,Woreteje,ET030402
ET030402601001,Woreteje 01,ET030402
ET030402888013,Yamed,ET030402
ET030402888001,Yederek,ET030402
ET030402888015,Yemet,ET030402
ET030402888029,Yerema,ET030402
ET030402888023,Zakunat,ET030402
ET030403888021,022 Elsa,ET030403
ET030403888015,05 Doshign,ET030403
ET030403888006,Abaselama,ET030403
ET030403888018,Alansha,ET030403
ET030403888003,Ambagiby,ET030403
ET030403888011,Arses Amba,ET030403
ET030403888005,Asicha Abo,ET030403
ET030403888008,Barkana,ET030403
ET030403888016,Beshlo,ET030403
ET030403888013,Dala,ET030403
ET030403888020,Dire,ET030403
ET030403888022,Esmano,ET030403
ET030403888019,Goromendera,ET030403
ET030403888010,Guasameda,ET030403
ET030403888017,Haroye,ET030403
ET030403888004,Kundi,ET030403
ET030403101001,Kutaber,ET030403
ET030403888014,Luwucho,ET030403
ET030403888007,Manosh,ET030403
ET030403888001,Minatash,ET030403
ET030403888012,Mume,ET030403
ET030403888009,Sigon,ET030403
ET030403888002,Tikana,ET030403
ET030404888014,Abet,ET030404
ET030404888005,Adis Amba,ET030404
ET030404888006,Amba Mariyam,ET030404
ET030404888004,Birkum Amba,ET030404
ET030404888022,Chefe,ET030404
ET030404888016,Chisa,ET030404
ET030404888008,Delba,ET030404
ET030404888012,Dibil,ET030404
ET030404888001,Dibil Mariyam,ET030404
ET030404888020,Dino,ET030404
ET030404888013,Feka,ET030404
ET030404888010,Gishen,ET030404
ET030404888018,Golbo,ET030404
ET030404888019,Kolet,ET030404
ET030404888015,Limo,ET030404
ET030404888021,Marye,ET030404
ET030404888002,Milewa,ET030404
ET030404888024,Minchu,ET030404
ET030404888003,Quaho,ET030404
ET030404888017,Robit,ET030404
ET030404888007,Sinka,ET030404
ET030404888009,Teregmam,ET030404
ET030404888011,Teremichig,ET030404
ET030404101001,Wuchale,ET030404
ET030404888023,Yebar,ET030404
ET030405888009,Amemo,ET030405
ET030405888016,Bededo,ET030405
ET030405888018,Gedera,ET030405
ET030405888007,Gobeya,ET030405
ET030405401001,Hara,ET030405
ET030405888011,Hara,ET030405
ET030405888012,Hardbo,ET030405
ET030405888014,Hitecha,ET030405
ET030405888005,Jari,ET030405
ET030405888010,Kete,ET030405
ET030405888019,Korke,ET030405
ET030405888017,Kosero,ET030405
ET030405888004,Libanos,ET030405
ET030405888015,Mesal,ET030405
ET030405888003,Mutibelg,ET030405
ET030405888008,Nibo,ET030405
ET030405201001,Passo Mile,ET030405
ET030405301001,Saglen,ET030405
ET030405888002,Seglen,ET030405
ET030405101001,Sulula,ET030405
ET030405888001,Tebissa,ET030405
ET030405888006,Wehelo,ET030405
ET030405888013,Weldelulo,ET030405
ET030424101001,01 Wogeltena,ET030406
ET030424101002,02 Wogel Tena,ET030406
ET030424888010,Ambayezerniyat,ET030406
ET030424888027,Arkachinga,ET030406
ET030424888026,Asimyimara,ET030406
ET030424888028,Baba,ET030406
ET030424888009,Beska,ET030406
ET030424888021,Biwotselho,ET030406
ET030424888019,Dahna,ET030406
ET030424888023,Felkake,ET030406
ET030424888024,Goshmeda,ET030406
ET030424888018,Ilana,ET030406
ET030424888031,Intuguna,ET030406
ET030424888016,Kechin Arha Chew Kutr,ET030406
ET030424888025,Kedamistinkr,ET030406
ET030424888008,Kisatkola,ET030406
ET030424888004,Mekelet,ET030406
ET030424888020,Mesno Amba,ET030406
ET030424888007,Selitdima,ET030406
ET030424888030,Shekol Sembelet,ET030406
ET030424888015,Silanatikurena,ET030406
ET030424888001,Tana,ET030406
ET030424888011,Tardat M/lem,ET030406
ET030424888012,Tardatfenzayt,ET030406
ET030424888022,Tembeko,ET030406
ET030424888006,Tikshign,ET030406
ET030424888005,Timatikshign,ET030406
ET030424888003,Weysksat,ET030406
ET030424888002,Wolkazelihon,ET030406
ET030424888014,Wotegeaberkut,ET030406
ET030424888029,Zhitaestayish,ET030406
ET030424888017,Zibandega,ET030406
ET030424888013,Zibankola,ET030406
ET030407888015,Abahilme,ET030407
ET030407888011,Abcho,ET030407
ET030407888003,Adame 025,ET030407
ET030407888028,Adame 04,ET030407
ET030407888026,Adis Mender,ET030407
ET030407888027,Adisalem,ET030407
ET030407888029,Agamsa,ET030407
ET030407201001,Ancharo,ET030407
ET030407888023,Ancharo O8,ET030407
ET030407888012,Arabo,ET030407
ET030407888002,Ardibo,ET030407
ET030407888009,Arjeo,ET030407
ET030407888022,Beke,ET030407
ET030407888035,Birkodebele,ET030407
ET030407888016,Bosena,ET030407
ET030407888025,Chorisa,ET030407
ET030407101001,Degan,ET030407
ET030407888019,Dibala,ET030407
ET030407888020,Dikana,ET030407
ET030407888005,Gedero,ET030407
ET030407301001,Gerba,ET030407
ET030407888014,Giraramba,ET030407
ET030407401001,Harbu 01,ET030407
ET030407401002,Harbu 02,ET030407
ET030407888017,Haroyekoreme,ET030407
ET030407888006,Jerjero,ET030407
ET030407888024,Kedida,ET030407
ET030407888007,Ketetiya,ET030407
ET030407888031,Kurfa,ET030407
ET030407888032,Meawa,ET030407
ET030407888021,Mekeniti,ET030407
ET030407888008,Mengedo,ET030407
ET030407888004,Mudikalu,ET030407
ET030407888010,Mukale,ET030407
ET030407888018,Resa,ET030407
ET030407888030,Tekake,ET030407
ET030407888034,Tuluketero,ET030407
ET030407888013,Wedajo,ET030407
ET030407888033,Weraba,ET030407
ET030407888001,Werebayiti,ET030407
ET030408888004,Abajalakote,ET030408
ET030408888015,Adama Drma,ET030408
ET030408888013,Ambo Kara,ET030408
ET030408888010,Bele,ET030408
ET030408888011,Betho,ET030408
ET030408201001,Degaga,ET030408
ET030408888008,Dindin,ET030408
ET030408888005,Felana Meda,ET030408
ET030408888009,Jema Ngus,ET030408
ET030408888012,Kalo,ET030408
ET030408888007,Karamara,ET030408
ET030408888002,Maybar,ET030408
ET030408888014,Neti,ET030408
ET030408101001,Salmeni,ET030408
ET030408888001,Sebenajebl,ET030408
ET030408301001,Tosa,ET030408
ET030408888003,Tosa Felana,ET030408
ET030408888006,Wededere,ET030408
ET030409101001,01 Guguftu,ET030409
ET030409888009,Abasokotu,ET030409
ET030409888018,Adey,ET030409
ET030409888025,Antomechela,ET030409
ET030409888010,Asegedom,ET030409
ET030409888015,Asgori,ET030409
ET030409888028,Atarimesk,ET030409
ET030409888021,Atint Mesberiya,ET030409
ET030409888005,Ayata,ET030409
ET030409888004,Begde,ET030409
ET030409888003,Berara,ET030409
ET030409888002,Berara Jerjero,ET030409
ET030409888017,Chirecha,ET030409
ET030409888020,Dajwole,ET030409
ET030409888022,Dega Mote,ET030409
ET030409888016,Dereba,ET030409
ET030409888031,Eilu,ET030409
ET030409888024,Gelisha,ET030409
ET030409888013,Gilbte,ET030409
ET030409888019,Guguftu,ET030409
ET030409888026,Harawobelo,ET030409
ET030409888008,Kedijo,ET030409
ET030409888006,Kedjo Jerjero,ET030409
ET030409888027,Kelina,ET030409
ET030409888012,Keygedel,ET030409
ET030409888011,Kolamote,ET030409
ET030409888029,Nibara,ET030409
ET030409888007,Satiro,ET030409
ET030409888014,Sefeyat,ET030409
ET030409888030,Serdem,ET030409
ET030409888032,Sire,ET030409
ET030409888023,Tebasit,ET030409
ET030409888001,Tsid Gebeya,ET030409
ET030410101001,Akasta,ET030410
ET030410888036,Argiti,ET030410
ET030410888007,Asel Amba,ET030410
ET030410888024,Buabuta,ET030410
ET030410888006,Buso,ET030410
ET030410888013,Chiro,ET030410
ET030410888018,Chuleki,ET030410
ET030410888015,Dejmach,ET030410
ET030410888020,Delel,ET030410
ET030410888014,Denbesh,ET030410
ET030410888021,Dereba,ET030410
ET030410888030,Embacho Ber,ET030410
ET030410888003,Fesho,ET030410
ET030410888005,Gedera,ET030410
ET030410301001,Genete,ET030410
ET030410888029,Gerezawya,ET030410
ET030410888037,Gol,ET030410
ET030410888009,Golehito,ET030410
ET030410888033,Hitetera,ET030410
ET030410888004,Hote,ET030410
ET030410888001,Key Mebrat,ET030410
ET030410888026,Kindo,ET030410
ET030410888035,Kore,ET030410
ET030410888016,Merkemecha,ET030410
ET030410888025,Mosebit,ET030410
ET030410888019,Sada Korkora,ET030410
ET030410888017,Segno Gebeya,ET030410
ET030410888031,Selam Ber,ET030410
ET030410888027,Tach Akesta,ET030410
ET030410888012,Temu,ET030410
ET030410888028,Tiksey,ET030410
ET030410888022,Tincha,ET030410
ET030410888023,Tsegereda,ET030410
ET030410201001,Tuluaulia,ET030410
ET030410888032,Wedey Musye,ET030410
ET030410888011,Welelete,ET030410
ET030410888002,Werento,ET030410
ET030410888010,Yechaya,ET030410
ET030410888008,Yetnora,ET030410
ET030410888034,Yilada,ET030410
ET030411888017,01 Ashenga,ET030411
ET030411888032,010 Durka,ET030411
ET030411888002,011 Yegodo,ET030411
ET030411888001,012 Amba Senber,ET030411
ET030411888008,013 Mess,ET030411
ET030411888003,014 Yemeka,ET030411
ET030411888006,015 Debtera,ET030411
ET030411888005,016 Tedibabe Mariyam,ET030411
ET030411888016,017 Gulmeda,ET030411
ET030411888023,018 Ambaferit,ET030411
ET030411888031,019 Gedeba,ET030411
ET030411888011,02 Duat,ET030411
ET030411888028,020 Hurumo,ET030411
ET030411888029,021 Ewa,ET030411
ET030411888024,022 Tengobalel,ET030411
ET030411888015,023 Elog,ET030411
ET030411888012,024 Shehot,ET030411
ET030411888013,025 Waro,ET030411
ET030411888004,026 Wikir,ET030411
ET030411888025,027 Lebet,ET030411
ET030411888026,028 Endote,ET030411
ET030411888027,029 Yedegat,ET030411
ET030411888010,03 Meles Sanqa,ET030411
ET030411888030,030 Deferge,ET030411
ET030411888014,030 Dido,ET030411
ET030411888018,032 Yegoda,ET030411
ET030411888007,033 Wonzegir,ET030411
ET030411888009,034 Yeshum Densa,ET030411
ET030411888021,04 Shengodefar,ET030411
ET030411888020,05 Segerat,ET030411
ET030411888022,06 Feres Bar,ET030411
ET030411888019,07 Beja,ET030411
ET030411888034,08 Beja Chilaga,ET030411
ET030411888033,09 Keta Chilaga,ET030411
ET030411101001,Adjibar 01,ET030411
ET030411401001,Ambaferit,ET030411
ET030411201001,Ewa,ET030411
ET030411301001,Yegodo,ET030411
ET030412888019,010 Dibi Cherie,ET030412
ET030412888003,011 Abu Aderie,ET030412
ET030412888002,012 Fatijaneberu,ET030412
ET030412888021,013 Bili,ET030412
ET030412888001,014 Miskabie,ET030412
ET030412888020,015 Sefatira,ET030412
ET030412888022,016 Dokis,ET030412
ET030412888024,017 Sirba Menebko,ET030412
ET030412888034,018 Wobo Mikael,ET030412
ET030412888033,019 Mendeyu,ET030412
ET030412888026,02 Debresenbo,ET030412
ET030412888025,020 Tewa,ET030412
ET030412888029,021 Yechomasi,ET030412
ET030412888028,022 Densa Keraba,ET030412
ET030412888030,023 Ayichal Bonya,ET030412
ET030412888031,024 Beta Menedega,ET030412
ET030412888032,025 Worke Abo,ET030412
ET030412888017,026 Chefe Belo,ET030412
ET030412888016,027 Keto,ET030412
ET030412888013,028 Dilfrie,ET030412
ET030412888008,029 Anferfra,ET030412
ET030412888027,03 Derami,ET030412
ET030412888009,030 Chiro Cherkos,ET030412
ET030412888010,031 Chiro Kadis,ET030412
ET030412888012,032 Wala Galemot,ET030412
ET030412888011,033 Endras,ET030412
ET030412888014,034 Wala Magole,ET030412
ET030412888015,035 Keyafer,ET030412
ET030412888023,036 Jiru Makafta,ET030412
ET030412888018,04 Workie Meskelie,ET030412
ET030412888007,06 Jelisa Libanos,ET030412
ET030412888006,07 Hulagosh,ET030412
ET030412888005,08 Hawey Betaso,ET030412
ET030412888004,09 Dega Dibi,ET030412
ET030412401001,Abeya bar,ET030412
ET030412201001,Bili,ET030412
ET030412301001,Mudalil,ET030412
ET030412501001,Tewa,ET030412
ET030413401001,Abetweha,ET030413
ET030413888026,Abetweha,ET030413
ET030413888029,Adis Amba(019),ET030413
ET030413888014,Aleltu(04),ET030413
ET030413888030,Anarat(013),ET030413
ET030413888024,Bakelo(015),ET030413
ET030413888022,Baket(07),ET030413
ET030413888003,Bereda(029),ET030413
ET030413501001,Deger,ET030413
ET030413888025,Deger(014),ET030413
ET030413888032,Degorach(08),ET030413
ET030413888016,Endode(02),ET030413
ET030413888027,Endoge,ET030413
ET030413888031,Esola(011),ET030413
ET030413888017,Gerewa(022),ET030413
ET030413888004,Gore(026),ET030413
ET030413888007,Gumero(032),ET030413
ET030413888005,Guyema(030),ET030413
ET030413888018,Jejeba(017),ET030413
ET030413101001,Kelela(01),ET030413
ET030413101002,Kelela(02),ET030413
ET030413888020,Keyamari(010),ET030413
ET030413888019,Koreky(016),ET030413
ET030413201001,Lugama,ET030413
ET030413888008,Martikos(033),ET030413
ET030413888033,Mnaya(012),ET030413
ET030413888012,Mukech(023),ET030413
ET030413888013,Sembo(03),ET030413
ET030413601001,Shafi,ET030413
ET030413888023,Shafi(09),ET030413
ET030413888001,Shenet,ET030413
ET030413888010,Teltele(025),ET030413
ET030413888028,Teranter(020),ET030413
ET030413888009,Tiritira (05),ET030413
ET030413301001,Tiritra,ET030413
ET030413888021,Tulya(06),ET030413
ET030413888002,Warja(028),ET030413
ET030413888006,Wedegutu(031),ET030413
ET030413888011,Werke Ena Bari(024),ET030413
ET030413888015,Yimeri Ena Eribortu(01),ET030413
ET030414101001,01 Degolo,ET030414
ET030414101002,02 Degolo,ET030414
ET030414888021,Ababor,ET030414
ET030414888010,Abuweld,ET030414
ET030414888008,Aley,ET030414
ET030414888004,Amayu,ET030414
ET030414888001,Amuma,ET030414
ET030414888018,Bilew,ET030414
ET030414888014,Boren,ET030414
ET030414888012,Ejerty,ET030414
ET030414888016,Elshama,ET030414
ET030414201001,Faji,ET030414
ET030414888003,Faji,ET030414
ET030414888013,Gerbo,ET030414
ET030414888005,Katari,ET030414
ET030414888022,Kebena,ET030414
ET030414401001,Keyafer,ET030414
ET030414888019,Keyafer,ET030414
ET030414888007,Kubi,ET030414
ET030414888020,Leshetie,ET030414
ET030414888015,Micha,ET030414
ET030414888011,Shelafaf,ET030414
ET030414301001,Shilafaf,ET030414
ET030414888002,Teftef,ET030414
ET030414888006,Tulumojo,ET030414
ET030414888017,Yedo,ET030414
ET030414888009,Zerkami,ET030414
ET030415201001,01 Kabe,ET030415
ET030415301001,01 Segno Ketema,ET030415
ET030415888016,Abajale,ET030415
ET030415888008,Adate,ET030415
ET030415888003,Aremfama,ET030415
ET030415888001,Batel,ET030415
ET030415888013,Chisa,ET030415
ET030415888002,Degnu,ET030415
ET030415888007,Dolu,ET030415
ET030415888006,Gatira,ET030415
ET030415888015,Gesho Ber,ET030415
ET030415888012,Gorobo,ET030415
ET030415888014,Harewo Shegol,ET030415
ET030415888011,Hochecho,ET030415
ET030415888017,Kre Mariyam,ET030415
ET030415888004,Kulemb,ET030415
ET030415888020,Kurfit,ET030415
ET030415888019,Mariyam D/ngist,ET030415
ET030415888010,Mekaneslase,ET030415
ET030415888018,Tulu Sertu,ET030415
ET030415888005,Wereba Eyasu,ET030415
ET030415888009,Yebelo,ET030415
ET030416101001,01 Mahdereselam,ET030416
ET030416888029,010 Haleku,ET030416
ET030416888025,011 Menedega,ET030416
ET030416888024,012 Guba,ET030416
ET030416888034,013 Werewayu,ET030416
ET030416888030,014 Tebela,ET030416
ET030416888033,015 Gindo,ET030416
ET030416888032,016 Abahoch,ET030416
ET030416888031,017 Abeyegurba,ET030416
ET030416888022,018 Keraba Godana,ET030416
ET030416888023,019 Aweyukumeyu,ET030416
ET030416888015,02 Abado,ET030416
ET030416888018,020 Makefta,ET030416
ET030416888004,021 Kabe Wobo,ET030416
ET030416888019,022 Tegil Frie,ET030416
ET030416888003,023 Gelebe,ET030416
ET030416888020,024 Keraba,ET030416
ET030416888002,025 Zemod,ET030416
ET030416888021,026 Adis Amba,ET030416
ET030416888013,027 Taye,ET030416
ET030416888007,028 Tingn,ET030416
ET030416888008,029 Lencho,ET030416
ET030416888016,03 Abey,ET030416
ET030416888012,030 Abote,ET030416
ET030416888009,031 Dibibiso,ET030416
ET030416888010,032 Demasiko,ET030416
ET030416888011,033 Yeshum,ET030416
ET030416888001,034 Lemlem Amba,ET030416
ET030416888017,04 Hawoy,ET030416
ET030416888005,05 Tungi,ET030416
ET030416888014,06 Sekeshimbra,ET030416
ET030416888026,07 Menebeti,ET030416
ET030416888027,08 Gorenj,ET030416
ET030416888028,09 Golele,ET030416
ET030416401001,Abeyegurba,ET030416
ET030416201001,Gorenj,ET030416
ET030416601001,Kabi,ET030416
ET030416301001,Lemi,ET030416
ET030416501001,Makefta,ET030416
ET030416888006,Sertomasaya,ET030416
ET030417101001,1,ET030417
ET030417101002,2,ET030417
ET030417101003,3,ET030417
ET030417101004,4,ET030417
ET030417101005,5,ET030417
ET030417888002,Abakolba,ET030417
ET030417888006,Dagna,ET030417
ET030417888005,Galisa,ET030417
ET030417101006,Kebele 012 and Kombolcha Gibrna Collage,ET030417
ET030417888003,Mitigrar,ET030417
ET030417888004,Mitikolo,ET030417
ET030417888001,Tye Amba,ET030417
ET030419101001,01 Densa,ET030419
ET030419888006,Ahyo,ET030419
ET030419888004,Alegeta,ET030419
ET030419888003,Atedas,ET030419
ET030419888002,Atrons Mariam,ET030419
ET030419888015,Bacheta Meskel,ET030419
ET030419888007,Derew,ET030419
ET030419888008,Dimdimcha,ET030419
ET030419888001,Dinamba,ET030419
ET030419888016,Dincha,ET030419
ET030419888012,Gert,ET030419
ET030419888014,Kotet,ET030419
ET030419888009,Leguat,ET030419
ET030419888011,Semay,ET030419
ET030419888005,Sensa,ET030419
ET030419888010,Werk Mewcha,ET030419
ET030419888013,Wexed,ET030419
ET030420888015,010 Kiregebeya,ET030420
ET030420888013,013 Dembia Afaf,ET030420
ET030420888010,014 Kachilet,ET030420
ET030420888011,015 Wushat,ET030420
ET030420888012,016 Telanta,ET030420
ET030420888002,07 Ayit,ET030420
ET030420888003,08 Zenamba,ET030420
ET030420888004,09 Sedere,ET030420
ET030420888014,12 Shikif,ET030420
ET030420888001,Aselel 06,ET030420
ET030420888008,Awatel 02,ET030420
ET030420888009,Birbirti 05,ET030420
ET030420101001,Legahida,ET030420
ET030420888007,Majete 01,ET030420
ET030420201001,Siba,ET030420
ET030420888005,Siba 04,ET030420
ET030420888006,Siregedel 03,ET030420
ET030401101002,01 Masha,ET030421
ET030401101001,02 Masha and Mekdella University College,ET030421
ET030401888013,Adada,ET030421
ET030401888020,Adeyguya,ET030421
ET030401888028,Asol,ET030421
ET030401888009,Bazura,ET030421
ET030401888030,Besober,ET030421
ET030401888019,Chingua,ET030421
ET030401888012,Debrezeyt,ET030421
ET030401888025,Dedere,ET030421
ET030401888029,Defer,ET030421
ET030401888010,Deferge,ET030421
ET030401888005,Deja,ET030421
ET030401888015,Dender,ET030421
ET030401888016,Doka Debresina,ET030421
ET030401888014,Gedam,ET030421
ET030401888022,Genatit,ET030421
ET030401888003,Gobeden,ET030421
ET030401888027,Gogos,ET030421
ET030401888023,Gondroche,ET030421
ET030401888017,Haroge,ET030421
ET030401888018,Jisa,ET030421
ET030401888021,Kebteya,ET030421
ET030401888004,Matameda,ET030421
ET030401888008,Medon,ET030421
ET030401888024,Mingash,ET030421
ET030401888011,Tebi,ET030421
ET030401888001,Tork,ET030421
ET030401888002,Warkaye,ET030421
ET030401888006,Wogesa,ET030421
ET030401888026,Yekoso,ET030421
ET030401888007,Yewotet,ET030421
ET030406888011,Ajersa,ET030422
ET030406888003,Arebate,ET030422
ET030406888008,Bekeyala,ET030422
ET030406101001,Bestima01,ET030422
ET030406101002,Bestima02,ET030422
ET030406201001,Bokeksa,ET030422
ET030406888010,Bokeksazurysa,ET030422
ET030406888017,Bulbulo,ET030422
ET030406888005,Chali,ET030422
ET030406888006,Chinkle,ET030422
ET030406888019,Deye,ET030422
ET030406888018,Dubeta,ET030422
ET030406888016,Fito,ET030422
ET030406888014,Gedero,ET030422
ET030406888004,Gedida,ET030422
ET030406888012,Gendebash,ET030422
ET030406888007,Gerebabo,ET030422
ET030406888009,Goha,ET030422
ET030406888015,Gubisa,ET030422
ET030406888002,Hadere,ET030422
ET030406888020,Hara,ET030422
ET030406888013,Kuno,ET030422
ET030406888001,Ulaula,ET030422
ET030423101001,1,ET030423
ET030423101002,2,ET030423
ET030421101001,1,ET030498
ET030421101002,2,ET030498
ET030421101003,3,ET030498
ET030421101004,4,ET030498
ET030421101005,5,ET030498
ET030422101001,Kebele1,ET030499
ET030422101002,Kebele2,ET030499
ET030422101003,Kebele3,ET030499
ET030422101004,Kebele4,ET030499
ET030422101005,Kebele5,ET030499
ET030501888018,Aferbaynie Weyibla,ET030501
ET030501888014,Agema Enbi Belo,ET030501
ET030501888020,Alabo Biraba,ET030501
ET030501888002,Azima Shefere Anba,ET030501
ET030501888011,Behera,ET030501
ET030501301001,Behera_ 01,ET030501
ET030501888017,Dengorie,ET030501
ET030501888006,Garda,ET030501
ET030501888019,Kera Mejit,ET030501
ET030501888008,Kerkerie,ET030501
ET030501888009,Ketima Ena Dire,ET030501
ET030501888013,Lebika Ena Gedela,ET030501
ET030501201001,Meragna_01 Kebele,ET030501
ET030501888004,Minazie,ET030501
ET030501101001,Rema_01,ET030501
ET030501888001,Remadirie,ET030501
ET030501888012,Sindew Girar,ET030501
ET030501888007,Sorich,ET030501
ET030501888005,Tebabit,ET030501
ET030501888010,Tedila Giorgis,ET030501
ET030501888016,Tegora,ET030501
ET030501888015,Werkie,ET030501
ET030501888003,Yigobiya,ET030501
ET030502888018,Afezez,ET030502
ET030502888006,Agerit,ET030502
ET030502888021,Amdenligagba,ET030502
ET030502888003,Buyogedegewa,ET030502
ET030502888017,Delema,ET030502
ET030502101001,Fetra_01kebele,ET030502
ET030502888020,Gavezemoy,ET030502
ET030502888010,Gemanunuta,ET030502
ET030502888019,Geren,ET030502
ET030502888001,Goranda,ET030502
ET030502888015,Gret,ET030502
ET030502888023,Harogenda,ET030502
ET030502888011,Kolash,ET030502
ET030502888012,Koratamo,ET030502
ET030502888009,Korawenchiy,ET030502
ET030502888007,Kosoterena,ET030502
ET030502888002,Kusayechore,ET030502
ET030502888016,Ofna,ET030502
ET030502888004,Remeshit,ET030502
ET030502888013,Sergna,ET030502
ET030502888005,Werego,ET030502
ET030502888008,Yesa,ET030502
ET030502888022,Yidemeko,ET030502
ET030502888014,Zeytamagas,ET030502
ET030503888001,Beresa,ET030503
ET030503888009,Denbina Girarige,ET030503
ET030503888007,Diramu,ET030503
ET030503888004,Gizawasha Na Dalota,ET030503
ET030503888006,Goshwuhana Qeqi,ET030503
ET030503888011,Karamba Tikur Dur,ET030503
ET030503888012,Kenna Moltanba,ET030503
ET030503888003,Lamigeno,ET030503
ET030503101001,Lemi_01 Kebele,ET030503
ET030503888005,Salaysh Ena Dereku,ET030503
ET030503888010,Wekelo Ena Antsokia,ET030503
ET030503888008,Wekonafikreselam,ET030503
ET030503888002,Yidino,ET030503
ET030503888013,Yitnorana Boled,ET030503
ET030504888005,Aris,ET030504
ET030504888010,Artena Keydur,ET030504
ET030504888008,Betaso,ET030504
ET030504888009,Bolo,ET030504
ET030504888019,Chefie Ena Somisa,ET030504
ET030504888011,Enterna Keygedel,ET030504
ET030504888013,Ganmaryamina Yegofa,ET030504
ET030504888015,Geriba,ET030504
ET030504888014,Gorade,ET030504
ET030504888004,Jatinayikiro,ET030504
ET030504101001,Jihur,ET030504
ET030504888007,Jihurzuria,ET030504
ET030504888017,Kusaye,ET030504
ET030504888002,Lamwasha,ET030504
ET030504888016,Mangudo,ET030504
ET030504888006,Rimbik,ET030504
ET030504888003,Shimana Denyat,ET030504
ET030504888018,Weyiramiba,ET030504
ET030504888012,Yewelo,ET030504
ET030504888001,Ymedeb,ET030504
ET030505888011,10,ET030505
ET030505888008,11,ET030505
ET030505888009,12,ET030505
ET030505888001,13,ET030505
ET030505888007,14,ET030505
ET030505888006,15,ET030505
ET030505888005,16,ET030505
ET030505888004,17,ET030505
ET030505888003,18,ET030505
ET030505888002,19,ET030505
ET030505888019,2,ET030505
ET030505888017,20,ET030505
ET030505888010,21,ET030505
ET030505888014,3,ET030505
ET030505888018,4,ET030505
ET030505888016,5,ET030505
ET030505888015,6,ET030505
ET030505888013,7,ET030505
ET030505888012,8,ET030505
ET030505888020,9,ET030505
ET030506888011,Arata Wetefe,ET030506
ET030506888010,Asenafet,ET030506
ET030506888007,Darat,ET030506
ET030506888003,Dele,ET030506
ET030506888008,Fersebet,ET030506
ET030506888004,Gerareamba,ET030506
ET030506888001,Golta,ET030506
ET030506888002,Korebtet,ET030506
ET030506101001,Rabel,ET030506
ET030506888005,Tsebel Enachachura,ET030506
ET030506888009,Wefleke,ET030506
ET030506888006,Weget,ET030506
ET030507888004,Afiso,ET030507
ET030507888007,Aselele Kelebet Wenber,ET030507
ET030507888002,Atiko,ET030507
ET030507888010,Chekechek,ET030507
ET030507888008,Gishogie,ET030507
ET030507888011,Hagere Mariyam,ET030507
ET030507888006,Harbuwelde,ET030507
ET030507888005,Kure Yegodel,ET030507
ET030507888001,Mekidesa,ET030507
ET030507101001,Mekoy [01],ET030507
ET030507888003,Shebeto,ET030507
ET030507888009,Washa Nigat,ET030507
ET030508888024,Addisalem Negeso,ET030508
ET030508888004,Aglamajetie,ET030508
ET030508888019,Allala,ET030508
ET030508888018,Amboberwetaga,ET030508
ET030508888003,Ankarkobkobe,ET030508
ET030508888023,Arsoamba,ET030508
ET030508888020,Ashquay Derema,ET030508
ET030508888016,Bergbi,ET030508
ET030508888007,Dulite,ET030508
ET030508888013,Feredwuha,ET030508
ET030508888001,Getemgojowuha,ET030508
ET030508888010,Hora,ET030508
ET030508301001,Jewuha,ET030508
ET030508888002,Kabsiramba,ET030508
ET030508201001,Karakore,ET030508
ET030508888011,Karalaguma,ET030508
ET030508888009,Korimeda,ET030508
ET030508888012,Laygnaw Ataye,ET030508
ET030508888005,Lulgeseret,ET030508
ET030508101001,Majetie 01,ET030508
ET030508888015,Mehalwenz,ET030508
ET030508888006,Meskelber,ET030508
ET030508888021,Mitikesherifa,ET030508
ET030508888008,Selelo Miramir,ET030508
ET030508888014,Yeserdo,ET030508
ET030508888017,Yimlewo,ET030508
ET030508888022,Zembo,ET030508
ET030509888009,10,ET030509
ET030509888010,11,ET030509
ET030509888008,12,ET030509
ET030509888007,13,ET030509
ET030509888006,14,ET030509
ET030509888005,15,ET030509
ET030509888004,16,ET030509
ET030509888016,17,ET030509
ET030509888017,18,ET030509
ET030509888018,19,ET030509
ET030509888014,2,ET030509
ET030509888019,20,ET030509
ET030509888001,3,ET030509
ET030509888002,4,ET030509
ET030509888015,5,ET030509
ET030509888011,6,ET030509
ET030509888003,7,ET030509
ET030509888012,8,ET030509
ET030509888013,9,ET030509
ET030510888005,Adokie,ET030510
ET030510888018,Agamber,ET030510
ET030510888009,Argagana Asfachew,ET030510
ET030510888011,Armaniya,ET030510
ET030510888013,Debre Meaza,ET030510
ET030510888012,Dokakit,ET030510
ET030510888017,Eilokie Mengist,ET030510
ET030510888002,Gift Gaymeda,ET030510
ET030510888006,Koso Ber,ET030510
ET030510888003,Kuashna Zonaba,ET030510
ET030510888010,Mafud,ET030510
ET030510101001,Mezezo Zero And,ET030510
ET030510888008,Shotel Amba,ET030510
ET030510888015,Wanzaberet,ET030510
ET030510888016,Wef Ayzorsh,ET030510
ET030510888014,Wef Washa,ET030510
ET030510888004,Weyin Ber,ET030510
ET030510888001,Yitam Kostie,ET030510
ET030510888007,Yizaba Woin,ET030510
ET030511888012,Ababersoma,ET030511
ET030511888009,Amashaenatarmaber,ET030511
ET030511888011,Ayisofe,ET030511
ET030511888010,Begochgat,ET030511
ET030511888003,Birka,ET030511
ET030511888008,Feresmegalebiya,ET030511
ET030511888007,Filagenet,ET030511
ET030511888001,Ganarada,ET030511
ET030511888013,Guy,ET030511
ET030511888006,Inigdawasha,ET030511
ET030511201001,Sasit,ET030511
ET030511888002,Segatjengodo,ET030511
ET030511101001,Sela Dingay 01,ET030511
ET030511301001,Tarmaber 01,ET030511
ET030511888005,Wedera,ET030511
ET030511888004,Zubamba,ET030511
ET030512888015,Abaye Atir Kebele,ET030512
ET030512888011,Alelo Kebele,ET030512
ET030512888001,Ashegnna Yegeda Kebele,ET030512
ET030512888009,Ayaber Kebele,ET030512
ET030512888003,Birbirana Gelgelo,ET030512
ET030512888013,Debirna Jegol Kebele,ET030512
ET030512888010,Debr Kebele,ET030512
ET030512888008,Dorasemit Kebele,ET030512
ET030512888017,Jimdere Kebele,ET030512
ET030512888012,Korebeta Kebele,ET030512
ET030512888018,Kureberete,ET030512
ET030512888016,Medina Kebele,ET030512
ET030512888007,Mengistna Wejed Kebele,ET030512
ET030512888014,Sefiberet Kebele,ET030512
ET030512888004,Tere Kebele,ET030512
ET030512888006,Wekfele Kebele,ET030512
ET030512888002,Werasena Kolomuya Kebele,ET030512
ET030512888005,Yelene Kebele,ET030512
ET030513888002,Adadi,ET030513
ET030513888007,Addisamba,ET030513
ET030513888012,Angada,ET030513
ET030513888011,Asabahir,ET030513
ET030513888010,Buranatotose,ET030513
ET030513101001,Chacha,ET030513
ET030513888005,Chefanane,ET030513
ET030513888003,Cheki,ET030513
ET030513888014,Elani,ET030513
ET030513888016,Fitonaalamesno,ET030513
ET030513888008,Gelila Na Atura,ET030513
ET030513888015,Godenamamase,ET030513
ET030513888017,Golbanakafero,ET030513
ET030513888009,Kitaleng,ET030513
ET030513201001,Kotu,ET030513
ET030513888001,Ruksi,ET030513
ET030513888004,Seriti,ET030513
ET030513888013,Tengego,ET030513
ET030513888006,Tsegereda,ET030513
ET030513888018,Wuhameda,ET030513
ET030513888019,Yenagure,ET030513
ET030514101001,1,ET030514
ET030514888010,Atquar,ET030514
ET030514888012,Gedera,ET030514
ET030514888008,Gelgela,ET030514
ET030514888004,Gola Kebele,ET030514
ET030514888003,Kosoamba,ET030514
ET030514888002,Megezez,ET030514
ET030514888014,Miti,ET030514
ET030514888006,Seka,ET030514
ET030514888009,Soten,ET030514
ET030514888011,Tamo,ET030514
ET030514888005,Tidesh Kebele,ET030514
ET030514888001,Webelkoresa,ET030514
ET030514888007,Weldeager,ET030514
ET030514888013,Wena,ET030514
ET030515101001,1,ET030515
ET030515888009,Aliyu Amiba Zuria,ET030515
ET030515888018,Ayirara,ET030515
ET030515888011,Chefa,ET030515
ET030515888012,Derefo,ET030515
ET030515888013,Deway,ET030515
ET030515888003,Ememiheret,ET030515
ET030515201001,Gorbela Ketema 01,ET030515
ET030515301001,Gorgo Ketema 01,ET030515
ET030515888015,Gorgo Zuria,ET030515
ET030515888008,Hager Selam,ET030515
ET030515401001,Haramba,ET030515
ET030515888006,Haramiba,ET030515
ET030515888010,Lay Debidebo,ET030515
ET030515888001,Lay Gorebela,ET030515
ET030515888002,Mehal Wonize,ET030515
ET030515888004,Mesicha,ET030515
ET030515888016,Washa,ET030515
ET030515888014,Wedera,ET030515
ET030515888019,Wubite Gola,ET030515
ET030515888007,Zego,ET030515
ET030515888005,Zenibo,ET030515
ET030515888017,Zoma,ET030515
ET030516888016,Akirimit,ET030516
ET030516888018,Cichat,ET030516
ET030516888011,Debre Tsige,ET030516
ET030516888013,Gorfo,ET030516
ET030516888001,Gujibel,ET030516
ET030516888015,Hagere Maryam Abo,ET030516
ET030516888019,Kidusge,ET030516
ET030516888006,Koremash,ET030516
ET030516888012,Kumdingay,ET030516
ET030516888003,Nifasamba,ET030516
ET030516888002,Sekoru,ET030516
ET030516888005,Senbelet Ena Wagegn,ET030516
ET030516888007,Sherer,ET030516
ET030516101001,Shola Gebya,ET030516
ET030516888008,Woyinaba,ET030516
ET030516888009,Yelet,ET030516
ET030516888004,Yenecho,ET030516
ET030516888014,Yirmata Ager,ET030516
ET030516888017,Yolat,ET030516
ET030516888010,Zala Zembaba,ET030516
ET030517888007,Akirmit,ET030517
ET030517888005,Demeko,ET030517
ET030517888006,Gordo Solomon,ET030517
ET030517888003,Mafud,ET030517
ET030517888002,Makengo,ET030517
ET030517101001,Metehbila,ET030517
ET030517888009,Mintamir,ET030517
ET030517888008,Sedas,ET030517
ET030517888001,Shega,ET030517
ET030517888004,Wassel,ET030517
ET030518888008,Adama,ET030518
ET030518888015,Agirat,ET030518
ET030518888025,Akelel,ET030518
ET030518888006,Ameti,ET030518
ET030518888012,Amora Bet,ET030518
ET030518101001,Balchi,ET030518
ET030518888001,Bichash,ET030518
ET030518888020,Bolo Giorgis,ET030518
ET030518888018,Bolo Silase,ET030518
ET030518888009,Chele,ET030518
ET030518888019,Cherecha,ET030518
ET030518888011,Choba,ET030518
ET030518888017,Debretsehay,ET030518
ET030518888010,Dire,ET030518
ET030518888027,Dubetu,ET030518
ET030518888026,Erabuti,ET030518
ET030518888014,Finanajo,ET030518
ET030518888003,Kirstossamra,ET030518
ET030518888013,Kitcha,ET030518
ET030518888016,Kombolsha,ET030518
ET030518888007,Korma,ET030518
ET030518888022,Mamihir Ager,ET030518
ET030518888002,Rarati,ET030518
ET030518888021,Sama,ET030518
ET030518888005,Sekewacho,ET030518
ET030518888004,weliso,ET030518
ET030518888024,Wolde Gorgis,ET030518
ET030518888023,Zewelde,ET030518
ET030519888010,Abamote,ET030519
ET030519888007,Adisge,ET030519
ET030519888021,Angolala,ET030519
ET030519888025,Bakelo,ET030519
ET030519888008,Basodengora,ET030519
ET030519888020,Birbirsa,ET030519
ET030519888012,Chirarodebr,ET030519
ET030519888002,Chmbre,ET030519
ET030519888028,Debele,ET030519
ET030519888029,Dibut,ET030519
ET030519888023,Dilila,ET030519
ET030519888003,Gift,ET030519
ET030519888017,Goshe Bado,ET030519
ET030519888027,Goshu Hager,ET030519
ET030519101001,Gudoberet Ketema 01,ET030519
ET030519888009,Gudoberetzuria,ET030519
ET030519888005,Kasima,ET030519
ET030519201001,Keyit,ET030519
ET030519888026,Keyit,ET030519
ET030519888022,Kormargefya(a),ET030519
ET030519888001,Mati,ET030519
ET030519888011,Mehalamba,ET030519
ET030519888004,Metkorya,ET030519
ET030519888016,Moy Meda,ET030519
ET030519888018,Moye Amangult,ET030519
ET030519888019,Muti Cherkos,ET030519
ET030519888006,Nas,ET030519
ET030519888014,Saria(a),ET030519
ET030519888030,Wayu,ET030519
ET030519888024,Weshawshgn,ET030519
ET030519888015,Weynye,ET030519
ET030519888013,Zendegur,ET030519
ET030520101006,01 Kebele,ET030520
ET030520101004,02 Kebele,ET030520
ET030520101007,03 Kebele,ET030520
ET030520101008,04 Kebele,ET030520
ET030520101005,08 Kebele,ET030520
ET030520101002,5,ET030520
ET030520101003,6,ET030520
ET030520101001,7,ET030520
ET030520101009,Kebele 09,ET030520
ET030521888011,Kebel E 012,ET030521
ET030521101001,Kebele 01,ET030521
ET030521888001,Kebele 010,ET030521
ET030521888008,Kebele 011,ET030521
ET030521888012,Kebele 013,ET030521
ET030521888005,Kebele 02,ET030521
ET030521888007,Kebele 03,ET030521
ET030521888006,Kebele 04,ET030521
ET030521888009,Kebele 05,ET030521
ET030521888010,Kebele 06,ET030521
ET030521888003,Kebele 07,ET030521
ET030521888004,Kebele 08,ET030521
ET030521888002,Kebele 09,ET030521
ET030522888001,Afkira_06,ET030522
ET030522888003,Klerbo_03,ET030522
ET030522888005,Saga_05,ET030522
ET030522888002,Tamewenz_02,ET030522
ET030522888004,Tayat_04,ET030522
ET030522888007,Tirtira_08,ET030522
ET030522888006,Tol_07,ET030522
ET030522101001,Wegere_01,ET030522
ET030523888013,Abaya,ET030523
ET030523888002,Agegn Kelbene,ET030523
ET030523888007,Ajersa Kubety,ET030523
ET030523888004,Argo Weryu,ET030523
ET030523888003,Chefe Anba Geregemb,ET030523
ET030523888001,Dawa Kenbolcha,ET030523
ET030523101001,Deneba Ketema,ET030523
ET030523888005,Esat Anba Melelafto,ET030523
ET030523888011,Gashu Anba,ET030523
ET030523888008,Gozegozana Motelemy,ET030523
ET030523888006,Rome,ET030523
ET030523201001,Saya Debir,ET030523
ET030523888010,Saya Debir,ET030523
ET030523888009,Senketana Wekr,ET030523
ET030523888012,Welle Deneba,ET030523
ET030524101003,Kebele _02,ET030524
ET030524101008,Kebele_01,ET030524
ET030524101004,Kebele_03,ET030524
ET030524101007,Kebele_04,ET030524
ET030524101002,Kebele_05,ET030524
ET030524101001,Kebele_06,ET030524
ET030524101005,Kebele_07,ET030524
ET030524101006,Kebele_08,ET030524
ET030524101009,Kebele_09,ET030524
ET030525101001,01_kebele,ET030525
ET030525101002,02_kebele,ET030525
ET030525101003,03_kebele,ET030525
ET030526101002,1,ET030526
ET030526101003,2,ET030526
ET030526101004,3,ET030526
ET030526101001,4,ET030526
ET030527101002,01_kebele,ET030527
ET030527101003,02_kebele,ET030527
ET030527101001,03_kebele,ET030527
ET030528101001,Enewari 01,ET030528
ET030529101001,Molale 01,ET030529
ET030530101004,Debre meaza,ET030530
ET030530101003,Debresina 01,ET030530
ET030530101001,Debresina 02,ET030530
ET030530101002,Debresina 03,ET030530
ET030530101006,Dokakit,ET030530
ET030530101005,Sina,ET030530
ET030531101001,Tulefa,ET030531
ET030532101001,Arerti 01,ET030532
ET030532101004,Arerti 02,ET030532
ET030532101002,Arerti 03,ET030532
ET030532101003,Arerti 04,ET030532
ET030601888003,Amba Marsa,ET030601
ET030601888012,Arusi Mesebsebya,ET030601
ET030601888008,Bibugn Genete Maryam,ET030601
ET030601888010,Debre Giworgis,ET030601
ET030601888006,Debre Medanit Kebesie,ET030601
ET030601888002,Debresina Asmare,ET030601
ET030601888007,Debrezayt Kuchet,ET030601
ET030601888011,Ded Eyesus,ET030601
ET030601888005,Digo Kanta,ET030601
ET030601101001,Digo Tion_1,ET030601
ET030601101002,Digo Tion_2,ET030601
ET030601888009,Digo Tsion,ET030601
ET030601888013,Fikitor,ET030601
ET030601888004,Gena Memecha,ET030601
ET030601888014,Mollsa,ET030601
ET030601888001,Moseba Shime Abo,ET030601
ET030601301001,Waber,ET030601
ET030601888015,Wenber Kidus Yohanes,ET030601
ET030601201001,Woyn Wuha,ET030601
ET030602888025,Abiyotu_selam,ET030602
ET030602888028,Addis_zemen,ET030602
ET030602888002,Agam_wuha,ET030602
ET030602888017,Agere Selam,ET030602
ET030602888018,Asteriyo,ET030602
ET030602888011,Atsede_birhan,ET030602
ET030602888016,Ayen_birhan,ET030602
ET030602888023,Beza_bizuhan,ET030602
ET030602888021,Boda Beredi,ET030602
ET030602888026,Chak,ET030602
ET030602888014,Debre_gubae,ET030602
ET030602888003,Debre_mariyam,ET030602
ET030602888013,Debre_mihret,ET030602
ET030602888005,Debre_mikael,ET030602
ET030602888008,Gedam_abbo,ET030602
ET030602888024,Gedamawit,ET030602
ET030602888020,Godr Mieda,ET030602
ET030602888004,Guatran,ET030602
ET030602888015,Hibre_selam,ET030602
ET030602888012,Hizbe_selam,ET030602
ET030602101001,Keraniyo,ET030602
ET030602888019,Konter,ET030602
ET030602888007,Meqa,ET030602
ET030602888009,Meshege,ET030602
ET030602888010,Qusquam,ET030602
ET030602888027,Shige_keraniyo,ET030602
ET030602888022,Tiru Selam,ET030602
ET030602888001,Wob_kencharit,ET030602
ET030602888006,Yechiqa,ET030602
ET030603101002,1,ET030603
ET030603101001,2,ET030603
ET030603888012,Abare Woha Tayit,ET030603
ET030603888033,Akabat,ET030603
ET030603888021,Ambaowoch Gumit,ET030603
ET030603888011,Angot,ET030603
ET030603888032,Barijano Akababi,ET030603
ET030603888034,Buza Yimerat,ET030603
ET030603888023,Chemo Yigagira,ET030603
ET030603301001,Debere Berhan,ET030603
ET030603888024,Debere Berhan,ET030603
ET030603888022,Debere Yaqob,ET030603
ET030603888030,Debire Birhan,ET030603
ET030603888031,Debre Gent,ET030603
ET030603888026,Debre Hayil,ET030603
ET030603888009,Deqt Goshera,ET030603
ET030603888002,Derit Maryam,ET030603
ET030603888020,Embawech Kuskam,ET030603
ET030603888039,Eneba Eneger,ET030603
ET030603888040,Eneba Gundb,ET030603
ET030603501001,Enegesh,ET030603
ET030603888008,Enegesh Yebada,ET030603
ET030603888019,Enezeba,ET030603
ET030603888013,Enget Woyenewoha,ET030603
ET030603601001,Engoda,ET030603
ET030603888038,Engodia,ET030603
ET030603888025,Ensekole Baherg\worgise,ET030603
ET030603888001,Fela Yigarda,ET030603
ET030603201001,Gete Semana,ET030603
ET030603888018,Getesemani Wafa,ET030603
ET030603888015,Gezamen Debet,ET030603
ET030603888027,Ginidewoyin Baza,ET030603
ET030603888016,Kosoye Kalekal,ET030603
ET030603888028,Lay Tach Michael,ET030603
ET030603888010,Mehal Goncha,ET030603
ET030603888037,Meragufan,ET030603
ET030603888006,Sarat Yerawoch,ET030603
ET030603401001,Sekela Genbora,ET030603
ET030603888036,Sekela Giniborie,ET030603
ET030603888004,Selamege,ET030603
ET030603888005,Sesgena Guchva,ET030603
ET030603888035,Tigidar Begido,ET030603
ET030603888029,Tije Baher,ET030603
ET030603888007,Wondiye Kuche,ET030603
ET030603888017,Yebuchir Yewoya,ET030603
ET030603888014,Yekura Arasma,ET030603
ET030603888003,Yiewa Agazen Meda,ET030603
ET030604101004,Aba Selama,ET030604
ET030604101002,Abriha Weatsibiha,ET030604
ET030604888026,Addis Hiywot,ET030604
ET030604888014,Addis Zemen,ET030604
ET030604888030,Adis Alem,ET030604
ET030604888028,Agere Genet,ET030604
ET030604888017,Alem Tesfa,ET030604
ET030604888019,Ambalay,ET030604
ET030604888007,Awusa Meda,ET030604
ET030604888016,Berlay Korsh,ET030604
ET030604888005,Debre Abay,ET030604
ET030604888013,Debre Birhan,ET030604
ET030604888018,Debre Elyas,ET030604
ET030604888015,Debre Genet,ET030604
ET030604888001,Debre Gomit,ET030604
ET030604888012,Debre Kidusan,ET030604
ET030604888002,Debre Mewi,ET030604
ET030604888010,Debre Selam,ET030604
ET030604888022,Debre Tsiyon,ET030604
ET030604201001,Dibo,ET030604
ET030604888009,Felege Hiywet,ET030604
ET030604888021,Felege Selem,ET030604
ET030604888011,Finote Birhan,ET030604
ET030604888006,Gebre Giyorgis,ET030604
ET030604101001,Hagere Egziabher,ET030604
ET030604888020,Hagere Genet,ET030604
ET030604301001,Hagere Selam,ET030604
ET030604888029,Hagere Selam,ET030604
ET030604888032,Liul,ET030604
ET030604888003,Mekane Genet,ET030604
ET030604888025,Melabesha,ET030604
ET030604888004,Mitina Yimach,ET030604
ET030604888027,Segenet,ET030604
ET030604888024,Selam Ber,ET030604
ET030604101003,Tsirihe Aryam,ET030604
ET030604888031,Werya Meskel,ET030604
ET030604888008,Yetefet,ET030604
ET030604888023,Zihon Wuha,ET030604
ET030604888033,Zobar Yikonda,ET030604
ET030605201002,1,ET030605
ET030605201001,2,ET030605
ET030605201003,3,ET030605
ET030605888018,Aba Jenber,ET030605
ET030605888003,Ajeje Kuami Cherk,ET030605
ET030605888007,Amba Ager,ET030605
ET030605888021,Arara_tamos,ET030605
ET030605888013,Arara_yilbamboko,ET030605
ET030605888019,Aregemiet Kebata,ET030605
ET030605888026,Bushtie Kogna,ET030605
ET030605888016,Dejagamna,ET030605
ET030605888004,Deyateba,ET030605
ET030605888025,Enarij Siema,ET030605
ET030605888006,Eneshegn,ET030605
ET030605888024,Engena Fentaregie,ET030605
ET030605101001,Felege Birhan,ET030605
ET030605888005,Felege Zachena,ET030605
ET030605401001,Gedeb,ET030605
ET030605888023,Gedeb,ET030605
ET030605888020,Golokma,ET030605
ET030605888001,Koso Zira,ET030605
ET030605888008,Mariam Tagibagn Anguata,ET030605
ET030605888014,Metaya Enadera,ET030605
ET030605888009,Newaye Mariam Enebelew,ET030605
ET030605888022,Soma Gelawudiwes,ET030605
ET030605888015,Tamo Dewaro,ET030605
ET030605301001,Tenguma,ET030605
ET030605888027,Tenguma,ET030605
ET030605888011,Titar Badma Yzuar,ET030605
ET030605888002,Wefit,ET030605
ET030605888012,Yedit,ET030605
ET030605888017,Yegossa,ET030605
ET030605888010,Yisarbet Abat,ET030605
ET030606888013,Adis Alem,ET030606
ET030606888019,Amst Band,ET030606
ET030606888020,Banja Sherer,ET030606
ET030606888018,Bichena Debir,ET030606
ET030606888006,Debire Genet Melina,ET030606
ET030606888003,Debire Kidusan,ET030606
ET030606888010,Debire Tsimona,ET030606
ET030606888025,Dibisa,ET030606
ET030606201001,Dima,ET030606
ET030606888009,Dima Zuriya,ET030606
ET030606888022,Edeshignit,ET030606
ET030606888027,Ediget Band,ET030606
ET030606888024,Felege Selam,ET030606
ET030606888014,Gotera,ET030606
ET030606888004,Keshimsh Askata,ET030606
ET030606888011,Kidsgie,ET030606
ET030606888028,Mahiber Selam,ET030606
ET030606888026,Mahibere Birhan,ET030606
ET030606888021,Mankorkoya,ET030606
ET030606888005,Mengisto,ET030606
ET030606888012,Sekela,ET030606
ET030606888023,Sire Eyesus,ET030606
ET030606888008,Telma,ET030606
ET030606888001,Wondasa Kuskuam,ET030606
ET030606888016,Woynam,ET030606
ET030606888007,Woyra,ET030606
ET030606888002,Yekebihana,ET030606
ET030606888017,Yekegan,ET030606
ET030606888015,Yetenb Yeres,ET030606
ET030606101001,Yetmen,ET030606
ET030607888012,Aferamie,ET030607
ET030607888017,Angech,ET030607
ET030607888016,Asendabo,ET030607
ET030607888021,Debiet,ET030607
ET030607888007,Debre Yesus,ET030607
ET030607201001,Debre Yesus Ketema,ET030607
ET030607888013,Emewulad,ET030607
ET030607888002,Enekoy,ET030607
ET030607888018,Gemie,ET030607
ET030607888019,Jeremes,ET030607
ET030607888011,Kidstie,ET030607
ET030607888020,Kulkal Arago,ET030607
ET030607101001,Kuy 01,ET030607
ET030607888015,Kuyi Zuriya,ET030607
ET030607888006,Nabra Gewocha,ET030607
ET030607888004,Nabra Mikal,ET030607
ET030607888005,Nabra Yebalat,ET030607
ET030607888003,Nazrit Medanialem,ET030607
ET030607888001,Shemie,ET030607
ET030607888009,Wedeb Yesues,ET030607
ET030607888010,Yebabat,ET030607
ET030607888014,Yedama,ET030607
ET030607888008,Yitbako,ET030607
ET030608888005,Abesheb,ET030608
ET030608888013,Chago Dereba,ET030608
ET030608888006,Debre Elias Zuria,ET030608
ET030608888009,Degolima,ET030608
ET030608888015,Dejiba,ET030608
ET030608888003,Gibtsawit,ET030608
ET030608201001,Gofichima,ET030608
ET030608888008,Gofichima,ET030608
ET030608301001,Guay,ET030608
ET030608888011,Guay,ET030608
ET030608401001,Jabie Genet,ET030608
ET030608888014,Jabie Genet,ET030608
ET030608101002,Kebele 01,ET030608
ET030608101001,Kebele 02,ET030608
ET030608888012,Tija Goter,ET030608
ET030608888010,Wamit,ET030608
ET030608888002,Yedenibegn,ET030608
ET030608888001,Yegidad,ET030608
ET030608888016,Yeguarat,ET030608
ET030608888007,Yekegat,ET030608
ET030608888004,Yemezegn,ET030608
ET030609101001,Amanuel 01,ET030609
ET030609101002,Amanuel 02,ET030609
ET030609888014,Amanuel Zurya,ET030609
ET030609888001,Amari Yewubesh,ET030609
ET030609888009,Amesig,ET030609
ET030609888011,Angot,ET030609
ET030609888012,Ansilala,ET030609
ET030609888015,Belemina,ET030609
ET030609888013,Debre Kelemo,ET030609
ET030609401001,Dega Segnin Tadagi Ketema,ET030609
ET030609888008,Degasegnin Zurya,ET030609
ET030609888018,Delima Abeb Nuri,ET030609
ET030609888005,Dingay Ber,ET030609
ET030609888019,Embuli Tisas Dar,ET030609
ET030609888004,Gaday,ET030609
ET030609301001,Gira Kidam Tadagi Ketema,ET030609
ET030609888021,Gira Kidam Zurya,ET030609
ET030609888023,Gobata Aqina,ET030609
ET030609888025,Grum Yekez,ET030609
ET030609201001,Hamusit Tadagi Ketema,ET030609
ET030609888020,Kuashiva,ET030609
ET030609888006,Kubel Abo,ET030609
ET030609888002,Lay Damot,ET030609
ET030609888024,Minch Yekest,ET030609
ET030609888017,Qerer,ET030609
ET030609888007,Shafu Galat,ET030609
ET030609888003,Shelel,ET030609
ET030609888010,Temamagn,ET030609
ET030609888022,Yedefas,ET030609
ET030609888016,Yewula,ET030609
ET030610201001,Aba Libanose,ET030610
ET030610888012,Adisna Gulit,ET030610
ET030610888013,Aseb Abo,ET030610
ET030610888020,Balaref,ET030610
ET030610401001,Chertekel,ET030610
ET030610888021,Chertekel,ET030610
ET030610888010,Chimbored,ET030610
ET030610888025,Chimet,ET030610
ET030610888023,Deledel,ET030610
ET030610888019,Denba,ET030610
ET030610888017,Desa Enesie,ET030610
ET030610888003,Enerata,ET030610
ET030610501001,Fendika,ET030610
ET030610888008,Gedemala,ET030610
ET030610888005,Graram,ET030610
ET030610888016,Kebi,ET030610
ET030610888007,Kegn Abo,ET030610
ET030610888014,Leklekita,ET030610
ET030610888018,Libanos,ET030610
ET030610301001,May,ET030610
ET030610888024,May Angetam,ET030610
ET030610888001,Weynima Geremo,ET030610
ET030610888022,Woger,ET030610
ET030610888011,Wonka,ET030610
ET030610888015,Yebo Arjena,ET030610
ET030610101001,Yebokela,ET030610
ET030610888006,Yebokela,ET030610
ET030610888004,Yegagena,ET030610
ET030610888009,Yenebrna Ena Yegobena,ET030610
ET030610888002,Yetijan,ET030610
ET030611888019,Angem,ET030611
ET030611888001,Aratu_amba,ET030611
ET030611888022,Bete_nigus,ET030611
ET030611888016,Chir_maryam,ET030611
ET030611888013,Dejat,ET030611
ET030611888006,Den,ET030611
ET030611888010,Dendegeb,ET030611
ET030611888007,Dinguam,ET030611
ET030611888008,Dogem,ET030611
ET030611888015,Enetmen,ET030611
ET030611888014,Gobetma,ET030611
ET030611888018,Gundelmit,ET030611
ET030611888021,Komi_zemi,ET030611
ET030611301001,Kork,ET030611
ET030611888012,Kork,ET030611
ET030611888005,Lemechem,ET030611
ET030611888002,Michig,ET030611
ET030611888009,Yedug,ET030611
ET030611888004,Yegelawu,ET030611
ET030611101002,Yejubie_01,ET030611
ET030611101001,Yejubie_02,ET030611
ET030611201001,Yelamgej,ET030611
ET030611888017,Yelamgej,ET030611
ET030611888003,Yelemelem,ET030611
ET030611888011,Yensicha,ET030611
ET030611888020,Zemboli_yechara,ET030611
ET030612101001,1,ET030612
ET030612101002,2,ET030612
ET030612888026,Addise Amba Cheliya,ET030612
ET030612888024,Amaya Hilege,ET030612
ET030612888009,Ambeshem Endegert,ET030612
ET030612888028,Dema Melesie,ET030612
ET030612888022,Derek Afer,ET030612
ET030612888014,Duke,ET030612
ET030612888020,Endeget Kutay,ET030612
ET030612888015,Enebi Chifar,ET030612
ET030612888001,Enemochera,ET030612
ET030612888017,Jitbaher Amba,ET030612
ET030612888027,Kurar Genet,ET030612
ET030612888019,Lega Yeleb,ET030612
ET030612888007,Lekuma Arera,ET030612
ET030612888021,Mekidese Afekera,ET030612
ET030612888002,Minda Yeshemit,ET030612
ET030612888025,Mizan Washa Tulu,ET030612
ET030612888006,Shebela Abekestite,ET030612
ET030612888003,Sikut Enegatera,ET030612
ET030612888012,Taba Yegodena,ET030612
ET030612888023,Tside Mareyam,ET030612
ET030612888018,Turet Gedam,ET030612
ET030612201001,Wojel,ET030612
ET030612888016,Wojel Ankerak,ET030612
ET030612888013,Yedabena,ET030612
ET030612888011,Yedengora,ET030612
ET030612888005,Yekandach,ET030612
ET030612888010,Yekayit,ET030612
ET030612888004,Yesenbet,ET030612
ET030612888008,Zenda Yegeder,ET030612
ET030613888012,Amarit,ET030613
ET030613888004,Berichiwerkamba,ET030613
ET030613888009,Borebor Shenicha,ET030613
ET030613888002,Enajima Yeziba,ET030613
ET030613888015,Enzigosh,ET030613
ET030613888019,Geligele,ET030613
ET030613101001,Hagere Selam,ET030613
ET030613888008,Hagere Selam Tsdim,ET030613
ET030613888005,Kokwuha Kosekos,ET030613
ET030613888016,Kole,ET030613
ET030613888013,Koncher Sasaberay,ET030613
ET030613888020,Kurar,ET030613
ET030613888021,Ming Yibza,ET030613
ET030613888018,Mushirit Dingay,ET030613
ET030613888017,Muyan Tezkaremariam,ET030613
ET030613201001,Sebshengo,ET030613
ET030613888003,Sebshengo Alektam,ET030613
ET030613888022,Teden,ET030613
ET030613888010,Tik,ET030613
ET030613888001,Tirchi Jeba,ET030613
ET030613888007,Weblat Getem,ET030613
ET030613888006,Yenagnat Lagene,ET030613
ET030613301001,Yetnora,ET030613
ET030613888011,Yetnora,ET030613
ET030613888014,Zemetn Amber Enabur,ET030613
ET030614888018,Abara,ET030614
ET030614888020,Abasilma,ET030614
ET030614888008,Abrekuy,ET030614
ET030614888017,Asheb Ena Zuchir,ET030614
ET030614888019,Bonyasekela,ET030614
ET030614301001,Fidkbey,ET030614
ET030614888015,Gebstie,ET030614
ET030614888016,Gedaeyasu,ET030614
ET030614888022,Gouzman Mengobena,ET030614
ET030614888001,Karma Kentafa,ET030614
ET030614888009,Ledieena Akebabie,ET030614
ET030614888010,Meregecheena Akebabie,ET030614
ET030614201001,Mergeche 01,ET030614
ET030614888011,Mirafyechema,ET030614
ET030614888003,Mojen Ena Akababiw,ET030614
ET030614888012,Selelkula,ET030614
ET030614888004,Suha Tefasese,ET030614
ET030614888006,Teta Tiro,ET030614
ET030614888007,Wobo Worie,ET030614
ET030614888013,Worego,ET030614
ET030614888014,Woynye,ET030614
ET030614101002,Yeidwuha 01,ET030614
ET030614101001,Yeidwuha 02,ET030614
ET030614888002,Yeidwuha Ena Akababiw,ET030614
ET030614888005,Yeju Baylie,ET030614
ET030614888021,Yethana,ET030614
ET030615101006,Kebele 01,ET030615
ET030615101007,Kebele 02 and Debre Markos University,ET030615
ET030615101004,Kebele 03,ET030615
ET030615101005,Kebele 04,ET030615
ET030615101009,Kebele 05,ET030615
ET030615101008,Kebele 06,ET030615
ET030615101011,Kebele 07,ET030615
ET030615101002,Kebele 08,ET030615
ET030615101003,Kebele 09,ET030615
ET030615101001,Kebele 10,ET030615
ET030615101010,Kebele 11,ET030615
ET030616888014,Amstya,ET030616
ET030616888005,Avazaj Weybeygn,ET030616
ET030616888013,Dangulie,ET030616
ET030616888015,Debre Zeyt,ET030616
ET030616888006,Gedamawit,ET030616
ET030616888009,Gidimbil,ET030616
ET030616888016,Kab Chaba,ET030616
ET030616101001,Rebu Gebeya 01,ET030616
ET030616101002,Rebu Gebeya 02,ET030616
ET030616888004,Shewa Kidane Mihiret,ET030616
ET030616888012,Sinan Maryam,ET030616
ET030616888007,Tach Chavi,ET030616
ET030616888001,Tamawit Gedel Bet,ET030616
ET030616888002,Tegodare Gudyamie,ET030616
ET030616888003,Telezamo,ET030616
ET030616888017,Washa Mikael,ET030616
ET030616888008,Welekie,ET030616
ET030616888010,Yeted,ET030616
ET030616888011,Zilan,ET030616
ET030617888017,Addisgie Yegora,ET030617
ET030617101001,Amber 01,ET030617
ET030617888019,Amber Zureyia,ET030617
ET030617888011,Ayedebes. Chendefo,ET030617
ET030617888003,Dagete Yegeleka,ET030617
ET030617888008,Eneskay Yelamchika,ET030617
ET030617888006,Genetua Angata,ET030617
ET030617301001,Gudalima,ET030617
ET030617888016,Jama Dideke Yemisitina,ET030617
ET030617201001,Jamma,ET030617
ET030617888014,Malgash,ET030617
ET030617888005,Mesile Awashe,ET030617
ET030617888004,Sedeba Demamo,ET030617
ET030617888009,Shafo Gudalima,ET030617
ET030617888010,Shumbirima,ET030617
ET030617888015,Talak Amba,ET030617
ET030617888013,Tikur Adibir,ET030617
ET030617888002,Wonga Nefasam,ET030617
ET030617888001,Yewobi Enechifo,ET030617
ET030617888018,Yewush,ET030617
ET030617888012,Zengoba Dengoba,ET030617
ET030617888007,Ziker Mele,ET030617
ET030619888010,Abib Debre_kuskuam,ET030619
ET030619888003,Addis_alem,ET030619
ET030619888001,Agere_birhan,ET030619
ET030619888002,Agere_hiwot,ET030619
ET030619888006,Andinet_mariyam,ET030619
ET030619888007,Boha_geltim,ET030619
ET030619888012,Brur,ET030619
ET030619888005,Debre_selam,ET030619
ET030619888004,Debre_tsehay,ET030619
ET030619888013,Debre_yibabe,ET030619
ET030619888008,Fikr_lehager,ET030619
ET030619888011,Gomadur_silase,ET030619
ET030619888017,Hiwote_selam,ET030619
ET030619201001,Kernewary,ET030619
ET030619101001,Sede,ET030619
ET030619888009,Selam_abebe,ET030619
ET030619888016,Sereke_birhan,ET030619
ET030619888014,Shime,ET030619
ET030619888015,Zelalem_desta,ET030619
ET030618101006,Mota 01,ET030694
ET030618101002,Mota 02,ET030694
ET030618101001,Mota 06,ET030694
ET030618101005,Motta 03,ET030694
ET030618101004,Motta 04,ET030694
ET030618101003,Motta 05,ET030694
ET030620101001,1,ET030698
ET030620101002,2,ET030698
ET030621101005,Kebele 01,ET030699
ET030621101001,Kebele 02,ET030699
ET030621101003,Kebele 03,ET030699
ET030621101002,Kebele 04,ET030699
ET030621101004,Kebele 05,ET030699
ET030705888019,Abay_Sangb,ET030705
ET030705888007,Abekeres_Yikora,ET030705
ET030705888011,Abesken,ET030705
ET030705888005,Abiyot_ Chora,ET030705
ET030705888028,Achayta,ET030705
ET030705201001,Agut,ET030705
ET030705888015,Alibo,ET030705
ET030705888021,Ambisi,ET030705
ET030705888024,Asewa,ET030705
ET030705888022,Baharzafa,ET030705
ET030705888025,Gafti,ET030705
ET030705888006,Gendatememe,ET030705
ET030705101001,Gish_abay_01,ET030705
ET030705101002,Gish_abay_02,ET030705
ET030705888004,Gitem_Terara,ET030705
ET030705888002,Gualesa_Jubele,ET030705
ET030705888009,Gule_Shalegna,ET030705
ET030705888013,Gumbela,ET030705
ET030705888027,Gundele,ET030705
ET030705888026,Jegrita,ET030705
ET030705888003,Kebesa,ET030705
ET030705888020,Kolel_Lecha,ET030705
ET030705888010,Lejambera,ET030705
ET030705888030,Lelima,ET030705
ET030705888017,Lichema,ET030705
ET030705888012,Magi_ Abegera,ET030705
ET030705888016,Rebugebeya,ET030705
ET030705888018,Sawsa_Goder,ET030705
ET030705888008,Selsela _Durashali,ET030705
ET030705888014,Shafra_Dawrit,ET030705
ET030705888001,Surba_Befeta,ET030705
ET030705888029,Tilem,ET030705
ET030705888023,Zegeza,ET030705
ET030706888016,Asheti Lieba Gedel,ET030706
ET030706888013,Ashetitaliya,ET030706
ET030706888019,Ayen Yibert,ET030706
ET030706888007,Ber Mikael,ET030706
ET030706888025,Biterfo,ET030706
ET030706888006,Boenku,ET030706
ET030706888008,Bores Boskos,ET030706
ET030706888026,Butla Chever,ET030706
ET030706888002,Chefakit Mekorkoy,ET030706
ET030706888012,Dgunaguancha,ET030706
ET030706888017,Dinja Tion,ET030706
ET030706888005,Diwaro Seyifatra,ET030706
ET030706888018,Enangiya,ET030706
ET030706888004,Endirans,ET030706
ET030706888001,Fegeta Chegodie,ET030706
ET030706888022,Gebeze Mariyam,ET030706
ET030706101001,Gebeze Mariyam01,ET030706
ET030706101002,Gebeze Mariyam02,ET030706
ET030706201001,Genet Abo01,ET030706
ET030706888029,Genet Dilandi,ET030706
ET030706888010,Gomit Dwaro,ET030706
ET030706888024,Grarma,ET030706
ET030706888021,Hareg Mihat,ET030706
ET030706888014,Kibeb Shelamie,ET030706
ET030706888027,Maya Gebriel,ET030706
ET030706888015,Megdom Aser,ET030706
ET030706888020,Mircha Gonado,ET030706
ET030706888023,Quarit Nechilala,ET030706
ET030706888028,Semogn Solela,ET030706
ET030706888003,Shat,ET030706
ET030706888009,Weyibegn,ET030706
ET030706888011,Zambit Zguda,ET030706
ET030707101001,1,ET030707
ET030707101002,2,ET030707
ET030707888021,Abeyala Ayketuba,ET030707
ET030707888023,Ageminger,ET030707
ET030707888024,Akilat Weybeyign,ET030707
ET030707888033,Amja Wofchana,ET030707
ET030707888006,Arefa Masikana,ET030707
ET030707888004,Arefa Medehanialem,ET030707
ET030707888032,Bokses Abagera,ET030707
ET030707888003,Chewanie Behandie,ET030707
ET030707888026,Damot Sifatra,ET030707
ET030707888016,Damot Tsion,ET030707
ET030707888008,Dega Chat Worka,ET030707
ET030707888025,Dekul Kana,ET030707
ET030707888028,Dengay Ber,ET030707
ET030707888014,Fenkatit Gendawuha,ET030707
ET030707888012,Feresbet Mikael,ET030707
ET030707888018,Filatit Aqabit,ET030707
ET030707888015,Genbo Silasie,ET030707
ET030707888005,Gens Tekilehymanot,ET030707
ET030707888019,Gesagis Shimberema,ET030707
ET030707888007,Geshet Selasie,ET030707
ET030707888030,Giwez Debtera,ET030707
ET030707888011,Gudeba Sqela,ET030707
ET030707888022,Guwansit Gudyamie,ET030707
ET030707888002,Lijengus Chat Worka,ET030707
ET030707888001,Meles Mesana Meda,ET030707
ET030707888009,Santima Yeshohl,ET030707
ET030707888029,Senebo Genete Maryam,ET030707
ET030707888013,Shangi Derekie,ET030707
ET030707888027,Tame,ET030707
ET030707888020,Telim Butela,ET030707
ET030707888010,Teter Genbil,ET030707
ET030707888031,Tigray Debdebo,ET030707
ET030707888017,Zequala Wegem,ET030707
ET030708101001,Addisalem 01,ET030708
ET030708888028,Addiszemen,ET030708
ET030708888001,Angot Yedegera,ET030708
ET030708888005,Anjenie,ET030708
ET030708888023,Astebog,ET030708
ET030708888008,Beteseyda Wadan,ET030708
ET030708888011,Daba,ET030708
ET030708888007,Debdebo Giratsion,ET030708
ET030708888024,Egziabherab,ET030708
ET030708888002,Enamora,ET030708
ET030708888029,Enewend,ET030708
ET030708888027,Gedeb,ET030708
ET030708888006,Gelila,ET030708
ET030708888009,Ginb Beteseyda,ET030708
ET030708888014,Godber,ET030708
ET030708888022,Jagirab,ET030708
ET030708888026,Kendamo,ET030708
ET030708888003,Kurfa,ET030708
ET030708888015,Lejet,ET030708
ET030708888030,Mekar Legabedes,ET030708
ET030708888016,Sazuri Demela,ET030708
ET030708888013,Sensen,ET030708
ET030708888010,Shimna Abidender,ET030708
ET030708888020,Wad,ET030708
ET030708888004,Woncher Sidest Dong,ET030708
ET030708201001,Yechereka,ET030708
ET030708888012,Yechereka Tsion,ET030708
ET030708888018,Yemehel,ET030708
ET030708888017,Yesheboch Mekelamo,ET030708
ET030708888019,Yetsed,ET030708
ET030708888021,Yewerda Wojet,ET030708
ET030708888025,Zeleka,ET030708
ET030709101001,1,ET030709
ET030709101002,2,ET030709
ET030709888031,Abasem Zeguy,ET030709
ET030709888009,Agivi Wonjela,ET030709
ET030709888028,Agomamit Teblima,ET030709
ET030709888013,Amistegna Yefoda,ET030709
ET030709888007,Arbawashe Maryam,ET030709
ET030709888033,Arbeyituensesa,ET030709
ET030709888003,Atati Asheti,ET030709
ET030709888034,Awent Menz,ET030709
ET030709888002,Azemer Yebadi,ET030709
ET030709888019,Berkegn Berbey,ET030709
ET030709888017,Bugi Goshefej,ET030709
ET030709888005,Dingera Maryam,ET030709
ET030709888001,Dumeri Tengefa,ET030709
ET030709888018,Erados Akilat,ET030709
ET030709888038,Ergib Kebero Meda,ET030709
ET030709888011,Fetegem Digit,ET030709
ET030709888036,Firat Adankegn,ET030709
ET030709888032,Goref Qawunicha,ET030709
ET030709888029,Guaye Wobeshet,ET030709
ET030709888023,Hodanish Gategon,ET030709
ET030709888022,Jiga Yilmdar,ET030709
ET030709888035,Jimat Enkokima,ET030709
ET030709888010,Kuni Sankista,ET030709
ET030709888004,Malan Lijet,ET030709
ET030709888026,Mana Wostegult,ET030709
ET030709201001,Mankusa 01 Kebele,ET030709
ET030709888030,Mankusa Abedgoma,ET030709
ET030709888024,Mebeshe,ET030709
ET030709888008,Mekircha Segodit,ET030709
ET030709888014,Mender Miter,ET030709
ET030709888021,Mercha Borabour,ET030709
ET030709888015,Shemabad Wokato,ET030709
ET030709888020,Wengia Berken,ET030709
ET030709888025,Woga Guansa,ET030709
ET030709888037,Woyinma Workima,ET030709
ET030709888016,Yeraber Girgireya,ET030709
ET030709888012,Yeshert Jaguria,ET030709
ET030709888027,Zaba Tsion,ET030709
ET030709888006,Zengebale Bedega,ET030709
ET030710888007,Adel Agata,ET030710
ET030710888003,Ageni Fereda,ET030710
ET030710888011,Alefa,ET030710
ET030710888005,Arebisi Menfesawit,ET030710
ET030710888019,Bokotabo,ET030710
ET030710888010,Denbun,ET030710
ET030710201001,Fetam Sontom,ET030710
ET030710888018,Fetam Sontom,ET030710
ET030710888015,Fezel,ET030710
ET030710888017,Gedam Lejamor,ET030710
ET030710888012,Gulem Denjin,ET030710
ET030710888002,Jib Gedel,ET030710
ET030710101001,Quchi 01,ET030710
ET030710101002,Quchi 02,ET030710
ET030710888013,Sertekez,ET030710
ET030710888001,Shakua,ET030710
ET030710888009,Tiya Tiya,ET030710
ET030710888008,Wadera Gindeba,ET030710
ET030710888004,Weheni Durbetie,ET030710
ET030710888006,Weynema Anbaye,ET030710
ET030710888014,Zalema Shembekuma,ET030710
ET030710888016,Zeyew Shunl,ET030710
ET030711888009,Burafer Arbagel,ET030711
ET030711888011,Chirar Galibid,ET030711
ET030711888001,Coki,ET030711
ET030711888017,Coli Mavil,ET030711
ET030711888006,Dafni Shambla,ET030711
ET030711888008,Damb Belima,ET030711
ET030711888004,Dende Shende,ET030711
ET030711888018,Gomer Dond,ET030711
ET030711888010,Heret Agama,ET030711
ET030711888019,Jewambi,ET030711
ET030711101002,Kebele 01,ET030711
ET030711101001,Kebele 02,ET030711
ET030711888015,Kentefin,ET030711
ET030711888003,Markuma,ET030711
ET030711888016,Marwoled,ET030711
ET030711888007,Sebadar Abanakalo,ET030711
ET030711888002,Wazngis Wogereb,ET030711
ET030711888005,Wobo Legesema,ET030711
ET030711888013,Wogedad Yayshal,ET030711
ET030711888012,Woynma Asess,ET030711
ET030711888014,Yergin,ET030711
ET030714101001,Bakel Abatir,ET030714
ET030714101003,Fenoteslam_01kebele,ET030714
ET030714101005,Fenoteslam_02 Kebele,ET030714
ET030714101004,Fenoteslam_03kebele,ET030714
ET030714101002,Fenoteslam_04 Kebele,ET030714
ET030714101006,Shenbekuma Yidefas,ET030714
ET030715101001,Dembecha 01,ET030717
ET030715101002,Dembecha 02,ET030717
ET030716888004,Baguna Kebesa,ET030798
ET030716101003,Kebele 01,ET030798
ET030716101002,Kebele 02,ET030798
ET030716101001,Kebele 03,ET030798
ET030716101004,Kebele 04,ET030798
ET030716888003,Tengeha,ET030798
ET030716888002,Wangedam,ET030798
ET030716888001,Wundegi,ET030798
ET030801888014,Adiss Alem,ET030801
ET030801888008,Adissu Fire,ET030801
ET030801888003,Debre Abay,ET030801
ET030801888010,Debre Abeba,ET030801
ET030801888005,Debre Hiwot,ET030801
ET030801888004,Debre Tsehay,ET030801
ET030801888012,Dil Betigil,ET030801
ET030801888001,Hagere Selam,ET030801
ET030801888013,Netsa Werk,ET030801
ET030801888011,Netsanet Bedrijit,ET030801
ET030801888007,Netsanet Melkam,ET030801
ET030801888009,Nika Tederaj,ET030801
ET030801888006,Riese Genet,ET030801
ET030801888002,Semen Ber,ET030801
ET030801101001,Tsitska,ET030801
ET030807888013,017 Ekiliwa,ET030802
ET030807888025,03 Hamusit,ET030802
ET030807888024,04 Walmariam,ET030802
ET030807888023,05 Abiya,ET030802
ET030807888022,06 Rubaria,ET030802
ET030807888021,07 Deblmariam,ET030802
ET030807888008,09 Bagimila,ET030802
ET030807888010,Adisalem,ET030802
ET030807888014,Akim Ena Atseleya,ET030802
ET030807888016,Birbir,ET030802
ET030807888001,Dabre Berhan,ET030802
ET030807888015,Ekeme Tserewa 15,ET030802
ET030807888006,Feya,ET030802
ET030807401001,Hamusit,ET030802
ET030807888007,Jerba,ET030802
ET030807888011,Keba,ET030802
ET030807888018,Lay Sayda,ET030802
ET030807888012,Mayelomi,ET030802
ET030807888004,Maygundo,ET030802
ET030807888009,Sawena,ET030802
ET030807888005,Sereal,ET030802
ET030807888017,Shimdir,ET030802
ET030807201001,Siryel,ET030802
ET030807888020,Tiya,ET030802
ET030807101001,Tsemera,ET030802
ET030807888003,Tsemera,ET030802
ET030807888019,Wolehe,ET030802
ET030807888002,Zuna,ET030802
ET030803101001,01 Amdewerk,ET030803
ET030803888029,Abam,ET030803
ET030803888016,Ayinmaryam,ET030803
ET030803888023,Azilla,ET030803
ET030803888013,Biribira,ET030803
ET030803201001,Chila,ET030803
ET030803888010,Chila,ET030803
ET030803888026,Chirguz,ET030803
ET030803888003,Diba,ET030803
ET030803888019,Dida,ET030803
ET030803888018,Dura,ET030803
ET030803888021,Gakiw,ET030803
ET030803888028,Golegotta,ET030803
ET030803888024,Gomenge,ET030803
ET030803888022,Guld,ET030803
ET030803888020,Guramba,ET030803
ET030803888015,Ketema Zuriya,ET030803
ET030803301001,Kozba,ET030803
ET030803888009,Kozba,ET030803
ET030803888004,Menshewa,ET030803
ET030803888025,Seramire,ET030803
ET030803888011,Shimamidan,ET030803
ET030803888008,Shimela,ET030803
ET030803888007,Shimititiku,ET030803
ET030803888027,Silda,ET030803
ET030803888001,Siwura,ET030803
ET030803888014,Tiban Ziba,ET030803
ET030803888005,Tigil Andinet,ET030803
ET030803888002,Tsamla,ET030803
ET030803888017,Tsere Walla,ET030803
ET030803888030,Wezaba,ET030803
ET030803888006,Yekatit Dewol,ET030803
ET030803888012,Zelanka Mariyam,ET030803
ET030804888015,Abekat(016),ET030804
ET030804888016,Arka(014),ET030804
ET030804888006,Asketema Zuria,ET030804
ET030804101001,Asketema(01),ET030804
ET030804888018,Astekual(012),ET030804
ET030804888004,Bella(019),ET030804
ET030804888002,Debreweyla(02),ET030804
ET030804888007,Degola(05),ET030804
ET030804888019,Dfkua(010),ET030804
ET030804888001,Diwna(01),ET030804
ET030804888010,Egziabherab(017),ET030804
ET030804888020,Hawariapetros(011),ET030804
ET030804888017,Kewabahra(015),ET030804
ET030804888013,Lalkiw(09),ET030804
ET030804888003,Meskelo(020),ET030804
ET030804888008,Miyo(06),ET030804
ET030804888009,Mkogo(04),ET030804
ET030804888011,Taba(08),ET030804
ET030804888014,Tikr(013),ET030804
ET030804888012,Tsadik(07),ET030804
ET030804888005,Zarota(018),ET030804
ET030805888006,01 Maernet,ET030805
ET030805888016,010 Dihrgiba,ET030805
ET030805888005,011 Adis Zelay,ET030805
ET030805888004,012 Tselare Jergem,ET030805
ET030805888003,013 Ambadago,ET030805
ET030805888001,014 Debi,ET030805
ET030805888002,015 Beleka,ET030805
ET030805888015,016 Kuaro,ET030805
ET030805888007,02 Debre Birhan,ET030805
ET030805888008,03 Saka,ET030805
ET030805888009,04 Workadino,ET030805
ET030805888011,05 Tsana,ET030805
ET030805888012,06 Genet,ET030805
ET030805888010,07 Fertatku,ET030805
ET030805888013,08 Shirfamba,ET030805
ET030805888014,09 Seriya,ET030805
ET030805101001,Newrak,ET030805
ET030806888006,Akign,ET030806
ET030806888008,Atlam,ET030806
ET030806888009,Barwa,ET030806
ET030806888002,Bilaza,ET030806
ET030806888005,Chana,ET030806
ET030806888004,Finwa,ET030806
ET030806888007,Guaroch,ET030806
ET030806888003,Meharit,ET030806
ET030806888010,Mendere Cherkos,ET030806
ET030806888001,Michilikan Debreselam,ET030806
ET030806101001,O1 Meshiha,ET030806
ET030806888012,Slazge,ET030806
ET030806888011,Tirshiman,ET030806
ET030802888002,03 Kebele,ET030807
ET030802888001,04 Kebele,ET030807
ET030802101001,Kebele 01,ET030807
ET030802101002,Kebele 02,ET030807
ET030808888010,Arisherwa,ET030808
ET030808888004,Bad,ET030808
ET030808888007,Beleka,ET030808
ET030808888006,Chire,ET030808
ET030808888001,Etikinu,ET030808
ET030808888002,Mikun,ET030808
ET030808888005,Selamge,ET030808
ET030808888003,Shemil Albeta,ET030808
ET030808101001,Tsata,ET030808
ET030808888008,Tsata,ET030808
ET030808888009,Zanziba,ET030808
ET030901888003,Abedra,ET030901
ET030901888010,Afesa,ET030901
ET030901888002,Agaga,ET030901
ET030901888021,Alefa Kaecha,ET030901
ET030901888025,Badanie,ET030901
ET030901101001,Chara Ketema 01,ET030901
ET030901888027,Demesa Timeme,ET030901
ET030901888006,Dengeshita,ET030901
ET030901888020,Dibaka Sinkuri,ET030901
ET030901888017,Dubie,ET030901
ET030901888014,Gayeta,ET030901
ET030901201001,Gisa Ketma 01,ET030901
ET030901888022,Gisa Mariam,ET030901
ET030901888024,Gissa Balegzabehaier,ET030901
ET030901888007,Gulite Abiskane,ET030901
ET030901888015,Gumedri Abla Akena,ET030901
ET030901888018,Jibna,ET030901
ET030901888026,Kanecha Kakurta,ET030901
ET030901888023,Kansen Sambri,ET030901
ET030901888016,Kaudisha,ET030901
ET030901888008,Liegaba,ET030901
ET030901888004,Manguda,ET030901
ET030901888019,Mayiel Bach,ET030901
ET030901888013,Misrak Zelesa,ET030901
ET030901888011,Muksie,ET030901
ET030901888028,Wahesa Cabilta,ET030901
ET030901888001,Wendfaye,ET030901
ET030901888005,Wufita Datie,ET030901
ET030901888009,Wumbirie,ET030901
ET030901888012,Zuniga,ET030901
ET030901888029,Zurzur,ET030901
ET030902888019,Akana Jufi,ET030902
ET030902888012,Akayita Gashena,ET030902
ET030902888006,Ariseha Gmbeha,ET030902
ET030902888015,Asemslasie,ET030902
ET030902888014,Asera Ambesna,ET030902
ET030902888003,Askuna Abo,ET030902
ET030902888024,Ateta Alayita,ET030902
ET030902888002,Barie,ET030902
ET030902888013,Basa Guna,ET030902
ET030902888008,Bata Ambi,ET030902
ET030902888009,Bidagejola,ET030902
ET030902888010,Chavnagisa,ET030902
ET030902888022,Dangiya Kidanemhret,ET030902
ET030902201001,Dinkara,ET030902
ET030902888025,Gagasta,ET030902
ET030902888020,Gurja Gomerta,ET030902
ET030902888016,Janguta Kanch,ET030902
ET030902101001,Kesa O1,ET030902
ET030902888011,Kesachewssa,ET030902
ET030902888021,Kuach Kuach Wadena,ET030902
ET030902888018,Meselachayti,ET030902
ET030902301001,Qdamaja,ET030902
ET030902888007,Sankit Ldeta,ET030902
ET030902888004,Senkesa,ET030902
ET030902888023,Surta,ET030902
ET030902888017,Wuslakndikan,ET030902
ET030902888005,Zik Gomerta,ET030902
ET030902888001,Zufariabsktem,ET030902
ET030903888004,Ayisa,ET030903
ET030903888002,Bakona,ET030903
ET030903888014,Banay Guns,ET030903
ET030903888010,Bekafta,ET030903
ET030903888015,Buya,ET030903
ET030903888013,Denzuria,ET030903
ET030903888016,Digusha,ET030903
ET030903888007,Dimama,ET030903
ET030903888009,Gewona,ET030903
ET030903101001,Gimjabet 01,ET030903
ET030903101002,Gimjabet 02,ET030903
ET030903888011,Hateta,ET030903
ET030903888006,Manjatenkosha,ET030903
ET030903888001,Mesela,ET030903
ET030903888012,Sositu Gimjabet,ET030903
ET030903888008,Sositu Tirba,ET030903
ET030903888005,Tulta,ET030903
ET030903888003,Zewula,ET030903
ET030904888001,Abeba,ET030904
ET030904888015,Addisalem,ET030904
ET030904888012,Ambiki,ET030904
ET030904888005,Anguaye,ET030904
ET030904888010,Awara Aregawi,ET030904
ET030904888018,Bezerakeni,ET030904
ET030904888009,Chajjamiko,ET030904
ET030904888004,Dangula,ET030904
ET030904888013,Lunsie Degera,ET030904
ET030904101001,Mentawuha,ET030904
ET030904888016,Mota,ET030904
ET030904888007,Semen Degera,ET030904
ET030904888006,Sigadie,ET030904
ET030904888011,Tengeha,ET030904
ET030904201001,Tiregi,ET030904
ET030904888003,Tiregi,ET030904
ET030904888002,Tirubirehan,ET030904
ET030904888008,Wayikela,ET030904
ET030904888017,Yechereka,ET030904
ET030904301001,Yimali,ET030904
ET030904888014,Yimali,ET030904
ET030905101002,1,ET030905
ET030905101001,2,ET030905
ET030905888001,Amen Abo,ET030905
ET030905888019,Amesha Shinkurie,ET030905
ET030905888003,Ashewa Afra,ET030905
ET030905888007,Aswa Finzit,ET030905
ET030905888023,Ayjasta Ageta,ET030905
ET030905888025,Aykalta Ankurie,ET030905
ET030905888004,Azemach Lulista,ET030905
ET030905301001,Chigali,ET030905
ET030905888024,Chigali Kachelta,ET030905
ET030905888022,Dagi Abola,ET030905
ET030905888010,Dimama Angeref,ET030905
ET030905888002,Dimama Manguda,ET030905
ET030905888027,Duche Sati Fesisi,ET030905
ET030905888017,Endewuha,ET030905
ET030905888012,Fagita Tuji,ET030905
ET030905201001,Fagta Tuji,ET030905
ET030905888015,Furi Jegola,ET030905
ET030905888018,Gafera,ET030905
ET030905888021,Gezehera Awudi,ET030905
ET030905888005,Gula Georgise,ET030905
ET030905888020,Kauri Gohena,ET030905
ET030905888026,Nechela Ageta,ET030905
ET030905888014,Sigla Dawuna,ET030905
ET030905888009,Sigla Kidanmihiret,ET030905
ET030905888013,Sigla Teklehaymahot,ET030905
ET030905888006,Tafoch Danbul,ET030905
ET030905888011,Washa Ambaw,ET030905
ET030905888008,Waze,ET030905
ET030905888016,Zenbela,ET030905
ET030906301001,1,ET030906
ET030906301002,2,ET030906
ET030906888019,Adiseoine,ET030906
ET030906888010,Adwenje,ET030906
ET030906888015,Alikerde,ET030906
ET030906888018,Argabo,ET030906
ET030906888022,Asech Melkan,ET030906
ET030906888020,Ayilma Gebrilye,ET030906
ET030906888005,Bagusa Kidanmeherte,ET030906
ET030906888003,Bagussa Maryiam,ET030906
ET030906888012,Basaye Medihanialem,ET030906
ET030906888025,Bunijera,ET030906
ET030906101001,Dek 01,ET030906
ET030906888027,Dek Werkehager,ET030906
ET030906888026,Dek Zergente,ET030906
ET030906888024,Dier Mariyem,ET030906
ET030906888011,Filefile,ET030906
ET030906888008,Gonjie,ET030906
ET030906888017,Jahiemala,ET030906
ET030906201001,Kaba Abo,ET030906
ET030906888007,Kebetilye,ET030906
ET030906888004,Kezkeze Maryiam,ET030906
ET030906888001,Kezkezite,ET030906
ET030906888016,Kumber,ET030906
ET030906888006,Mariam Wuha,ET030906
ET030906888002,Menbeloke,ET030906
ET030906888023,Obo Maryiem,ET030906
ET030906888013,Sewatebe,ET030906
ET030906888021,Simeda Ferite,ET030906
ET030906888014,Wenbelase,ET030906
ET030906888009,Zenzen,ET030906
ET030907101001,1,ET030907
ET030907101002,2,ET030907
ET030907888010,Abesela Warda Samual,ET030907
ET030907888013,Adega Wubaji,ET030907
ET030907888005,Ageza Garda Elias,ET030907
ET030907888006,Ashifa Bahra Derewa,ET030907
ET030907888007,Askuna Ageza,ET030907
ET030907888014,Baguna,ET030907
ET030907888009,Chava Zimbrie,ET030907
ET030907888011,Gusha,ET030907
ET030907888004,Jibayita,ET030907
ET030907888012,Shinkurta Gelelayt Absela,ET030907
ET030907888002,Wonjela,ET030907
ET030907888008,Wumbriie Fikre Yohanes,ET030907
ET030907888001,Zagra,ET030907
ET030907888003,Zala,ET030907
ET030909301001,Ambela,ET030908
ET030909888003,Ambela,ET030908
ET030909888015,Ambera,ET030908
ET030909101001,Azena,ET030908
ET030909888001,Chaja Giyorgis,ET030908
ET030909888002,Chaja Kibrta,ET030908
ET030909888010,Chaja Mekeale,ET030908
ET030909888016,Chibachibasa,ET030908
ET030909888007,Dadi Dengeseb,ET030908
ET030909888017,Degera,ET030908
ET030909888014,Dikuna Dereb,ET030908
ET030909201001,Ehudit,ET030908
ET030909888005,Enavara,ET030908
ET030909888004,Gorie Ena Zaga,ET030908
ET030909888011,Konzena,ET030908
ET030909888006,Kupar,ET030908
ET030909888008,Sositu Jebela,ET030908
ET030909888012,Sositu Segno,ET030908
ET030909888013,Sositu Shumata,ET030908
ET030909888009,Wunbrie Wundig,ET030908
ET030911101003,1,ET030996
ET030911101005,2,ET030996
ET030911101001,3,ET030996
ET030911101002,5,ET030996
ET030911101004,Kebele 04 and Enjibara University,ET030996
ET030908201001,1,ET030997
ET030908888017,Abay Kolob,ET030997
ET030908888015,Aberach Zazibel,ET030997
ET030908888013,Ahtie,ET030997
ET030908888018,Akako Arja,ET030997
ET030908888014,Akako Sarwi,ET030997
ET030908888003,Ambukay Gefecha,ET030997
ET030908888012,Awasha,ET030997
ET030908888006,Aywah Serkaysa,ET030997
ET030908888001,Gisayta,ET030997
ET030908888008,Gmrena Wagesat,ET030997
ET030908101001,Goha,ET030997
ET030908888007,Guder Jawi,ET030997
ET030908888009,Guhanaj,ET030997
ET030908888002,Gunga Ena Dihi,ET030997
ET030908301001,Jemora,ET030997
ET030908888011,Jemora,ET030997
ET030908888004,Kulie,ET030997
ET030908888010,Nana Chebela,ET030997
ET030908888016,Sas Dubakicha,ET030997
ET030908888019,Sorit,ET030997
ET030908888005,Tsiwuli,ET030997
ET030912101008,1,ET030998
ET030912101007,2,ET030998
ET030912101006,3,ET030998
ET030912101005,4,ET030998
ET030912101004,5,ET030998
ET030912101009,Baecha Beryita,ET030998
ET030912101001,Girarege Gangeta,ET030998
ET030912101003,Zeiesa Simelta,ET030998
ET030912101002,Ziguda,ET030998
ET030912101010,Ziubera,ET030998
ET030910101005,1,ET030999
ET030910101004,2,ET030999
ET030910101002,3,ET030999
ET030910101001,4,ET030999
ET030910101003,5,ET030999
ET031001888012,Adame Jelelesa,ET031001
ET031001888003,Bedeno,ET031001
ET031001888016,Bilacha,ET031001
ET031001888010,Bilida,ET031001
ET031001888020,Chiret,ET031001
ET031001888017,Dindin,ET031001
ET031001888002,Dirma,ET031001
ET031001888006,Dodo,ET031001
ET031001888011,Gebey Dulecha,ET031001
ET031001888015,Gerbi,ET031001
ET031001888018,Goda,ET031001
ET031001888013,Gur,ET031001
ET031001888007,Haro Bakelo,ET031001
ET031001888005,Haro Gobensa,ET031001
ET031001888024,Jirota,ET031001
ET031001888021,Kelo,ET031001
ET031001888023,Ketema Gula,ET031001
ET031001888019,Rike Gelana,ET031001
ET031001888009,Selama,ET031001
ET031001888004,Serte,ET031001
ET031001301001,Shekla,ET031001
ET031001888008,Shekla,ET031001
ET031001888001,Sitr,ET031001
ET031001888014,Teref,ET031001
ET031001888022,Tsigie Gula,ET031001
ET031001101001,Tuche,ET031001
ET031001201001,Weledi,ET031001
ET031002888014,Bira,ET031002
ET031002888024,Bofakemise,ET031002
ET031002888026,Burka,ET031002
ET031002888015,Chachatu,ET031002
ET031002888001,Chefahureso,ET031002
ET031002888017,Chekorti,ET031002
ET031002888025,Cheleleka,ET031002
ET031002888022,Dameto,ET031002
ET031002888011,Ela,ET031002
ET031002888016,Fura,ET031002
ET031002888008,Gariro,ET031002
ET031002888020,Gerfaurene,ET031002
ET031002888005,Gure,ET031002
ET031002888018,Hato,ET031002
ET031002888010,Haware,ET031002
ET031002888009,Jeldeti,ET031002
ET031002888021,Kebele,ET031002
ET031002888003,Kopafo,ET031002
ET031002888007,Kurkura,ET031002
ET031002888019,Mamed,ET031002
ET031002888013,Melkalgo,ET031002
ET031002888002,Motuma,ET031002
ET031002888004,Selate,ET031002
ET031002888023,Teamelka,ET031002
ET031002888012,Urungo,ET031002
ET031002888006,Weyofelana,ET031002
ET031003888011,Alala Kukube,ET031003
ET031003888003,Arba Wayu,ET031003
ET031003888012,Awulala,ET031003
ET031003888018,Balch Tikurew,ET031003
ET031003201001,Balichi,ET031003
ET031003888016,Bete Ardaga,ET031003
ET031003301001,Betie,ET031003
ET031003888008,Dula Chereka,ET031003
ET031003888001,Ezgiye Guba Wacho,ET031003
ET031003888009,Fugnan Denbi,ET031003
ET031003888006,Gangaha Jeldi,ET031003
ET031003888014,Gerbi Dire Gelma,ET031003
ET031003888013,Gerbi Mudi Wacho,ET031003
ET031003888015,Goda Chole,ET031003
ET031003888010,Kodema Ereti,ET031003
ET031003888004,Lugo Burka Buna,ET031003
ET031003888002,Merewa Hadere,ET031003
ET031003888005,Metahora,ET031003
ET031003888017,Mute Fecha,ET031003
ET031003401001,Nanito,ET031003
ET031003101001,Senbete Zero And,ET031003
ET031003101002,Senbete Zero Hulet,ET031003
ET031003888007,Werelencha,ET031003
ET031003888019,Wesen Kurkur,ET031003
ET031004101001,1,ET031004
ET031004101002,2,ET031004
ET031004888002,Ashewa Lute,ET031004
ET031004888003,Bishe Ededa,ET031004
ET031004888018,Chaka,ET031004
ET031004888006,Chefa Derie,ET031004
ET031004888004,Cherti Debeso,ET031004
ET031004201001,Chireti,ET031004
ET031004888020,Derenisa Sedeko,ET031004
ET031004888005,Dimetu Chekorso,ET031004
ET031004888001,Edo Medine,ET031004
ET031004888022,Fati Komiboro,ET031004
ET031004888015,Fursi Muri,ET031004
ET031004888023,Gelo,ET031004
ET031004888009,Golibo Ariba,ET031004
ET031004888013,Hara,ET031004
ET031004888007,Hula Tekuye,ET031004
ET031004888019,Jara Kechema,ET031004
ET031004888008,Kelo Kebena,ET031004
ET031004888011,Kichicho,ET031004
ET031004888017,Kile,ET031004
ET031004888024,Merima Shasho,ET031004
ET031004888014,Rasa Aruke,ET031004
ET031004888016,Rasa Muri,ET031004
ET031004888021,Tenikaka Bechesa,ET031004
ET031004888010,Tere Aware,ET031004
ET031004888012,Wededer,ET031004
ET031005101001,01 Bora,ET031005
ET031005888005,Ajo,ET031005
ET031005888003,Buraksa,ET031005
ET031005888007,Dinkye,ET031005
ET031005888002,Dire,ET031005
ET031005888006,Gubesa,ET031005
ET031005201001,Harewa,ET031005
ET031005888004,Harewa,ET031005
ET031005888010,Kerebo Gende Dewe,ET031005
ET031005888008,Medine Kunyo,ET031005
ET031005888001,Tulu Bofa,ET031005
ET031005888009,Ureni Selama,ET031005
ET031005888011,Wachaka,ET031005
ET031006101006,1,ET031006
ET031006101005,2,ET031006
ET031006101001,3,ET031006
ET031006101002,4,ET031006
ET031006101003,5,ET031006
ET031006101004,6,ET031006
ET031006888001,Kachur(07),ET031006
ET031007101001,1,ET031099
ET031007101002,2,ET031099
ET031007101003,3,ET031099
ET031007101004,4,ET031099
ET031007888001,Kame,ET031099
ET031007888002,Salmene,ET031099
ET031102102003,Kebele 01,ET031102
ET031102102004,Kebele 02,ET031102
ET031102102001,Kebele 03,ET031102
ET031102102002,Kebele 04,ET031102
ET031103103004,Abenet,ET031103
ET031103103001,Giyon kebele and Pol Bahrdar Univesity,ET031103
ET031103103003,Hidase,ET031103
ET031103103002,Selam Ber,ET031103
ET031104104001,Abay Ras,ET031104
ET031104104003,Addis Alem,ET031104
ET031104104005,Ayer Tena,ET031104
ET031104104002,Maraki,ET031104
ET031104104004,Teyma,ET031104
ET031105105001,Kebele 01,ET031105
ET031105105002,Kebele 02,ET031105
ET031105105003,Kebele 03,ET031105
ET031106106005,Addis Amba,ET031106
ET031106106001,Finote,ET031106
ET031106106004,Marzeneb,ET031106
ET031106106002,Midre Genet,ET031106
ET031106106003,Selam,ET031106
ET031501888018,Adet,ET031107
ET031501888001,Adisalem,ET031107
ET031501888019,Adisalem Kulako,ET031107
ET031501888009,Bura,ET031107
ET031501888011,Dawuchena,ET031107
ET031501888006,Deganadir,ET031107
ET031501888007,Degazana,ET031107
ET031501101001,Ergoye,ET031107
ET031501888003,Ergoye,ET031107
ET031501888016,Gebriel,ET031107
ET031501201001,Gulkuakirakir,ET031107
ET031501888012,Gulkuakirakir,ET031107
ET031501888002,Kishagonderdeyo,ET031107
ET031501888008,Kolazana,ET031107
ET031501888010,Mayagam,ET031107
ET031501888005,Sarna,ET031107
ET031501888015,Sheni,ET031107
ET031501888017,Sifraleka,ET031107
ET031501301001,Soroka,ET031107
ET031501888004,Soroka,ET031107
ET031501888013,Wukro,ET031107
ET031501888014,Zigba,ET031107
ET031502101002,01 Tikil Dingay,ET031108
ET031502101001,02 Tikil Dingay,ET031108
ET031502888008,Abela Sayna,ET031108
ET031502888013,Adisge,ET031108
ET031502888005,Aleg Ena Muna,ET031108
ET031502888007,Ambezo,ET031108
ET031502888004,Atsemidir,ET031108
ET031502888001,Aynet Wha,ET031108
ET031502888009,Bamblo,ET031108
ET031502888021,Begamge,ET031108
ET031502888020,Birlebho,ET031108
ET031502888018,Chachkuna,ET031108
ET031502888028,Chankiya,ET031108
ET031502888015,Chila Dewol,ET031108
ET031502888010,Chira,ET031108
ET031502888023,Enchinako,ET031108
ET031502888026,Gizana,ET031108
ET031502888017,Gonderoch Mariyam,ET031108
ET031502888006,Gramta,ET031108
ET031502888003,Janikaw,ET031108
ET031502888002,Jeha,ET031108
ET031502888024,Jinkra,ET031108
ET031502888019,Kerewa Mezewa,ET031108
ET031502888014,Kerker Endibina,ET031108
ET031502888011,Kerkerbalegzaber,ET031108
ET031502888016,Mawra,ET031108
ET031502888027,Midraro,ET031108
ET031502201001,Robit,ET031108
ET031502888025,Sata,ET031108
ET031502888012,Shumaralomeye,ET031108
ET031502888022,Woynoch,ET031108
ET031502888029,Zerayge,ET031108
ET031503201002,1,ET031109
ET031503201001,2,ET031109
ET031503888017,Adisgie Arbachan,ET031109
ET031503888022,Ambagiyorgis Zuria,ET031109
ET031503888002,Asgedom,ET031109
ET031503888034,Ayiba,ET031109
ET031503888024,Baldergie,ET031109
ET031503888025,Birra,ET031109
ET031503888009,Buaksh,ET031109
ET031503888007,Chilfowonz,ET031109
ET031503888020,Chugie,ET031109
ET031503888033,Dabir,ET031109
ET031503888029,Dengordiba,ET031109
ET031503888035,Dergaj,ET031109
ET031503888010,Derowuha,ET031109
ET031503888031,Dibraso,ET031109
ET031503888003,Enkash,ET031109
ET031503101001,Gedebgie,ET031109
ET031503888019,Gunda,ET031109
ET031503888014,Gunko,ET031109
ET031503888011,Guntir Abo,ET031109
ET031503888023,Janjegol,ET031109
ET031503888026,Jejeh,ET031109
ET031503888018,Keltew,ET031109
ET031503888004,Ken Bada,ET031109
ET031503888006,Kentiba,ET031109
ET031503888021,Kosoye,ET031109
ET031503888027,Kurajig,ET031109
ET031503888001,Mereba,ET031109
ET031503888012,Mito,ET031109
ET031503888037,Nora,ET031109
ET031503888028,Santatikm,ET031109
ET031503888016,Sawura,ET031109
ET031503888013,Senbetigie,ET031109
ET031503888038,Taga,ET031109
ET031503888008,Tiwa,ET031109
ET031503888036,Tsadikan,ET031109
ET031503888030,Wonzye,ET031109
ET031503888005,Workedemo,ET031109
ET031503888015,Woybey,ET031109
ET031503888032,Yisak Debir,ET031109
ET031504888037,Abowarka,ET031110
ET031504888005,Abunesumra,ET031110
ET031504888024,Anba Chira,ET031110
ET031504888006,Anbober,ET031110
ET031504888004,Aruagie,ET031110
ET031504888003,Ayivaeysues,ET031110
ET031504888018,Bahiry Ginb,ET031110
ET031504888012,Buerbuax,ET031110
ET031504888029,Chihra,ET031110
ET031504888017,Chinchaye,ET031110
ET031504888023,Dasmaryam,ET031110
ET031504888039,Debreselam,ET031110
ET031504888034,Debsan Tekara,ET031110
ET031504888013,Degola,ET031110
ET031504201001,Degoma,ET031110
ET031504888014,Denkez,ET031110
ET031504888002,Dewa Damot,ET031110
ET031504888016,Dinzaz,ET031110
ET031504888032,Firka,ET031110
ET031504888038,Gubayi,ET031110
ET031504888010,Hamsa Fegi,ET031110
ET031504301001,Infranz,ET031110
ET031504888022,Jayra,ET031110
ET031504101001,Kebele 01,ET031110
ET031504101002,Kebele 02,ET031110
ET031504888020,Laye Duge,ET031110
ET031504888030,Lenba Arbaytu,ET031110
ET031504888007,Macha,ET031110
ET031504888028,Mantrno,ET031110
ET031504888026,Merdo,ET031110
ET031504888009,Minichir Gebriel,ET031110
ET031504888011,Minzro,ET031110
ET031504888036,Mitrha,ET031110
ET031504888035,Sebha Gebreal,ET031110
ET031504888001,Sehor Gultoch,ET031110
ET031504888033,Sehor Sarwuha,ET031110
ET031504888040,Sendeba,ET031110
ET031504888031,Sheha Gomengi,ET031110
ET031504888025,Shewana,ET031110
ET031504888008,Tach Tseda,ET031110
ET031504888021,Tsion,ET031110
ET031504888027,Yemada,ET031110
ET031504888015,Zantra,ET031110
ET031504888019,Zengaj,ET031110
ET031505888013,Abin,ET031115
ET031505888003,Adi Taya Kentefa,ET031115
ET031505888024,Ahicha Mangur,ET031115
ET031505888009,Amchaho,ET031115
ET031505888010,Atsede Mariam,ET031115
ET031505888020,Atuga,ET031115
ET031505888017,Atuga Fered,ET031115
ET031505888021,Beles Zirgy,ET031115
ET031505888011,Betesemaniya,ET031115
ET031505888034,Bira Gawuda,ET031115
ET031505888016,Chara Sekela,ET031115
ET031505888007,Cheba Wawuy,ET031115
ET031505888004,Chima,ET031115
ET031505888023,Dengel Ber,ET031115
ET031505101001,Dengelber,ET031115
ET031505888027,Emibita Degon,ET031115
ET031505888022,Esey Debir,ET031115
ET031505888014,Finjet,ET031115
ET031505888026,Gamawbar,ET031115
ET031505888002,Garasigie,ET031115
ET031505888032,Geneta Goneser,ET031115
ET031505888006,Geniza Kidanemihiret,ET031115
ET031505888029,Gigirsi Kamidiba,ET031115
ET031505888033,Gunicha Godgudit,ET031115
ET031505301001,Kebele_01,ET031115
ET031505888019,Kesen Mashigie,ET031115
ET031505888005,Lemibez,ET031115
ET031505888030,Mengela Abajiwuha,ET031115
ET031505888008,Mogeda Endona,ET031115
ET031505888001,Quaqua,ET031115
ET031505888028,Saba Abatatir,ET031115
ET031505201002,Shawera 01,ET031115
ET031505201001,Shawera 02,ET031115
ET031505888025,Tarashahura,ET031115
ET031505888031,Uzi Anikelafita,ET031115
ET031505888018,Wangie Tegana,ET031115
ET031505888015,Wondelef,ET031115
ET031505888012,Zeker,ET031115
ET031508888003,Abay,ET031120
ET031508301001,Asherie,ET031120
ET031508888005,Asherie,ET031120
ET031508888017,Banble,ET031120
ET031508888014,Berberseg,ET031120
ET031508888018,Bifegn Kebele,ET031120
ET031508888015,Chilquana,ET031120
ET031508888002,Chirkign,ET031120
ET031508888035,Dazihon,ET031120
ET031508888027,Debresina,ET031120
ET031508888001,Delesa,ET031120
ET031508888004,Dogaw,ET031120
ET031508888011,Duli,ET031120
ET031508888021,Felfel,ET031120
ET031508888026,Fuchena,ET031120
ET031508888034,Genbera,ET031120
ET031508101001,Hidasie,ET031120
ET031508888019,Jansuma,ET031120
ET031508888009,Jingir,ET031120
ET031508888032,Kamfenta,ET031120
ET031508888013,Kenbew,ET031120
ET031508888007,Kisha,ET031120
ET031508888006,Kokora,ET031120
ET031508888029,Kurbi,ET031120
ET031508888036,Ledaho,ET031120
ET031508888033,Mahin,ET031120
ET031508888020,Mala,ET031120
ET031508401001,Masero Denb,ET031120
ET031508888024,Masero Denb,ET031120
ET031508888016,Mayinegad,ET031120
ET031508888022,Mayizazie,ET031120
ET031508888030,Merina,ET031120
ET031508201001,Musebanb,ET031120
ET031508888031,Musebanb,ET031120
ET031508101002,Sanja,ET031120
ET031508888023,Sanki,ET031120
ET031508888025,Sefi Bahir,ET031120
ET031508888010,Tara,ET031120
ET031508888028,Waliya,ET031120
ET031508888012,Work Midr,ET031120
ET031508888008,Yayira,ET031120
ET031509888017,Abuye Walkaye,ET031121
ET031509888029,Achera,ET031121
ET031509888015,Acherwuha Janwuha,ET031121
ET031509888019,Ali Sefer,ET031121
ET031509888013,Arema,ET031121
ET031509888004,Awatihun,ET031121
ET031509888025,Aybga,ET031121
ET031509888010,Banbaro,ET031121
ET031509888022,Begmenkir,ET031121
ET031509888027,Bergen,ET031121
ET031509888012,Biderkun,ET031121
ET031509888003,Bohboh,ET031121
ET031509888008,Chachinalua,ET031121
ET031509888026,Chankie,ET031121
ET031509888002,Chava,ET031121
ET031509888009,Chemera,ET031121
ET031509301001,Chewdba,ET031121
ET031509101001,Delgi,ET031121
ET031509888023,Dikurarba,ET031121
ET031509888021,Dimblagesa,ET031121
ET031509201001,Dkur Arba,ET031121
ET031509888028,Goyi,ET031121
ET031509888014,Hasin,ET031121
ET031509888020,Jerizegergie,ET031121
ET031509888005,Kariena,ET031121
ET031509888016,Koniger Gidiye,ET031121
ET031509888018,Konta,ET031121
ET031509888024,Kurabas,ET031121
ET031509888011,Mekonta,ET031121
ET031509888001,Quardiba,ET031121
ET031509888006,Sebiabrham,ET031121
ET031509888007,Serako,ET031121
ET031510888014,Abezy,ET031122
ET031510888017,Ashakula,ET031122
ET031510888002,Atamta,ET031122
ET031510888004,Atela,ET031122
ET031510888001,Aykela,ET031122
ET031510888008,Chechiho,ET031122
ET031510888009,Chikiki,ET031122
ET031510888007,Fentergie,ET031122
ET031510888013,Filkilik Kutr 1,ET031122
ET031510888012,Filkilik Kutr 2,ET031122
ET031510888010,Gichiho,ET031122
ET031510888006,Gifual Buaksh,ET031122
ET031510888011,Guara,ET031122
ET031510888015,Kentefa,ET031122
ET031510101001,Slarie,ET031122
ET031510888005,Somiya,ET031122
ET031510888016,Tenetebta Kutr 1,ET031122
ET031510888003,Workie,ET031122
ET031514101002,1,ET031199
ET031514101001,2,ET031199
ET031601101002,Abrhajira 01,ET031206
ET031601101001,Abrhajira02,ET031206
ET031601888003,Dermaga,ET031206
ET031601888009,Enzelesh,ET031206
ET031601888002,Girarweha,ET031206
ET031601888007,Maharish,ET031206
ET031601888005,Mogesa,ET031206
ET031601888001,Selam Ber,ET031206
ET031601201002,Terefe Work 01,ET031206
ET031601201001,Terefe Work 02,ET031206
ET031601888008,Torka,ET031206
ET031601888010,Wodinur,ET031206
ET031601888004,Zemene Merek 01,ET031206
ET031601888006,Zemene Merek 02,ET031206
ET031604888006,Achera,ET031213
ET031604888013,Agamwuha,ET031213
ET031604888016,Akushara,ET031213
ET031604888005,Ashamit Jantola,ET031213
ET031604888004,Awassa Lasta,ET031213
ET031604888021,Das,ET031213
ET031604888001,Delelo Fana,ET031213
ET031604888009,Dibiko Wedigemzo,ET031213
ET031604888014,Gendewuha Birshgn,ET031213
ET031604888019,Gubay Jejebit,ET031213
ET031604888007,Kemechela,ET031213
ET031604201001,Kokit Ketema,ET031213
ET031604888011,Kokit Zuria,ET031213
ET031604888012,Kumer Aftit,ET031213
ET031604888020,Lemlem Terara,ET031213
ET031604888018,Lencha,ET031213
ET031604888015,Meka,ET031213
ET031604888010,Mender 6 7 8,ET031213
ET031604888003,Mesheha,ET031213
ET031604401001,Mesheha Ketema,ET031213
ET031604888017,Shashgie,ET031213
ET031604888002,Shimelegara Tagur,ET031213
ET031604101001,Shinfa,ET031213
ET031604888022,Shinfa,ET031213
ET031604301001,Tumet,ET031213
ET031604888023,Tumet Mendoka,ET031213
ET031604888008,Zebach Bahir,ET031213
ET031603888022,Abazengie,ET031214
ET031603888019,Abtegaho,ET031214
ET031603888016,Adis Alem,ET031214
ET031603888026,Agamwuha,ET031214
ET031603888027,Bambaho,ET031214
ET031603888005,Bedela,ET031214
ET031603888014,Bermil,ET031214
ET031603888010,Bignagna,ET031214
ET031603888007,Daza,ET031214
ET031603888013,Diza Gumiz,ET031214
ET031603201001,Dubaba,ET031214
ET031603888009,Dubaba,ET031214
ET031603101001,Gelegu Ketema,ET031214
ET031603888017,Geter Gelego,ET031214
ET031603888024,Kinebi,ET031214
ET031603888006,Kozera,ET031214
ET031603888023,Kuza,ET031214
ET031603888012,Mar Wuha,ET031214
ET031603888015,Mehadid,ET031214
ET031603888011,Mirt Gelego,ET031214
ET031603888021,Mugechit,ET031214
ET031603888003,Nefs Gebeya Kutr 1,ET031214
ET031603888002,Nefs Gebeya Kutr 2,ET031214
ET031603888001,Nefs Gebeya Kutr 4,ET031214
ET031603888004,Selferedi,ET031214
ET031603888008,Wefta,ET031214
ET031603888018,Werkina,ET031214
ET031603888025,Yikaho,ET031214
ET031603888020,Zana,ET031214
ET031605101001,Midre Genet 01,ET031223
ET031605101002,Midre Genet 02,ET031223
ET031605101003,Midre Genet Angereb 03,ET031223
ET031607101002,1,ET031224
ET031607101001,2,ET031224
ET031607101003,3,ET031224
ET031606101002,1,ET031292
ET031606101001,2,ET031292
ET031701888023,Ambesa_addisge,ET031301
ET031701888017,Ambeshen_jihana,ET031301
ET031701888010,Asinuara_shehanti,ET031301
ET031701888022,Belen_sarkawoch,ET031301
ET031701888005,Bizra_tuda,ET031301
ET031301888001,Boru Meda,ET031301
ET031301888002,Boru Silassie(014),ET031301
ET031701888001,Chanmar_dusman,ET031301
ET031701401001,Chinba,ET031301
ET031701888013,Chinba,ET031301
ET031701888006,Dembola,ET031301
ET031701888009,Estumit,ET031301
ET031701888008,Forhe_eyesus,ET031301
ET031701888019,Gashola,ET031301
ET031301888008,Gerado Endodber,ET031301
ET031301888007,Gerado Kelina,ET031301
ET031301888006,Gerado Tesfanechero,ET031301
ET031701888016,Gug_ensugn,ET031301
ET031301101001,Kelem Meda kebele& Wollo University Dessie Campas,ET031301
ET031701888011,Kilaj_barada,ET031301
ET031701888015,Kongere_birukan,ET031301
ET031701888020,Kuala_baka,ET031301
ET031701301001,Kunzila,ET031301
ET031701888003,Kunzilazuriya,ET031301
ET031701888012,Legdiya_angata,ET031301
ET031701201001,Liben_1,ET031301
ET031701201002,Liben_2,ET031301
ET031701888018,Liben_dankura,ET031301
ET031701888021,Misraq_belen,ET031301
ET031301101002,Nefso Ager,ET031301
ET031701888024,Qolambo_debre Mariyam,ET031301
ET031301888003,Qurqur(012),ET031301
ET031701888007,Sankra_geneta,ET031301
ET031701888026,Shambla_abna,ET031301
ET031701888014,Shobla_bakusti,ET031301
ET031301101003,Tekuam,ET031301
ET031301888004,Tita,ET031301
ET031301888005,Tosa,ET031301
ET031701888002,Womberiya_eyesus,ET031301
ET031701888004,Wonberiya_barekenta,ET031301
ET031701888025,Yibli_tereit,ET031301
ET031701101001,Yismala,ET031301
ET031701888027,Yismala_jankit,ET031301
ET031302102004,Ayer Tena,ET031302
ET031302102003,Borkena,ET031302
ET031302102002,Megenagna,ET031302
ET031719101001,Merawi1,ET031302
ET031719101002,Merawi2,ET031302
ET031719101003,Merawi3,ET031302
ET031302102001,Sefere Selam,ET031302
ET031302102005,Tita,ET031302
ET031703101001,1,ET031303
ET031703888027,Abewet Fera,ET031303
ET031703888013,Abika,ET031303
ET031703888020,Adat Zura,ET031303
ET031303103004,Ager Gizat,ET031303
ET031703201001,Ageta,ET031303
ET031703888006,Agita,ET031303
ET031703888019,Amebatena,ET031303
ET031703888007,Amsalo,ET031303
ET031703888008,Angar,ET031303
ET031703888018,Anibesit,ET031303
ET031703888026,Chinkulit,ET031303
ET031703888029,Davale,ET031303
ET031303103001,Dawudo,ET031303
ET031703888010,Debay,ET031303
ET031703888002,Debremawi,ET031303
ET031703888024,Denbashe,ET031303
ET031703888015,Diwro,ET031303
ET031703888016,Enegeda,ET031303
ET031703888012,Fetelo Kuskam,ET031303
ET031703888009,Gibishe,ET031303
ET031703888032,Gosheye,ET031303
ET031703888030,Guba,ET031303
ET031703888033,Iyvar,ET031303
ET031703888014,Kililit,ET031303
ET031703888023,Koker,ET031303
ET031703888031,Konchi,ET031303
ET031703888003,Koti,ET031303
ET031703888001,Kudade,ET031303
ET031703888021,Mosobo,ET031303
ET031303103002,Robit,ET031303
ET031703888025,Sefatera,ET031303
ET031703888011,Sekela,ET031303
ET031703888035,Semarega,ET031303
ET031703888005,Senekegna,ET031303
ET031703888022,Tsion,ET031303
ET031703888004,Walika,ET031303
ET031303103003,Wollo Bahil Anba,ET031303
ET031703888017,Yegebeta Selamga,ET031303
ET031703888028,Yezora,ET031303
ET031703888034,Zagi Yidgi,ET031303
ET031704888024,Abyot_fana,ET031304
ET031704888002,Adis_amba,ET031304
ET031704888032,Adis_lidet,ET031304
ET031704888010,Agamina,ET031304
ET031704888011,Ambomesk,ET031304
ET031704888004,Awuta,ET031304
ET031304104002,Ayteyef,ET031304
ET031704888005,Bachima,ET031304
ET031704888015,Berta_gebere,ET031304
ET031704301001,Birakat,ET031304
ET031704888020,Birakat_zuriya,ET031304
ET031704888031,Dagali_addis Alem,ET031304
ET031704201001,Dagi,ET031304
ET031704888027,Dagi_abyot,ET031304
ET031704888030,Delbetegel,ET031304
ET031704888026,Deremeny,ET031304
ET031704888001,Ediget_behibret,ET031304
ET031704888013,Enamert,ET031304
ET031704888014,Enashenefalen,ET031304
ET031704888007,Enguti,ET031304
ET031704888019,Felegeberihan,ET031304
ET031704888028,Goragote,ET031304
ET031704888003,Huletu_teleta,ET031304
ET031704888006,Kolela,ET031304
ET031704888012,Kudemi,ET031304
ET031704888022,Kurtbahir,ET031304
ET031704888025,Mekeni,ET031304
ET031304104003,Menbere Tsehay,ET031304
ET031704888021,Midderegenet,ET031304
ET031304104001,Piassa,ET031304
ET031704888023,Rim,ET031304
ET031704888009,Taringa,ET031304
ET031704888016,Tatekegeberie,ET031304
ET031704888029,Tatekelesera,ET031304
ET031704888008,Tekle_dib,ET031304
ET031704101001,Wotet_abay,ET031304
ET031704888018,Wotetber,ET031304
ET031704888017,Zemenhiwot,ET031304
ET031713888020,Abchikli,ET031305
ET031713888016,Ahurikeltafa,ET031305
ET031713888001,Anksha Bizra,ET031305
ET031713301001,Ashuda Ketema,ET031305
ET031713888009,Atit Gltata,ET031305
ET031305105001,Bilen,ET031305
ET031713888004,Chava Wagra,ET031305
ET031713888015,Dilamo,ET031305
ET031713888018,Gurach Dbkan,ET031305
ET031713888021,Guta Advi,ET031305
ET031713888008,Kat Dkuli,ET031305
ET031713888017,Ker,ET031305
ET031713888011,Korench,ET031305
ET031305105002,Koshim Ber,ET031305
ET031713888013,Kurbeha,ET031305
ET031713888012,Lalibela,ET031305
ET031713201001,Lalibela Ketema,ET031305
ET031713888014,Lihudi Delekes,ET031305
ET031713888007,Marwagra,ET031305
ET031713888005,Melkit Munget,ET031305
ET031713888010,Nefasa Ashuda,ET031305
ET031713888006,Nunu Atibarka,ET031305
ET031305105003,Salayish,ET031305
ET031713888002,Tanfa Wegeda,ET031305
ET031713888019,Yeboden,ET031305
ET031713888003,Zebst Adrta,ET031305
ET031717888005,Abiro_menor,ET031306
ET031717888012,Adis_alem Jibacha,ET031306
ET031717888014,Anorayta,ET031306
ET031717888002,Birhan_chora,ET031306
ET031717888004,Felege_hiwot,ET031306
ET031717888001,Gedam Midre_genet,ET031306
ET031717888008,Gosh_meda,ET031306
ET031717888010,Lehulum_birhan,ET031306
ET031717888003,Lehulum_selam,ET031306
ET031717101001,Mehal_genet,ET031306
ET031717888006,Sira_betegbar,ET031306
ET031717888013,Tekle_terara,ET031306
ET031717888009,Tiru_meda,ET031306
ET031717888007,Yines_lemirt,ET031306
ET031717888011,Zemenebirehan,ET031306
ET031712888020,Abadiray,ET031307
ET031712101001,Adiese Alem 01,ET031307
ET031712101002,Adiese Alem 02,ET031307
ET031712888019,Akile,ET031307
ET031712888011,Angofyie,ET031307
ET031712888017,Aredesa,ET031307
ET031712888018,Dabiye,ET031307
ET031712888013,Debere Tiselalo Amanuyel Kebele,ET031307
ET031712888021,Debire Medanite,ET031307
ET031712888004,Demdngayie,ET031307
ET031712888006,Fieche,ET031307
ET031712888009,Gaer Genbete,ET031307
ET031712201001,Gimb Gergera,ET031307
ET031712888007,Gonje Zuriyie,ET031307
ET031712888023,Kenchecile,ET031307
ET031712888022,Kidus Gebreal Debre Woyifat,ET031307
ET031712888014,Koelela Qeskam,ET031307
ET031712888002,Koerye Tenkuye,ET031307
ET031712888001,Menta Deber,ET031307
ET031712888003,Sheba,ET031307
ET031712888005,Shebele,ET031307
ET031712301001,Washera,ET031307
ET031712888010,Wegela Zeganca,ET031307
ET031712888016,Wezazerte,ET031307
ET031712888012,Wolekie,ET031307
ET031712888015,Yinache,ET031307
ET031712888008,Zanate,ET031307
ET031714101002,1,ET031308
ET031714101001,2,ET031308
ET031718101003,1,ET031309
ET031718101002,2,ET031309
ET031718101004,3,ET031309
ET031718101005,4,ET031309
ET031718101001,5,ET031309
ET031401888001,Aba Entoniwos,ET031401
ET031101888008,Adis Alem,ET031401
ET031401888002,Anchew,ET031401
ET031401888007,Azezo Tekilehyimanot,ET031401
ET031101101001,Bata,ET031401
ET031401888011,Bilajeg Daberka,ET031401
ET031101888004,Dasra Mariyam,ET031401
ET031401888004,Deba Defecha,ET031401
ET031401101004,Fasiledes,ET031401
ET031401888005,Fenter,ET031401
ET031401101003,Gebreal,ET031401
ET031101101004,Hidassie,ET031401
ET031401101002,Kahaeyesus,ET031401
ET031401888010,Kilil Eyesus,ET031401
ET031401888006,Lay_Tedda,ET031401
ET031401101001,Lideta kebele & Gonder University Hikimina Ena,ET031401
ET031401888009,Loza Mariam,ET031401
ET031101888006,Maji Debre Nigst,ET031401
ET031401888008,Mariyam_Debr,ET031401
ET031101101005,Midregenet,ET031401
ET031101101003,Rasgez,ET031401
ET031401888003,Sabiya Sayina,ET031401
ET031101101002,Shimbit,ET031401
ET031101888002,Ura,ET031401
ET031101888003,Woreb,ET031401
ET031101888007,Workamlachader,ET031401
ET031101888005,Yegnd Zemocha,ET031401
ET031101888001,Yiganda,ET031401
ET031402101001,Agereb,ET031402
ET031402101002,Aribegnoch,ET031402
ET031402101003,Medihaniyalem,ET031402
ET031107101006,Meshenti,ET031402
ET031107101004,Sebat Amit,ET031402
ET031107101005,Tis Abay,ET031402
ET031107101002,Woramit,ET031402
ET031107101001,Zegie,ET031402
ET031107101003,Zenzelima,ET031402
ET031403101002,Abajale,ET031403
ET031403101004,Adebaby Eyesusl,ET031403
ET031403101003,Megenagna,ET031403
ET031403101001,Piasa,ET031403
ET031404101001,Abiy Egzi,ET031404
ET031404101004,Addis Alem,ET031404
ET031404101002,Kidame Gebeya,ET031404
ET031404101003,Qirqos,ET031404
ET031405101005,Ayertena,ET031405
ET031405101004,Hidasie,ET031405
ET031405101001,Samona Ber,ET031405
ET031405101002,Shiro Medal,ET031405
ET031405101003,Shiwa Ber,ET031405
ET031406101001,Aba Samuael,ET031406
ET031406101004,Ayer Marefia,ET031406
ET031406101002,Ayra,ET031406
ET031406101003,Dimaza,ET031406
ET031406101005,Tseda,ET031406
ET031506888018,Abaytara,ET031506
ET031506888007,Abeye,ET031506
ET031506888020,Addisalem,ET031506
ET031506888031,Antelezba,ET031506
ET031506101001,Arbaya,ET031506
ET031506888013,Asawegari,ET031506
ET031506888025,Ashker Terara,ET031506
ET031506888008,Ayseg,ET031506
ET031506888016,Chiworkanamstya,ET031506
ET031506888029,Dahoch,ET031506
ET031506888024,Debogeze,ET031506
ET031506888012,Diqquana,ET031506
ET031506888011,Ebrareg,ET031506
ET031506888009,Fenta,ET031506
ET031506888030,Ferfer,ET031506
ET031506888027,Gabezy,ET031506
ET031506888028,Gimels,ET031506
ET031506888010,Gond,ET031506
ET031506888023,Gulana,ET031506
ET031506888005,Jandab,ET031506
ET031506888017,Kallay,ET031506
ET031506888001,Koza,ET031506
ET031506888014,Labamariam,ET031506
ET031506888002,Macha,ET031506
ET031506888019,Menty,ET031506
ET031506888003,Sami,ET031506
ET031506888006,Serakasna,ET031506
ET031506888015,Shura,ET031506
ET031506888026,Tala,ET031506
ET031506888004,Tebtebta Kutr 2,ET031506
ET031506888021,Wareb,ET031506
ET031506888022,Werara,ET031506
ET031507888017,Achikan,ET031507
ET031507888001,Adrura,ET031507
ET031507888014,Akite,ET031507
ET031507888003,Arbatseguar,ET031507
ET031507888015,Arefa,ET031507
ET031507888019,Ayivashika,ET031507
ET031507888008,Azendlla,ET031507
ET031507888024,Bursa,ET031507
ET031507888021,Chama Korach,ET031507
ET031507888020,Chergie,ET031507
ET031507888026,Debr-zana,ET031507
ET031507888022,Dengora,ET031507
ET031507888004,Digb,ET031507
ET031507888011,Giwa Kotana,ET031507
ET031507888013,Goga,ET031507
ET031507888023,Gualazuria,ET031507
ET031507201001,Gwehala_01,ET031507
ET031507201002,Gwehala_02,ET031507
ET031507101001,Hamusit_01,ET031507
ET031507101002,Hamusit_02,ET031507
ET031507888025,Kalay Sholit,ET031507
ET031507888009,Kibza,ET031507
ET031507888007,Michiwa,ET031507
ET031507888010,Mukatera,ET031507
ET031507888012,Shamish,ET031507
ET031507888002,Tartarua,ET031507
ET031507888005,Taymen,ET031507
ET031507888006,Tili,ET031507
ET031507888018,Woyiva,ET031507
ET031507888016,Zoz,ET031507
ET031511888005,Abaworem,ET031511
ET031511888018,Abirjiha Hayila,ET031511
ET031511888004,Chenkela,ET031511
ET031511888016,Chenker Cherkos,ET031511
ET031511101002,Chuahit01,ET031511
ET031511101001,Chuahit02,ET031511
ET031511888014,Darna Gawurna,ET031511
ET031511888010,Fentayebebiha,ET031511
ET031511201001,Gorgora,ET031511
ET031511888011,Guarhagibigiba,ET031511
ET031511888003,Guntir,ET031511
ET031511888001,Hana,ET031511
ET031511888012,Jenda Kobila,ET031511
ET031511888002,Jerri Deberega,ET031511
ET031511888008,Kongerchula,ET031511
ET031511888020,Mangie,ET031511
ET031511888013,Meskele Kiristos,ET031511
ET031511888009,Narchecha,ET031511
ET031511888007,Sankisa,ET031511
ET031511888006,Simira Kekeza,ET031511
ET031511888015,Tezba Genbera,ET031511
ET031511888017,Wawa Dana,ET031511
ET031511888019,Wenbebeha Gurandi,ET031511
ET031512888026,Achera,ET031512
ET031512888027,Adisgie,ET031512
ET031512888010,Ambagualit,ET031512
ET031512888024,Arebiya Diba,ET031512
ET031512888015,Atkilitteleft,ET031512
ET031512201001,Ayimba,ET031512
ET031512888009,Balangeb,ET031512
ET031512888013,Barcha,ET031512
ET031512888011,Buwa,ET031512
ET031512888023,Daliko Wekerako,ET031512
ET031512888028,Debirzuriya,ET031512
ET031512888007,Dirmara,ET031512
ET031512888014,Fanja,ET031512
ET031512888005,Finkadisgie,ET031512
ET031512888003,Ganayohasns,ET031512
ET031512888016,Gebebadebosgie,ET031512
ET031512888008,Gendwa,ET031512
ET031512888021,Girargie,ET031512
ET031512888022,Gubiya,ET031512
ET031512888018,Gurambabata,ET031512
ET031512888019,Gurambamikeal,ET031512
ET031512888017,Jangua Mariyam,ET031512
ET031512888030,Jarjar Abanov,ET031512
ET031512101002,Kolladiba 01,ET031512
ET031512101001,Kolladiba 02,ET031512
ET031512101003,Kolladiba 03,ET031512
ET031512888006,Mekumiya,ET031512
ET031512888004,Miza Koren,ET031512
ET031512888002,Senbetdebr,ET031512
ET031512888025,Sereba Dabilo,ET031512
ET031512888001,Smano,ET031512
ET031512888020,Sufankara,ET031512
ET031512888029,Tanawoyina Awuy Abo,ET031512
ET031512888012,Wawucha Chegen,ET031512
ET031513888008,Abelwuha,ET031513
ET031513888021,Adis Zemen,ET031513
ET031513888029,Adisalem,ET031513
ET031513888026,Alemstihay,ET031513
ET031513888001,Alenge,ET031513
ET031513888046,Amanuaelkenweta,ET031513
ET031513888004,Andinet,ET031513
ET031513888032,Anguababuladigie,ET031513
ET031513888011,Anibeza,ET031513
ET031513888027,Ankeradeza,ET031513
ET031513888031,Bezahomekenet,ET031513
ET031513888016,Chako,ET031513
ET031513888044,Chaliyadebir,ET031513
ET031513301001,Chanchok,ET031513
ET031513501001,Chandiba,ET031513
ET031513888047,Chandibadebega,ET031513
ET031513401001,Chilga,ET031513
ET031513888018,Daza,ET031513
ET031513888042,Dengel,ET031513
ET031513888005,Dengolto,ET031513
ET031513888009,Denigura,ET031513
ET031513888030,Engdaye,ET031513
ET031513888035,Eyahosereva,ET031513
ET031513888012,Gaza,ET031513
ET031513601001,Gelediba,ET031513
ET031513888039,Godo Molalit,ET031513
ET031513888025,Gulit,ET031513
ET031513888040,Ingidiba,ET031513
ET031513888014,Janaba,ET031513
ET031513888024,Jeyidgemerwa,ET031513
ET031513888019,Kentevbakiseni,ET031513
ET031513888002,Kerbiya,ET031513
ET031513888006,Keyafer,ET031513
ET031513888015,Kuabir Lomiye,ET031513
ET031513888048,Kuakgebeliwa,ET031513
ET031513888020,Kushayena,ET031513
ET031513888028,Lazashungie,ET031513
ET031513888017,Lezamba,ET031513
ET031513888010,Mendergiyorgis,ET031513
ET031513888023,Midir Bara,ET031513
ET031513888038,Minibakis,ET031513
ET031513888022,Mirta Amba,ET031513
ET031513888034,Naraawurarda,ET031513
ET031513201001,Negadbahir,ET031513
ET031513101001,Sereva,ET031513
ET031513888045,Sertiyawarkaye,ET031513
ET031513888041,Sheherda,ET031513
ET031513888013,Shutera,ET031513
ET031513888007,Tebeby,ET031513
ET031513888033,Teberserako,ET031513
ET031513888037,Tenbera,ET031513
ET031513888043,Tenfaguaba,ET031513
ET031513888003,Uzaba,ET031513
ET031513888036,Walideva,ET031513
ET031702888009,Adosha,ET031702
ET031702888030,Aluhay,ET031702
ET031702888005,Askora Ambai,ET031702
ET031702888004,Chencha Atangusa,ET031702
ET031702888026,Chenta Sostu,ET031702
ET031702888001,Danamariyam,ET031702
ET031702888015,Debir Tsion Leguna,ET031702
ET031702888008,Debranta,ET031702
ET031702888012,Dek,ET031702
ET031702888035,Fereswoga,ET031702
ET031702888036,Ginb,ET031702
ET031702888014,Gombat,ET031702
ET031702888032,Kinbaba,ET031702
ET031702888006,Latakarakari,ET031702
ET031702888033,Lej Tana Betemariyam,ET031702
ET031702888010,Lejomi,ET031702
ET031702888034,Makual,ET031702
ET031702888013,Robit,ET031702
ET031702888022,Sebatamit,ET031702
ET031702888011,Sekelte,ET031702
ET031702888016,Tenta Kerkos,ET031702
ET031702888003,Wogelesa,ET031702
ET031702888023,Wondata,ET031702
ET031702888007,Wonjeta,ET031702
ET031702888031,Woybegn,ET031702
ET031702888018,Wujr Welde Menta,ET031702
ET031702888019,Yegnd Lomi,ET031702
ET031702888002,Yegodi,ET031702
ET031702888021,Yegoma,ET031702
ET031702888020,Yemekat,ET031702
ET031702888017,Yemoshet,ET031702
ET031702888025,Yibab,ET031702
ET031702888027,Yiloma Yegenfat,ET031702
ET031702888024,Yinsa Sostu,ET031702
ET031702888029,Yisala Dirdra,ET031702
ET031702888028,Yisala Gulagulma,ET031702
ET040101888007,Aleltu Gombi,ET040101
ET040101888028,Amba 01,ET040101
ET040101888037,Ariya Dambi,ET040101
ET040101888039,Babo Tobara,ET040101
ET040101888014,Badesa Baro,ET040101
ET040101888025,Bengua,ET040101
ET040101101001,Bengua 01,ET040101
ET040101888008,Bijit,ET040101
ET040101888017,Buke Hena,ET040101
ET040101888016,Buke Inika,ET040101
ET040101888038,Buke Sachi,ET040101
ET040101888032,Buke Tobara,ET040101
ET040101888027,Chafchafi Babo,ET040101
ET040101888043,Chala Dabus,ET040101
ET040101888009,Dangi,ET040101
ET040101888040,Darge Tobara,ET040101
ET040101888045,Gebo Lelisa,ET040101
ET040101888034,Gombo Kiltu Jale,ET040101
ET040101888002,Gunfi,ET040101
ET040101888015,Guyo Hena,ET040101
ET040101888036,Guyo Sachi Lafto Salga,ET040101
ET040101888020,Guyo Xeyiba,ET040101
ET040101888033,Harawe Dembi,ET040101
ET040101888041,Haro Korke,ET040101
ET040101888021,Haro Machara,ET040101
ET040101888011,Hobora Kiltu,ET040101
ET040101888029,Hombosha Yesus,ET040101
ET040101888022,Idoro Tobara,ET040101
ET040101888010,Kara,ET040101
ET040101401001,Kara Wayu 01,ET040101
ET040101888047,Kara Wayu Abo,ET040101
ET040101888046,Kara Wayu Oba Jabi,ET040101
ET040101888003,Kararo Guta,ET040101
ET040101888019,Karsa Walga,ET040101
ET040101888023,Kokora Gurati,ET040101
ET040101888005,Korke 01,ET040101
ET040101888018,Korke 02,ET040101
ET040101888048,Maxari Birbirsa,ET040101
ET040101888044,Mexi Ilala Farda,ET040101
ET040101888001,Mukarba Kinga,ET040101
ET040101888026,Qela Dabus,ET040101
ET040101888035,Riga Sachi,ET040101
ET040101888006,Togir Haro Gombi,ET040101
ET040101888004,Wachu,ET040101
ET040101888030,Wajeti Kiltu Lubo,ET040101
ET040101888031,Wajeti Mandi,ET040101
ET040101301001,Wama 01,ET040101
ET040101888042,Wama Tobara,ET040101
ET040101888024,Wanasha Dabus,ET040101
ET040101201001,Wanki 01,ET040101
ET040101888012,Wanki Gaba Fachase,ET040101
ET040101888013,Wanki Manako,ET040101
ET040102888004,Agalo Basi,ET040102
ET040102888011,Amuma Badeso,ET040102
ET040102888005,Amuma Degero,ET040102
ET040102888032,Amuma Dila,ET040102
ET040102888012,Amuma Mana Bushane,ET040102
ET040102888030,Bariyo Badeso,ET040102
ET040102888017,Bushane Alaltu,ET040102
ET040102888013,Dancho Mikael,ET040102
ET040102888034,Didisi Dila,ET040102
ET040102888028,Eba Wakayo,ET040102
ET040102888031,Gamta Amuma,ET040102
ET040102888025,Gida Kumbi,ET040102
ET040102888035,Gonde Mikael,ET040102
ET040102888033,Gute Dila,ET040102
ET040102888029,Gute Mikael,ET040102
ET040102888008,Gute Weni,ET040102
ET040102888027,Home Goromti,ET040102
ET040102888023,Humna Wakayo,ET040102
ET040102888010,Kiltu Mako,ET040102
ET040102888007,Kono Kuli,ET040102
ET040102888021,Kote Genasi,ET040102
ET040102888014,Kutala Haro,ET040102
ET040102888015,Lalisa Kami,ET040102
ET040102888026,Lalistu Dila,ET040102
ET040102888002,Lemu Nasi,ET040102
ET040102888009,Muchucho Gorgis,ET040102
ET040102888018,Nasisi Genasi,ET040102
ET040102888019,Sombo Dora,ET040102
ET040102888006,Sombo Guta,ET040102
ET040102888024,Tola Wakayo,ET040102
ET040102888016,Wagari Buna,ET040102
ET040102888022,Waligalte Agar,ET040102
ET040102888020,Walitate Gida,ET040102
ET040102888001,Warke Nasi,ET040102
ET040102888003,Yambal Gara Oli,ET040102
ET040103888017,Aba Sena,ET040103
ET040103888019,Bikiltu Tokuma,ET040103
ET040103888027,Boneya Asabi,ET040103
ET040103888029,Choli Michael,ET040103
ET040103888022,Chuta Georgis,ET040103
ET040103888011,Chuta Gochi,ET040103
ET040103888021,Chuta Kaki,ET040103
ET040103888020,Chuta Sodu,ET040103
ET040103888026,Dalo Sewa,ET040103
ET040103888006,Didigsa Bikilal,ET040103
ET040103888013,Gachi Gelel,ET040103
ET040103888001,Gagawo Kare,ET040103
ET040103101001,Gambela,ET040103
ET040103888004,Garjo Bikilal,ET040103
ET040103888023,Hore Mariyami,ET040103
ET040103888018,Inango Dembeli,ET040103
ET040103888016,Jogir,ET040103
ET040103888003,Kombo Michael,ET040103
ET040103888002,Lalo Chirecha,ET040103
ET040103888031,Lalo Choli,ET040103
ET040103888005,Lelisa Bikilal,ET040103
ET040103888028,Lelisa Iyesus,ET040103
ET040103888009,Lelisa Seriti,ET040103
ET040103888024,Loya Gefere,ET040103
ET040103888010,Malka Gasi,ET040103
ET040103888007,Malole Gachi,ET040103
ET040103888014,Mariche Michael,ET040103
ET040103888008,Merga Gelel,ET040103
ET040103888032,Suphe Ujuka,ET040103
ET040103888015,Tole,ET040103
ET040103888012,Wadesa Warka,ET040103
ET040103888025,Waligala Dalo,ET040103
ET040103888030,Wara Seyo,ET040103
ET040104888002,Alle Bareda,ET040104
ET040104888010,Alle Huwa,ET040104
ET040104888025,Amuru Gara Abaware,ET040104
ET040104888018,Atosi Siban,ET040104
ET040104888023,Barko Dalety,ET040104
ET040104888012,Batiro Coqorsa,ET040104
ET040104888017,Buko Asabi,ET040104
ET040104888011,Dini Huwa,ET040104
ET040104201001,Dongoro,ET040104
ET040104888003,Dongoro Dissi,ET040104
ET040104888004,Dongoro Gebo,ET040104
ET040104888001,Dongoro Keta,ET040104
ET040104888015,Garjo Siban,ET040104
ET040104888009,Gombo Huwa,ET040104
ET040104888006,Haroji Agamsa,ET040104
ET040104888005,Haroji Harawa,ET040104
ET040104888007,Haroji Serdo,ET040104
ET040104888024,Horda Dalety,ET040104
ET040104888020,Inango Kali,ET040104
ET040104101001,Inango_01,ET040104
ET040104101002,Inango_02,ET040104
ET040104888027,Jarso Damota,ET040104
ET040104888026,Kellayi Birbir,ET040104
ET040104888021,Lalo Wanjo,ET040104
ET040104888022,Nabo Dalety,ET040104
ET040104888014,Nano Inango,ET040104
ET040104888013,Tosiyo Mole,ET040104
ET040104301001,Wanjo,ET040104
ET040104888016,Warababo Siban,ET040104
ET040104888019,Warago Arsema,ET040104
ET040104888008,Warajirubacho,ET040104
ET040105201001,Agamsa Bala,ET040105
ET040105888015,Babo Bundi,ET040105
ET040105888016,Buke Akache,ET040105
ET040105888010,Dandi Gudi,ET040105
ET040105888004,Egu Bochi,ET040105
ET040105888003,Endoro Jirma,ET040105
ET040105888014,Gida Budi,ET040105
ET040105888013,Guyo Dale,ET040105
ET040105888020,Guyo Jirma,ET040105
ET040105888019,Guyo Lalisa,ET040105
ET040105888018,Guyo Sachi,ET040105
ET040105101002,Kiltu Kara 01,ET040105
ET040105101001,Kiltu Kara 02,ET040105
ET040105888011,Kiltu Kara G/kabale Mahibar,ET040105
ET040105888005,Lalisa Agamsa,ET040105
ET040105888008,Lalisa Soyoma,ET040105
ET040105888009,Lelisa Komis,ET040105
ET040105888001,Lelisa Sachi,ET040105
ET040105888006,Sarbi,ET040105
ET040105888002,Telamso Danbi,ET040105
ET040105888007,Ula Ganti,ET040105
ET040105888017,Wandi Dale,ET040105
ET040105888012,Wato Dale,ET040105
ET040106888012,Agalosalkani,ET040106
ET040106888008,Amumaagalo,ET040106
ET040106888011,Amumabore,ET040106
ET040106888010,Bikiltudila,ET040106
ET040106101002,Bila_01,ET040106
ET040106101001,Bila_02,ET040106
ET040106888014,Burkaboji,ET040106
ET040106888003,Darodimtu,ET040106
ET040106888006,Darosombo,ET040106
ET040106888013,Didibetuli,ET040106
ET040106888004,Gidanoking,ET040106
ET040106888005,Hidabutobi,ET040106
ET040106888001,Inimaiboli,ET040106
ET040106888002,Inimaigemer,ET040106
ET040106888007,Kutalabildima,ET040106
ET040106888015,Lalisababo,ET040106
ET040106888009,Lalisajeto,ET040106
ET040106888016,Lalisaking,ET040106
ET040106888017,Latabobine,ET040106
ET040119101001,Ayira Ketema01 Kebele,ET040107
ET040119101002,Ayira Ketema02 Kebele,ET040107
ET040119201001,Bondawo Ketema01 Kebele,ET040107
ET040119888009,Dagaga Ayira,ET040107
ET040119888010,Gudina Ayira,ET040107
ET040119888004,Homi Suchi,ET040107
ET040119888015,Jarso Abayani,ET040107
ET040119888012,Kata Aba Korma,ET040107
ET040119888001,Kure,ET040107
ET040119888013,Lalisa Birbir,ET040107
ET040119888014,Lalisa Buye,ET040107
ET040119888002,Lalo Suchi,ET040107
ET040119888007,Sarba Rajo,ET040107
ET040119888003,Wara Babo Suchi,ET040107
ET040119888005,Wara Kura Suchi,ET040107
ET040119888008,Wara Wayu Garjo,ET040107
ET040119888006,Wara Wayu Kolobo,ET040107
ET040119888011,Wayu Koli,ET040107
ET040108888010,Abono Dila,ET040108
ET040108888001,Adaha Gorba,ET040108
ET040108888009,Babo Garjo,ET040108
ET040108888006,Babo Torban,ET040108
ET040108888007,Badeso Dila,ET040108
ET040108888004,Garjo Torban,ET040108
ET040108888011,Gedo Arangama,ET040108
ET040108888008,Gnea Hidabu,ET040108
ET040108888005,Haro Biru,ET040108
ET040108888014,Haro Sadan,ET040108
ET040108888003,Hidabu Dagaha,ET040108
ET040108101001,Jarso Ketama 01 Kebele,ET040108
ET040108101002,Jarso Ketama 02 Kebele,ET040108
ET040108888013,Mura Boroka,ET040108
ET040108888002,Oda Ganqa,ET040108
ET040108888012,Tuqu Sadan,ET040108
ET040109401001,Bamso 01,ET040109
ET040109888011,Boji Gara Arba,ET040109
ET040109888009,Burka Misoma,ET040109
ET040109888005,Burka Naga,ET040109
ET040109888014,Gaja Gaje,ET040109
ET040109888029,Gemi Gaba,ET040109
ET040109888008,Gudina Misoma,ET040109
ET040109888012,Guma Gara Arba,ET040109
ET040109888020,Handi Kiltu Jafe,ET040109
ET040109888027,Hofa Fargashi,ET040109
ET040109888001,Hopha,ET040109
ET040109888002,Ifadin,ET040109
ET040109888004,Jimbila Tuwanbi,ET040109
ET040109888024,Karma Babane,ET040109
ET040109888023,Karma Shoro,ET040109
ET040109888026,Kebeche Dume,ET040109
ET040109888003,Kebso Misoma,ET040109
ET040109201001,Keshmando 01,ET040109
ET040109888030,Koli Charpa,ET040109
ET040109888025,Koli Sede,ET040109
ET040109101001,Kondala 01,ET040109
ET040109101002,Kondala 02,ET040109
ET040109888018,Kondala Fash Fashi,ET040109
ET040109888019,Kondala Zenga,ET040109
ET040109301001,Likiti 01,ET040109
ET040109888010,Mada Jalala,ET040109
ET040109888007,Oda Anani,ET040109
ET040109888022,Shega Dinka,ET040109
ET040109888028,Shonge,ET040109
ET040109888021,Shoro Soreyi,ET040109
ET040109888032,Shura Likit,ET040109
ET040109888031,Shura Maramo,ET040109
ET040109888016,Tarko Gaje,ET040109
ET040109888006,Walta Gudina,ET040109
ET040109888017,Wanja Chiri,ET040109
ET040109888013,Wanja Machanbar,ET040109
ET040109888015,Zebe Gaje,ET040109
ET040110888003,Abo Mana Jarte,ET040110
ET040110888009,Amuma Kajela,ET040110
ET040110888011,Caliya Mole,ET040110
ET040110888010,Chaliya Warailu,ET040110
ET040110888015,Charaki Kobera,ET040110
ET040110888012,Dongoro Sobir,ET040110
ET040110201001,Figa Town,ET040110
ET040110888014,Gombo Kobara,ET040110
ET040110888013,Horo Sobir,ET040110
ET040110888021,Igu Kobara,ET040110
ET040110888020,Inango Kobara,ET040110
ET040110888018,Jamo Mucuco Kobera,ET040110
ET040110888016,Jamotikse,ET040110
ET040110888006,Lalisa Boji,ET040110
ET040110101001,Muklami Town,ET040110
ET040110888019,Shabo Meti,ET040110
ET040110888017,Sibu Ebicha,ET040110
ET040110888002,Tulu Guracha,ET040110
ET040110888007,Wando Inumayi Kobara,ET040110
ET040110888008,Wando Kubur,ET040110
ET040110888005,Wando Muklami,ET040110
ET040110888001,Woligalte Dila,ET040110
ET040110888004,Yako Jate,ET040110
ET040111888009,Ago Haro,ET040111
ET040111888014,Ambalo Dila,ET040111
ET040111101001,Babo 01,ET040111
ET040111101002,Babo 02,ET040111
ET040111888005,Babo Choli,ET040111
ET040111888018,Bishawo Dabus,ET040111
ET040111888006,Bonda Gulufa,ET040111
ET040111888013,Bondawo Dila,ET040111
ET040111888001,Boni,ET040111
ET040111888016,Damota Mana Jarte,ET040111
ET040111888008,Haro Mariyami,ET040111
ET040111888010,Igu Debeka,ET040111
ET040111888007,Igu Gute,ET040111
ET040111888015,Kutala Kusi,ET040111
ET040111888011,Leku,ET040111
ET040111888017,Melka Ebicha,ET040111
ET040111888002,Mume Dilbi,ET040111
ET040111888003,Shimal Toke Rural,ET040111
ET040111201001,Shimal Toke Urban,ET040111
ET040111888004,Sirba Igu,ET040111
ET040111888012,Wara Jiru Barko,ET040111
ET040112888007,Aleku Ayira,ET040112
ET040112888004,Aleku Dacha,ET040112
ET040112888006,Aleku Dogoma,ET040112
ET040112888003,Aleku Gabrel,ET040112
ET040112888008,Aleku Gute Buna,ET040112
ET040112888002,Bikiltu Ayira,ET040112
ET040112888017,Boxi Ayira,ET040112
ET040112888014,Burayu Bake,ET040112
ET040112888010,Chaliya Getano,ET040112
ET040112888013,Chaliya Kebele,ET040112
ET040112888011,Chaliya Yemo,ET040112
ET040112888009,Chisa Bori,ET040112
ET040112888015,Jarso Boloso,ET040112
ET040112888005,Jarso Komto,ET040112
ET040112888012,Jawi Koboshe,ET040112
ET040112888001,Mucho Ayira,ET040112
ET040112888018,Wara Gutu,ET040112
ET040112888016,Yemalogi Ayira,ET040112
ET040112101002,Yubdo 01,ET040112
ET040112101001,Yubdo 02,ET040112
ET040113888019,Baqato Ambawo,ET040113
ET040113888004,Biqiltu Ankori,ET040113
ET040113888017,Biqiltu Hombawo,ET040113
ET040113888003,Bonaya Dobi,ET040113
ET040113888006,Busano Bolo,ET040113
ET040113888009,Busano Kuni,ET040113
ET040113888007,Busano Qawuso,ET040113
ET040113888008,Busano Sicho,ET040113
ET040113888014,Dibe 01,ET040113
ET040113888016,Ganji Badiya,ET040113
ET040113888011,Ganji Bolale,ET040113
ET040113888010,Ganji Dembi,ET040113
ET040113101002,Ganji Ketama 01 Kebele,ET040113
ET040113101001,Ganji Ketama 02 Kebele,ET040113
ET040113888002,Gudaya Guji,ET040113
ET040113888013,Haro Badesa,ET040113
ET040113888018,Imbiraro Awandari,ET040113
ET040113888001,Kapi Gurachow,ET040113
ET040113888015,Lalisa Dibe,ET040113
ET040113888012,Lalisa Ganji,ET040113
ET040113888005,Minjo Imbiraro,ET040113
ET040114888012,Alebenta,ET040114
ET040114888013,Bikiltu Digo,ET040114
ET040114888005,Budi,ET040114
ET040114888018,Chageli Konbolcha,ET040114
ET040114888015,Chonge,ET040114
ET040114888003,Diri,ET040114
ET040114888008,Diri Toli,ET040114
ET040114888011,Dobi Gelel,ET040114
ET040114888020,Dog Adere,ET040114
ET040114888019,Dog Denbel,ET040114
ET040114888006,Duchi,ET040114
ET040114888007,Gadi,ET040114
ET040114888010,Genet Abo Kililo,ET040114
ET040114888025,Golja Aleta,ET040114
ET040114888026,Golja Genji,ET040114
ET040114888014,Gudetu Dule,ET040114
ET040114888022,Guracha Aleta,ET040114
ET040114888023,Guracha Ujumo,ET040114
ET040114101003,Jitu 01,ET040114
ET040114101002,Jitu 02,ET040114
ET040114101001,Jitu 03,ET040114
ET040114888002,Kabi Mariyam,ET040114
ET040114888004,Kaki Adere,ET040114
ET040114888016,Konbolcha Yonge,ET040114
ET040114888024,Maneti Acho,ET040114
ET040114888001,Metos,ET040114
ET040114888017,Sadale,ET040114
ET040114888021,Wara Baro,ET040114
ET040114888009,Yukira,ET040114
ET040115888019,Alaku Denbi,ET040115
ET040115888023,Alga Jaro,ET040115
ET040115888011,Arbu Abba Gadaa,ET040115
ET040115888013,Asgori Sora,ET040115
ET040115101002,Bube 01,ET040115
ET040115101001,Bube 02,ET040115
ET040115888007,Dakibo Bururi,ET040115
ET040115888022,Daye Bada,ET040115
ET040115888018,Daye Dobi,ET040115
ET040115888014,Didu Koche,ET040115
ET040115888005,Efa Waraksa,ET040115
ET040115888017,Gaba Robi,ET040115
ET040115888002,Gnae Dogi,ET040115
ET040115888003,Gudatu Haro,ET040115
ET040115888001,Gute Tiki,ET040115
ET040115888006,Haro Choroka,ET040115
ET040115888024,Haro Tumsa,ET040115
ET040115888004,Kilo Doboche,ET040115
ET040115888016,Kiltu Tobe,ET040115
ET040115888008,Shimala Ilu,ET040115
ET040115888009,Siba Badosi,ET040115
ET040115888015,Siba Dalo,ET040115
ET040115888012,Siba Kopi,ET040115
ET040115888010,Siba Silase,ET040115
ET040115201001,Ula Babu,ET040115
ET040115888020,Walda Mole,ET040115
ET040115888021,Wara Daye,ET040115
ET040116888029,Abshala Dinka,ET040116
ET040116888026,Achio Horda,ET040116
ET040116888016,Aladu Haro Dima,ET040116
ET040116888020,Andi Shushuru,ET040116
ET040116101002,Begi 01,ET040116
ET040116101001,Begi 02,ET040116
ET040116888022,Benga,ET040116
ET040116888021,Bile Bikiltu,ET040116
ET040116888006,Boni Abshala,ET040116
ET040116888009,Boni Bakare,ET040116
ET040116888011,Daladu Daga Boka,ET040116
ET040116888015,Daladu Tongo,ET040116
ET040116888041,Daladu Wabera,ET040116
ET040116888027,Ego Girmos,ET040116
ET040116888030,Fongo Wabera,ET040116
ET040116888033,Gaba Kamisa,ET040116
ET040116888025,Gaba Sanbata,ET040116
ET040116888007,Giba Gulanza,ET040116
ET040116888034,Haro Kobare,ET040116
ET040116888023,Hofa Kobare,ET040116
ET040116888042,Horo Dongoro,ET040116
ET040116888031,Kacho Wabera,ET040116
ET040116888010,Kama Chandi,ET040116
ET040116888035,Karma Gunfi,ET040116
ET040116888024,Kibi,ET040116
ET040116201001,Kobor,ET040116
ET040116888008,Kobor Chandi,ET040116
ET040116888017,Kochimo Haro Dima,ET040116
ET040116888005,Kongilo Gara Kello,ET040116
ET040116888040,Lalo Nora,ET040116
ET040116888037,Lelistu Lopi,ET040116
ET040116888039,Maru Dalasi,ET040116
ET040116888019,Refis Didibe,ET040116
ET040116888002,Shanta Goba,ET040116
ET040116888032,Shash Dambi,ET040116
ET040116888018,Shera Kama,ET040116
ET040116888001,Shigogo Fermakis,ET040116
ET040116888004,Shombo Bayida,ET040116
ET040116888003,Tagaba Goba,ET040116
ET040116888028,Taja Geba Arbi,ET040116
ET040116888014,Tenze,ET040116
ET040116888038,Tobi Dale Macho,ET040116
ET040116888036,Tobi Kinfi Karbacho,ET040116
ET040116888013,Tullu Bundara,ET040116
ET040116888012,Tulu Gaba Facasa,ET040116
ET040120888002,Agelo Arsema,ET040117
ET040120888009,Bondawo Dengil,ET040117
ET040120888001,Homa Birbir,ET040117
ET040120888003,Homa Giyorgis,ET040117
ET040120101001,Homa01,ET040117
ET040120101002,Homa02,ET040117
ET040120888005,Sewa Giyorgis,ET040117
ET040120888006,Siba Charo,ET040117
ET040120888004,Siba Metos,ET040117
ET040120888010,Siba Yebo,ET040117
ET040120888007,Siba Yesus,ET040117
ET040120888008,Sotelo Geter Kebele,ET040117
ET040120201001,Sotelo01,ET040117
ET040118888019,Abichu,ET040118
ET040118888011,Adiya Supe,ET040118
ET040118888016,Alito Badessa,ET040118
ET040118888015,Alito Gatiro,ET040118
ET040118888018,Banti Samaro,ET040118
ET040118888027,Bolo Botor,ET040118
ET040118888031,Dale Seyo,ET040118
ET040118101001,Debeso 01,ET040118
ET040118888010,Debeso Chiracha,ET040118
ET040118888032,Filfili Galan,ET040118
ET040118888033,Galan Gute,ET040118
ET040118888014,Ganka Inchini,ET040118
ET040118888013,Gecha Aba Mura,ET040118
ET040118888012,Gudatu Dabaso,ET040118
ET040118888004,Gute Jida,ET040118
ET040118888022,Guto Didibe,ET040118
ET040118888024,Haro Anani,ET040118
ET040118888009,Jawi Gecho,ET040118
ET040118888029,Karayu,ET040118
ET040118888021,Kiltu Kanchare,ET040118
ET040118888003,Kobila Wara Bilo,ET040118
ET040118301001,Kolba 01,ET040118
ET040118888005,Kolba Chana,ET040118
ET040118888007,Kolba Kobolo,ET040118
ET040118888028,Kontomi Guto,ET040118
ET040118888001,Kore Kokir,ET040118
ET040118888023,Kore Sibo,ET040118
ET040118888006,Korke Faro,ET040118
ET040118888008,Lelistu Gecho,ET040118
ET040118888002,Oda Abono,ET040118
ET040118888026,Oda Lalisa,ET040118
ET040118888030,Samaro Hacho,ET040118
ET040118888017,Samaro Karsa,ET040118
ET040118201001,Semero 01,ET040118
ET040118888025,Ulmaya Aba Galmo,ET040118
ET040118888020,Walgiyo Hacho,ET040118
ET040107888002,Bedas Dila,ET040119
ET040107888017,Boke Kada,ET040119
ET040107201001,Chaliya Eka 01,ET040119
ET040107888011,Chaliya Kusaye,ET040119
ET040107888009,Chaliyawara Dale,ET040119
ET040107301001,Dila Gogola,ET040119
ET040107888016,Galawo Gute,ET040119
ET040107888001,Gawa Ganka,ET040119
ET040107401001,Guji Getere,ET040119
ET040107888021,Guji Warabu,ET040119
ET040107101001,Guliso 01,ET040119
ET040107101002,Guliso 02,ET040119
ET040107888004,Hawate Suchi,ET040119
ET040107888012,Ininani Korme,ET040119
ET040107888007,Jarso Badeso,ET040119
ET040107888022,Jarso Birbir,ET040119
ET040107888008,Jarso Lalo,ET040119
ET040107888020,Kurfesa Birbir,ET040119
ET040107888005,Maru,ET040119
ET040107888019,Moga Kobara,ET040119
ET040107888013,Nawur Galawo,ET040119
ET040107888023,Sage Guji,ET040119
ET040107888003,Saka Jirbi,ET040119
ET040107888010,Sanki Dano,ET040119
ET040107888024,Seda Birbir,ET040119
ET040107888014,Tegi Galawo,ET040119
ET040107888006,Waligalte Dila,ET040119
ET040107888018,Wara Jiru Sobir,ET040119
ET040107888025,Wara Sayo Kobara,ET040119
ET040107888015,Wayu Mani,ET040119
ET040117101001,Gimbi 01,ET040193
ET040117101002,Gimbi 02,ET040193
ET040117101003,Gimbi 03,ET040193
ET040117101004,Gimbi 04,ET040193
ET040123888013,Amuma Alaltu,ET040197
ET040123888012,Amuma Gorgis,ET040197
ET040123888009,Buke Gori,ET040197
ET040123888008,Enimayi Sombo,ET040197
ET040123888004,Ganka Gitan,ET040197
ET040123888014,Gida Dale,ET040197
ET040123888011,Gida Gebo,ET040197
ET040123101002,Gori 01,ET040197
ET040123101001,Gori 02,ET040197
ET040123888003,Hawasi Gitan,ET040197
ET040123888001,Lomicha Dulo,ET040197
ET040123888007,Mura Wanki,ET040197
ET040123888005,Obora Komis,ET040197
ET040123888006,Sombo Sadan Gitan,ET040197
ET040123888002,Tulu Inchini,ET040197
ET040123888010,Waligalte Wera Jiru,ET040197
ET040123201002,Wera Jiru 01,ET040197
ET040123201001,Wera Jiru 02,ET040197
ET040122101004,Mendi 01,ET040198
ET040122101002,Mendi 02,ET040198
ET040122101003,Mendi 03,ET040198
ET040122101001,Mendi 04,ET040198
ET040121101003,Nejo 01,ET040199
ET040121101002,Nejo 02,ET040199
ET040121101001,Nejo 03,ET040199
ET040121101004,Nejo 04,ET040199
ET040201888014,Arkumbe1,ET040201
ET040201888013,Arkumbe2,ET040201
ET040201888017,Arkumbe8,ET040201
ET040201888004,Bolale,ET040201
ET040201888006,Chafejiregna,ET040201
ET040201888002,Dagamsilasie,ET040201
ET040201888007,Dibisabiya,ET040201
ET040201888015,Fitbako,ET040201
ET040201201001,Fiti Beko,ET040201
ET040201101001,Galila 01,ET040201
ET040201301001,Harkumbe 01,ET040201
ET040201888003,Lemati,ET040201
ET040201888011,Malkalami,ET040201
ET040201888009,Mukarbadima,ET040201
ET040201888001,Odalalisa,ET040201
ET040201888016,Ofata6,ET040201
ET040201888012,Sakatakiltubabo,ET040201
ET040201888010,Sapera,ET040201
ET040201888005,Waro,ET040201
ET040201888008,Warsu,ET040201
ET040202888006,Adami,ET040202
ET040202888018,Aga Gudina,ET040202
ET040202888009,Aniso,ET040202
ET040202888010,Birbirsa Debetan,ET040202
ET040202888014,Birbirsa Wajo,ET040202
ET040202888017,Burka Gudina,ET040202
ET040202888005,Dongoro Muta,ET040202
ET040202101001,Hinde_01,ET040202
ET040202888008,Kakaro,ET040202
ET040202201001,Kelo,ET040202
ET040202888003,Kelo Badiya,ET040202
ET040202888019,Koba Guda,ET040202
ET040202888020,Koromi Geter Kebele,ET040202
ET040202888002,Lalisa,ET040202
ET040202888015,Makanisa,ET040202
ET040202888004,Megersa Harbu Janko,ET040202
ET040202888012,Nano Hide,ET040202
ET040202888001,Safera Kebele,ET040202
ET040202888013,Umata Megersa,ET040202
ET040202888016,Wajo,ET040202
ET040202888011,Walgayi Soroma,ET040202
ET040202888007,Yaha,ET040202
ET040202888021,Zadi,ET040202
ET040217888017,Andodedicho,ET040203
ET040217888009,Arbgebeya,ET040203
ET040217101001,Ayana 01,ET040203
ET040217101002,Ayana 02,ET040203
ET040217201001,Dahgajigi_01,ET040203
ET040217888019,Dalasamakanisa,ET040203
ET040217888002,Dirreguddina,ET040203
ET040217888016,Dorooborra,ET040203
ET040217888011,Ejere,ET040203
ET040217888015,Gatira,ET040203
ET040217888003,Guddinacaliya,ET040203
ET040217888012,Guteguddina,ET040203
ET040217888001,Haromisoma,ET040203
ET040217888010,Harrelewajja,ET040203
ET040217888004,Homiansara,ET040203
ET040217401001,Jangir_01,ET040203
ET040217888006,Konoji,ET040203
ET040217888005,Koragobu,ET040203
ET040217888013,Laliseguddina,ET040203
ET040217888021,Lalistuangar,ET040203
ET040217301001,Lalistuanger_01,ET040203
ET040217888007,Qarsaharbukenne,ET040203
ET040217888014,Sapheramexi,ET040203
ET040217888008,Sirbawadessa,ET040203
ET040217888018,Tullulenca,ET040203
ET040217888020,Warabbo,ET040203
ET040204201001,Bariso,ET040204
ET040204888013,Birbo,ET040204
ET040204888004,Bollogudina,ET040204
ET040204888005,Dange,ET040204
ET040204888003,Dugdaguda,ET040204
ET040204888002,Gatira Danbi,ET040204
ET040204888010,Gorbagudina,ET040204
ET040204101001,Haro_01,ET040204
ET040204888011,Homikelela,ET040204
ET040204888014,Kuyurifenti,ET040204
ET040204888008,Odagudina,ET040204
ET040204888007,Segro Gudina,ET040204
ET040204888015,Shonkora,ET040204
ET040204888012,Sombogadisa,ET040204
ET040204888001,Suge Lelisa,ET040204
ET040204888009,Tutine,ET040204
ET040204888006,Ucha,ET040204
ET040205101001,Bilo,ET040205
ET040205888009,Bonayasokso,ET040205
ET040205201001,Boshe Kidame,ET040205
ET040205888005,Boshetimbako,ET040205
ET040205888008,Chafekonchi,ET040205
ET040205888002,Ejersagute,ET040205
ET040205888004,Galagure,ET040205
ET040205888001,Jawis,ET040205
ET040205888007,Koyikonchi,ET040205
ET040205888010,Qarekonchi,ET040205
ET040205888003,Soduberama,ET040205
ET040205888006,Yadahunda,ET040205
ET040206888007,Boneya Molo,ET040206
ET040206888001,Dalo Komto,ET040206
ET040206888009,Gida Abalo,ET040206
ET040206888010,Gida Basaka,ET040206
ET040206888008,Gura Hudha,ET040206
ET040206888005,Gute Badiya,ET040206
ET040206201001,Gute_01,ET040206
ET040206888002,Haro Chalchis,ET040206
ET040206101001,Jimate 01,ET040206
ET040206888003,Kichi,ET040206
ET040206888006,Megna Kura,ET040206
ET040206888004,Wara Babomegna,ET040206
ET040207888001,Abayidale,ET040207
ET040207888012,Agalogidami,ET040207
ET040207888009,Alitowaradi,ET040207
ET040207201001,Bila 01,ET040207
ET040207888005,Biloejere,ET040207
ET040207888008,Chalijima,ET040207
ET040207888011,Darbasigarado,ET040207
ET040207888010,Gonkaija,ET040207
ET040207888003,Gutechancho,ET040207
ET040207888013,Harogudisa,ET040207
ET040207888004,Henajawaja,ET040207
ET040207101001,Jare 01,ET040207
ET040207888006,Tibe,ET040207
ET040207888007,Welenelemu,ET040207
ET040207888002,Zangi,ET040207
ET040208888001,Adaretisa,ET040208
ET040208888005,Agolafte,ET040208
ET040208888002,Alamisayo,ET040208
ET040208201001,Alemi Seyo,ET040208
ET040208101001,Ano,ET040208
ET040208888008,Gambelatare,ET040208
ET040208888007,Ongobomakensa,ET040208
ET040208888006,Sombokejo,ET040208
ET040208888003,Tibehara,ET040208
ET040208888004,Ulmaechala,ET040208
ET040209888014,Ada Buke,ET040209
ET040209888012,Babo Kuwe,ET040209
ET040209888008,Bakanisa Becheru,ET040209
ET040209888001,Bako Jima,ET040209
ET040209888006,Baro Tita,ET040209
ET040209888018,Bikilal,ET040209
ET040209301001,Bujura Amuma,ET040209
ET040209888007,Bujura Amuma,ET040209
ET040209888009,Burka Talo,ET040209
ET040209888013,Chafe Jalale,ET040209
ET040209888016,Chari Jarso,ET040209
ET040209201001,Chingi,ET040209
ET040209888010,Dama Cheka,ET040209
ET040209888003,Dangajo Guyo,ET040209
ET040209888005,Dicho Aba Garmama,ET040209
ET040209888011,Falamo Yubdo,ET040209
ET040209888002,Hagalo Tulama,ET040209
ET040209888004,Hombosh Hobo,ET040209
ET040209888017,Jarso Wama,ET040209
ET040209888019,Lalisa,ET040209
ET040209101001,Siretown01,ET040209
ET040209101002,Siretown02,ET040209
ET040209888015,Woligalte,ET040209
ET040210888012,Adugna,ET040210
ET040210101001,Arjo Gudatu_01,ET040210
ET040210101002,Arjo Gudatu_02,ET040210
ET040210888006,Arjo Konan Bula,ET040210
ET040210888005,Bacibaci,ET040210
ET040210888002,Bereda Soroma,ET040210
ET040210888007,Bikila,ET040210
ET040210888001,Bikiltu Melka,ET040210
ET040210888017,Burka Gudina,ET040210
ET040210888016,Degagadidessa,ET040210
ET040210888020,Demeksa,ET040210
ET040210201001,Efa01,ET040210
ET040210888009,Firomsa,ET040210
ET040210888013,Furdisa,ET040210
ET040210888019,Garuma,ET040210
ET040210888011,Gemeechis,ET040210
ET040210888008,Gudisa,ET040210
ET040210888010,Jirata,ET040210
ET040210888014,Karsa Dako,ET040210
ET040210888004,Lalisa Dimtu,ET040210
ET040210888015,Mada Jalala,ET040210
ET040210888018,Oda Gudina,ET040210
ET040210888003,Weyessa Dimtu,ET040210
ET040211888011,Ambaltafayera,ET040211
ET040211501001,Angar,ET040211
ET040211888012,Badasajarso,ET040211
ET040211201001,Baredu 01,ET040211
ET040211888003,Baredubalo,ET040211
ET040211301001,Belo01,ET040211
ET040211888022,Bikiltusonkora,ET040211
ET040211888009,Dangalegonke,ET040211
ET040211888027,Dangaligongo,ET040211
ET040211888023,Fayineteranio,ET040211
ET040211101001,Galo,ET040211
ET040211888017,Gamane,ET040211
ET040211888008,Gelakersa,ET040211
ET040211888016,Gelojanja,ET040211
ET040211888001,Handurabalo,ET040211
ET040211888013,Harofayisa,ET040211
ET040211888024,Harogudina,ET040211
ET040211888007,Horawata,ET040211
ET040211401001,Jimate Gumbi,ET040211
ET040211888004,Kersamojo,ET040211
ET040211888021,Lalisabareda,ET040211
ET040211888020,Lomicha,ET040211
ET040211888005,Madajalala,ET040211
ET040211888002,Milkigudina,ET040211
ET040211888015,Nanosanbatdure,ET040211
ET040211888018,Oda,ET040211
ET040211888006,Odagudina,ET040211
ET040211888014,Tokumatsige,ET040211
ET040211888010,Tsigegudina,ET040211
ET040211888025,Wajetagumbi,ET040211
ET040211888019,Walkituma,ET040211
ET040211888026,Warakura,ET040211
ET040212888017,Abono,ET040212
ET040212888004,Allekawisa,ET040212
ET040212888013,Badho,ET040212
ET040212201001,Bandira,ET040212
ET040212888018,Bandira,ET040212
ET040212888015,Batayakin,ET040212
ET040212888021,Bolo,ET040212
ET040212888003,Digafododo,ET040212
ET040212888019,Diniandode,ET040212
ET040212888016,Geracho,ET040212
ET040212101001,Getema,ET040212
ET040212888012,Gudina,ET040212
ET040212888020,Haroshako,ET040212
ET040212888009,Hordaambalta,ET040212
ET040212888008,Hordakawisa,ET040212
ET040212888001,Jarsobanbache,ET040212
ET040212888002,Jarsofododo,ET040212
ET040212888005,Jarsogute,ET040212
ET040212888006,Jarsoliya,ET040212
ET040212888014,Karunageso,ET040212
ET040212888010,Kubetaambalta,ET040212
ET040212888011,Kubetahoro,ET040212
ET040212888007,Mignakarsa,ET040212
ET040213888019,Abdeta,ET040213
ET040213888003,Angar Magarsa,ET040213
ET040213888011,Arjo,ET040213
ET040213888014,Eba,ET040213
ET040213888018,Fayinera,ET040213
ET040213888012,Fayisa,ET040213
ET040213888007,Gadisaoda,ET040213
ET040213888015,Gari,ET040213
ET040213201001,Horoalaltu,ET040213
ET040213888005,Horoalaltu,ET040213
ET040213888010,Jarsotolera,ET040213
ET040213888016,Jiregna,ET040213
ET040213888013,Kajela,ET040213
ET040213888001,Kenaf,ET040213
ET040213888017,Kitesa,ET040213
ET040213888008,Loko,ET040213
ET040213301001,Lugo,ET040213
ET040213888006,Lugo,ET040213
ET040213888009,Madajalala,ET040213
ET040213888004,Meti,ET040213
ET040213888020,Nagasa,ET040213
ET040213888002,Uke,ET040213
ET040213101001,Uke_01,ET040213
ET040214888020,Abotedidesa,ET040214
ET040214888021,Arjodidesasugerfactory,ET040214
ET040214888016,Asandabo,ET040214
ET040214888019,Badasadidesa,ET040214
ET040214888010,Hara,ET040214
ET040214888011,Harakeku,ET040214
ET040214888004,Harokumba,ET040214
ET040214888001,Hinde,ET040214
ET040214888018,Hundegudina,ET040214
ET040214888013,Jamogambala,ET040214
ET040214888014,Jamogiros,ET040214
ET040214888007,Jarsogarbi,ET040214
ET040214888003,Jarsokamisabera,ET040214
ET040214101001,Jima Arjo 01,ET040214
ET040214101002,Jima Arjo 02,ET040214
ET040214888002,Lalo,ET040214
ET040214888017,Meta,ET040214
ET040214888005,Saka,ET040214
ET040214888012,Tibechafe,ET040214
ET040214888015,Tibekusaye,ET040214
ET040214888006,Wamakura,ET040214
ET040214888009,Wayukiltu,ET040214
ET040214888008,Wayukumba,ET040214
ET040215888005,Abdiumata,ET040215
ET040215888006,Bachu,ET040215
ET040215888008,Bildima,ET040215
ET040215888010,Dillakoye,ET040215
ET040215888007,Gudinawalini,ET040215
ET040215201001,Hadere_01,ET040215
ET040215888009,Harkogudetu,ET040215
ET040215888013,Hawibekumsa,ET040215
ET040215888020,Horabacha,ET040215
ET040215888011,Jamo,ET040215
ET040215888017,Janogure,ET040215
ET040215888001,Korbusaka,ET040215
ET040215888014,Kortulago,ET040215
ET040215888019,Manemakanisa,ET040215
ET040215888012,Nagahawi,ET040215
ET040215101001,Nunu 01,ET040215
ET040215888015,Wamaadere,ET040215
ET040215888002,Wamabidiru,ET040215
ET040215888004,Wamadire,ET040215
ET040215888016,Wamadoshe,ET040215
ET040215888018,Wamagudetu,ET040215
ET040215888003,Wamalalisa,ET040215
ET040216888001,Bataawangiro,ET040216
ET040216888002,Batakusaye,ET040216
ET040216888006,Batawayu,ET040216
ET040216888003,Butujikeso,ET040216
ET040216888009,Dabba,ET040216
ET040216888008,Dako,ET040216
ET040216888004,Gosanibabo,ET040216
ET040216888005,Gosanikilo,ET040216
ET040216101001,Halelu,ET040216
ET040216888007,Iluhagelo,ET040216
ET040216301001,Kaso,ET040216
ET040216888010,Miesakombo,ET040216
ET040216201001,Mote,ET040216
ET040203888006,Ashu Kusaye,ET040217
ET040203888010,Babo,ET040217
ET040203888015,Badesa,ET040217
ET040203888002,Bagin,ET040217
ET040203888009,Burkasoruma,ET040217
ET040203888011,Caffe Soruma,ET040217
ET040203888004,Chafe Gudina,ET040217
ET040203888014,Gudina Jirenya,ET040217
ET040203201001,Haro Kiramu 01,ET040217
ET040203888007,Kiltuabo,ET040217
ET040203101001,Kiramu 01,ET040217
ET040203301001,Kokofe01,ET040217
ET040203888005,Lelistu Sombo,ET040217
ET040203888003,Mergajiregna,ET040217
ET040203888013,Nacino,ET040217
ET040203401001,Sire Doro,ET040217
ET040203888008,Tokumakokofe,ET040217
ET040203888012,Wadesa Dima,ET040217
ET040203888001,Wasti,ET040217
ET040218101001,Angara Gute_01,ET040218
ET040218101002,Angara Gute_02,ET040218
ET040301888012,Abu Gobora,ET040301
ET040301888039,Abuna Gali,ET040301
ET040301888045,Adere,ET040301
ET040301888040,Babo,ET040301
ET040301888019,Bena_1,ET040301
ET040301888018,Bena_2,ET040301
ET040301888002,Bena_3,ET040301
ET040301888001,Bena_4,ET040301
ET040301888034,Bendo,ET040301
ET040301888027,Bero,ET040301
ET040301888036,Boto,ET040301
ET040301888029,Buko,ET040301
ET040301301001,Buno Wabeko,ET040301
ET040301888026,Calte,ET040301
ET040301888021,Chora Dambi,ET040301
ET040301888003,Dade Botoro,ET040301
ET040301101001,Darimu,ET040301
ET040301888010,Efersi,ET040301
ET040301888043,Egu,ET040301
ET040301888008,Embero,ET040301
ET040301888023,Enariyo,ET040301
ET040301888030,Furdisa,ET040301
ET040301888033,Genbela,ET040301
ET040301201001,Gobe,ET040301
ET040301888022,Gobe Badiya,ET040301
ET040301888016,Gobora,ET040301
ET040301888011,Gumgumi,ET040301
ET040301888028,Guri,ET040301
ET040301888006,Hana Ifa,ET040301
ET040301888044,Hiriyo,ET040301
ET040301888042,Ilala,ET040301
ET040301888025,Jarso,ET040301
ET040301888041,Kata Barko,ET040301
ET040301888024,Kusaye,ET040301
ET040301888013,Mandara,ET040301
ET040301888007,Meti Guda,ET040301
ET040301888004,Meti Kerebe 4,ET040301
ET040301888005,Meti Kerebe 5,ET040301
ET040301888038,Oda Haro,ET040301
ET040301888037,Oda Kama,ET040301
ET040301888014,Sharo,ET040301
ET040301888015,Timji,ET040301
ET040301888031,Tulama,ET040301
ET040301888017,Ucale,ET040301
ET040301888020,Uche,ET040301
ET040301888032,Uki Didibe,ET040301
ET040301888009,Wabeko,ET040301
ET040301888035,Wale,ET040301
ET040302888020,Adare,ET040302
ET040302888009,Adosa Sosob,ET040302
ET040302101001,Alge 01,ET040302
ET040302888024,Ali,ET040302
ET040302888010,Anole Boru,ET040302
ET040302888014,Bero Kersa,ET040302
ET040302888001,Chokorsaf Doyu,ET040302
ET040302888029,Comoso,ET040302
ET040302888012,Gaba Kamisa,ET040302
ET040302888008,Gudeya,ET040302
ET040302888005,Hadaf Quxi,ET040302
ET040302888004,Hagayo Bogus,ET040302
ET040302888015,Hana Mogu,ET040302
ET040302888013,Haro Gudetu,ET040302
ET040302888011,Haro Mole,ET040302
ET040302888017,Iriyo,ET040302
ET040302888023,Jarkuni,ET040302
ET040302888025,Kame Ena Wato,ET040302
ET040302888018,Karkaro Homi,ET040302
ET040302888021,Mogu Chokorsa,ET040302
ET040302888003,Nado,ET040302
ET040302888007,Obolof Yero,ET040302
ET040302401001,Sachi,ET040302
ET040302301001,Sambato Urban,ET040302
ET040302888002,Sambeto Rural,ET040302
ET040302888016,Sardo Sachi,ET040302
ET040302888022,Sibboof Ganje,ET040302
ET040302888019,Sodo,ET040302
ET040302201001,Suphe 01,ET040302
ET040302888027,Ume Amdelo,ET040302
ET040302888026,Uso Sige,ET040302
ET040302888028,Wayu,ET040302
ET040302888006,Yagare Buno,ET040302
ET040303888011,Abiyu,ET040309
ET040303888005,Achibo,ET040309
ET040303888015,Bacho,ET040309
ET040303888002,Bondow Magella,ET040309
ET040303888003,Geci,ET040309
ET040303888012,Geri,ET040309
ET040303888010,Hamuma,ET040309
ET040303888014,Illu Abba Dinka,ET040309
ET040303201001,Ilu Darma,ET040309
ET040303888008,Jame Shono,ET040309
ET040303888007,Kamise,ET040309
ET040303888017,Leka,ET040309
ET040303888016,Ordinogo,ET040309
ET040303888009,Sena,ET040309
ET040303888013,Tiji,ET040309
ET040303888001,Wabo,ET040309
ET040303888004,Wixate,ET040309
ET040303888006,Yambo,ET040309
ET040303101001,Yayo 01,ET040309
ET040304888003,Adale Bise,ET040310
ET040304888011,Adale Gumar,ET040310
ET040304888002,Adale Haro,ET040310
ET040304888001,Adale Kaso,ET040310
ET040304888024,Agalo Ekoi,ET040310
ET040304888025,Agalo Warkayi,ET040310
ET040304888020,Ale Buya,ET040310
ET040304888029,Alga Gosu,ET040310
ET040304888028,Alga Guracha,ET040310
ET040304888027,Baroyi Gabisa,ET040310
ET040304888026,Baroyi Shonkora,ET040310
ET040304888008,Boto,ET040310
ET040304888022,Burusa Badiya,ET040310
ET040304101001,Burusa Ketema,ET040310
ET040304888017,Gaba Guda,ET040310
ET040304888010,Gayi,ET040310
ET040304888021,Homa Didu,ET040310
ET040304888005,Kachi,ET040310
ET040304888016,Kamise,ET040310
ET040304888018,Kayof Chatu,ET040310
ET040304888014,Kayof Chogi,ET040310
ET040304888009,Kodo Hirii,ET040310
ET040304888019,Madalu,ET040310
ET040304888013,Made,ET040310
ET040304888007,Sardo,ET040310
ET040304888006,Sedo,ET040310
ET040304888012,Siba,ET040310
ET040304888015,Tobacha,ET040310
ET040304888004,Tulube,ET040310
ET040304888023,Warkayi Dire,ET040310
ET040305888005,Agalo,ET040311
ET040305888011,Babe Tokuma,ET040311
ET040305888006,Catu,ET040311
ET040305888001,Chari Obbe,ET040311
ET040305888009,Dildila Boru,ET040311
ET040305888017,Gabire Dma,ET040311
ET040305888008,Gagi Bachano,ET040311
ET040305101002,Gore_01,ET040311
ET040305101001,Gore_02,ET040311
ET040305101003,Gore_03,ET040311
ET040305101004,Gore_04,ET040311
ET040305888004,Gumaro Abbu,ET040311
ET040305888013,Ino Sanbe,ET040311
ET040305888016,Jeto,ET040311
ET040305888018,Kachi Boran,ET040311
ET040305888010,Kakayi,ET040311
ET040305888007,Kundi,ET040311
ET040305888012,Magela Chuche,ET040311
ET040305201001,Onga Ketema,ET040311
ET040305888019,Onga Webe,ET040311
ET040305888003,Ononu,ET040311
ET040305888015,Sagi Baki,ET040311
ET040305888002,Siso Benja,ET040311
ET040305888014,Yubi Mari,ET040311
ET040306888015,Addislem,ET040312
ET040306888004,Agalo Moka,ET040312
ET040306888008,Agalo Uka,ET040312
ET040306101001,Bure_01,ET040312
ET040306888013,Chore Dagoye,ET040312
ET040306888009,Dhamocha,ET040312
ET040306888006,Dorani Dibbi,ET040312
ET040306888010,Dorani Dobi,ET040312
ET040306888005,Gabaya Witata,ET040312
ET040306888007,Haro Magella,ET040312
ET040306888014,Idiget Fana,ET040312
ET040306888003,Kotore,ET040312
ET040306888002,Kufi,ET040312
ET040306888017,Lalisa,ET040312
ET040306888019,Magarsa,ET040312
ET040306888012,Nabo Mirriga,ET040312
ET040306888016,Obbo Mirriga,ET040312
ET040306888018,Saco,ET040312
ET040306201001,Sibo 01,ET040312
ET040306888011,Sibo Abbo,ET040312
ET040306888001,Toli Ceka,ET040312
ET040307888001,Arbe,ET040313
ET040307888007,Asendabo,ET040313
ET040307101001,Birbirsa 01,ET040313
ET040307888010,Bontu Korma,ET040313
ET040307888020,Decha,ET040313
ET040307888005,Derba,ET040313
ET040307888014,Derbeta,ET040313
ET040307888003,Gamechisa,ET040313
ET040307888013,Haro,ET040313
ET040307888021,Jawe,ET040313
ET040307888004,Kimo,ET040313
ET040307888016,Konbolcha,ET040313
ET040307888006,Koti,ET040313
ET040307888012,Kupi,ET040313
ET040307888009,Nono,ET040313
ET040307888008,Onose,ET040313
ET040307888015,Selale,ET040313
ET040307888019,Sochoso,ET040313
ET040307888017,Tupi,ET040313
ET040307888018,Waka,ET040313
ET040307888002,Walkitesa,ET040313
ET040307888011,Yakema,ET040313
ET040314888008,Agaro Denta,ET040314
ET040314101001,Bacho 01,ET040314
ET040314888004,Bacho Badiya,ET040314
ET040314888005,Bakke,ET040314
ET040314888001,Bokoji,ET040314
ET040314888006,Fugo Sadro,ET040314
ET040314888015,Gabisa Sor,ET040314
ET040314888013,Gamachisa,ET040314
ET040314888017,Gamta Jaba,ET040314
ET040314888009,Gorbi,ET040314
ET040314888014,Gudina Sor,ET040314
ET040314888016,Lalisa Sor,ET040314
ET040314201001,Leka,ET040314
ET040314888010,Sacho,ET040314
ET040314888007,Sakki,ET040314
ET040314888003,Tubbi,ET040314
ET040314888011,Tulu Suna,ET040314
ET040314888012,Walgayi Qubsa,ET040314
ET040314888002,Yami,ET040314
ET040309888004,Abu,ET040315
ET040309888003,Adere,ET040315
ET040309888009,Agetta,ET040315
ET040309888015,Carcari,ET040315
ET040309888011,Dizii,ET040315
ET040309888013,Jafti,ET040315
ET040309888005,Jato,ET040315
ET040309888010,Karo Mariyami,ET040315
ET040309888007,Kitabir,ET040315
ET040309888014,Kodine,ET040315
ET040309888001,Maru Cage,ET040315
ET040309888002,Maru Ekkelle,ET040315
ET040309101001,Nopa,ET040315
ET040309888006,Suli,ET040315
ET040309888012,Ukaro,ET040315
ET040309888008,Ulumaya,ET040315
ET040310888010,Baro,ET040316
ET040310888008,Chabare,ET040316
ET040310888013,Enat Haro,ET040316
ET040310888004,Gaba,ET040316
ET040310888002,Goljo,ET040316
ET040310888007,Gondara,ET040316
ET040310888001,Haro,ET040316
ET040310101001,Hurumu 01,ET040316
ET040310888012,Ogge,ET040316
ET040310888009,Ordin Anto,ET040316
ET040310888014,Qeresi,ET040316
ET040310201001,Sonta,ET040316
ET040310888011,Sonta,ET040316
ET040310888005,Tomma Yobi,ET040316
ET040310888003,Wagegne,ET040316
ET040310888006,Yobi Dolla,ET040316
ET040311888009,Babbu,ET040317
ET040311888007,Dabano,ET040317
ET040311888016,Gammachu,ET040317
ET040311888003,Gordommo Geter,ET040317
ET040311201001,Gordomo,ET040317
ET040311888001,Haro Dowa,ET040317
ET040311888004,Kasher,ET040317
ET040311888006,Kato,ET040317
ET040311888008,Kore Bodi,ET040317
ET040311101001,Lalo,ET040317
ET040311888010,Lalo Geter,ET040317
ET040311888011,Oljennera,ET040317
ET040311888014,Ongo Sankale,ET040317
ET040311888015,Qelli,ET040317
ET040311888002,Qochi,ET040317
ET040311888005,Tulama,ET040317
ET040311888013,Wadda Chago,ET040317
ET040311888012,Yula Kola,ET040317
ET040312888002,Abiyu Leman,ET040319
ET040312888001,Adare,ET040319
ET040312888006,Amuma,ET040319
ET040312888012,Didibbe,ET040319
ET040312888011,Gore Giddi,ET040319
ET040312101001,Halu,ET040319
ET040312888008,Halu Gamachisa,ET040319
ET040312888003,Inago,ET040319
ET040312888009,Kidana Mihirat,ET040319
ET040312888007,Qarsa,ET040319
ET040312888004,Sardo,ET040319
ET040312888010,Walkitesa,ET040319
ET040312888005,Yanbo,ET040319
ET040313101005,Aba Mole,ET040320
ET040313101002,Aba Saya,ET040320
ET040313101004,Gadisa Oda,ET040320
ET040313101006,Kolo Korma,ET040320
ET040313101003,Sor,ET040320
ET040313101001,Tabo,ET040320
ET040308888010,Badessa,ET040324
ET040308888001,Batali,ET040324
ET040308888009,Boco,ET040324
ET040308888008,Didu,ET040324
ET040308888007,Didu Haro,ET040324
ET040308101001,Elemo,ET040324
ET040308888011,Hena,ET040324
ET040308888006,Hodha,ET040324
ET040308888004,Machale,ET040324
ET040308888005,Sibo,ET040324
ET040308888003,Warabo,ET040324
ET040308888002,Wera,ET040324
ET040401888005,Alelu Warqe,ET040401
ET040401888002,Alga Qiltu Muja,ET040401
ET040401888011,Alo Kalala,ET040401
ET040401888001,Anbabesa,ET040401
ET040401101001,Atinago,ET040401
ET040401888028,Atinago Geter,ET040401
ET040401888035,Bakke Haro,ET040401
ET040401888018,Bontu,ET040401
ET040401888025,Buludo,ET040401
ET040401888021,Cheka Muka Luba,ET040401
ET040401888003,Cheri Alga,ET040401
ET040401888026,Cunge,ET040401
ET040401888016,Dale Adera,ET040401
ET040401888023,Damme,ET040401
ET040401888024,Danaba,ET040401
ET040401888032,Dego,ET040401
ET040401888038,Dora,ET040401
ET040401888007,Gale Gabeta,ET040401
ET040401888012,Gamta Tokuma,ET040401
ET040401888037,Gejib,ET040401
ET040401888033,Gujuli Caffe,ET040401
ET040401201001,Koma,ET040401
ET040401888014,Koma Geter,ET040401
ET040401888020,Kurana Labu,ET040401
ET040401888004,Kurno Manisa,ET040401
ET040401888022,Kusaye Bore,ET040401
ET040401888010,Mada Jalala,ET040401
ET040401888034,Maro Cisa,ET040401
ET040401888019,Mirkuz,ET040401
ET040401888008,Mojo Warji,ET040401
ET040401888031,Mole Ganji,ET040401
ET040401888006,Mote Galesa,ET040401
ET040401888030,Omo Qaqa,ET040401
ET040401888017,Rayya,ET040401
ET040401888029,Rigo,ET040401
ET040401888013,Sachani,ET040401
ET040401888015,Santo,ET040401
ET040401888036,Saqa,ET040401
ET040401888009,Wama Maribo,ET040401
ET040401888027,Yeddo,ET040401
ET040402888038,Aca,ET040402
ET040402888002,Adis Limate,ET040402
ET040402201001,Ambuye,ET040402
ET040402888039,Arengama,ET040402
ET040402301001,Babu,ET040402
ET040402888003,Burka Gudina,ET040402
ET040402888028,Cafe Ilfata,ET040402
ET040402888023,Cakawo Manji,ET040402
ET040402888017,Cancho Geshe,ET040402
ET040402888010,Charaki,ET040402
ET040402888015,Cukulu Dullacha,ET040402
ET040402888022,Debelo,ET040402
ET040402888026,Denbi Gabana,ET040402
ET040402888032,Dengaja Sole,ET040402
ET040402888034,Dire Togo,ET040402
ET040402888029,Gale Jimate,ET040402
ET040402888001,Galle Busase,ET040402
ET040402888030,Galle Kamise,ET040402
ET040402888027,Gena Dembi,ET040402
ET040402888035,Gena Dujuma,ET040402
ET040402888012,Goboze Wabe,ET040402
ET040402888011,Gudo Bakare,ET040402
ET040402888019,Harawa Gatira,ET040402
ET040402888020,Harawa Jimate,ET040402
ET040402888018,Harawa Katta,ET040402
ET040402888031,Kaco Tirtira,ET040402
ET040402888036,Kamise Babiya,ET040402
ET040402888040,Kella Gabisa,ET040402
ET040402888037,Kosa Geshe,ET040402
ET040402888008,Laku Cime,ET040402
ET040402888021,Liban Gonde,ET040402
ET040402101001,Limu Genat_01,ET040402
ET040402101002,Limu Genat_02,ET040402
ET040402888005,Mendara,ET040402
ET040402888004,Mito Gundub,ET040402
ET040402888006,Suntu,ET040402
ET040402888009,Tenabo Lalo,ET040402
ET040402888025,Tencho,ET040402
ET040402888016,Wabe Koticha,ET040402
ET040402888013,Wabe Sombo,ET040402
ET040402888007,Walake Sombo,ET040402
ET040402888024,Walensu,ET040402
ET040402888014,Wirtu Sokore,ET040402
ET040402888033,Yatu Tirgi,ET040402
ET040403888005,A/Badeyi,ET040403
ET040403888007,Abalti,ET040403
ET040403888038,Adama,ET040403
ET040403888010,Andode,ET040403
ET040403888022,Ashe,ET040403
ET040403888027,Bagiso,ET040403
ET040403888020,Barcuma,ET040403
ET040403888006,Bede,ET040403
ET040403888034,Bore,ET040403
ET040403888033,Chala,ET040403
ET040403888030,Cheka,ET040403
ET040403888014,Chophta Kake,ET040403
ET040403888031,Copha,ET040403
ET040403888025,Daka,ET040403
ET040403201001,Danaba,ET040403
ET040403888013,Dobi,ET040403
ET040403888002,Doyo Kophata,ET040403
ET040403888016,Erato B/Ocho,ET040403
ET040403888023,Gadalkelta,ET040403
ET040403888028,Gangalata,ET040403
ET040403888003,Gebe,ET040403
ET040403888019,Gebjiro,ET040403
ET040403888001,Gurage Biftu,ET040403
ET040403888009,Haro Kake,ET040403
ET040403888011,Kulata,ET040403
ET040403888035,Liban,ET040403
ET040403888012,Makanisa,ET040403
ET040403888036,Merara,ET040403
ET040403301001,Natri,ET040403
ET040403888018,Natri Mancho,ET040403
ET040403888015,Sadeka,ET040403
ET040403888039,Sagalga,ET040403
ET040403888017,Shiro Dike,ET040403
ET040403101001,Sokoru,ET040403
ET040403888008,Tiro Kumbi,ET040403
ET040403888004,Tiro Shashsma,ET040403
ET040403888032,Unkure,ET040403
ET040403888029,Walmera,ET040403
ET040403888026,Wangasho,ET040403
ET040403888021,Widayi,ET040403
ET040403888024,Y/Sokoru,ET040403
ET040403888037,Yebu,ET040403
ET040404888023,Afeta,ET040404
ET040404888004,Akko Badiya,ET040404
ET040404201001,Akkotown,ET040404
ET040404888012,Awano,ET040404
ET040404888020,Ayino,ET040404
ET040404888017,Babbo,ET040404
ET040404888007,Bidaru,ET040404
ET040404888010,Bonaya,ET040404
ET040404888015,Busa,ET040404
ET040404888011,Dacha Gibe,ET040404
ET040404888018,Dacha Nadi,ET040404
ET040404101001,Dimtutown,ET040404
ET040404888006,Gindo Saden,ET040404
ET040404888001,Jato,ET040404
ET040404888003,Kitinbille,ET040404
ET040404888021,Koticha Gibe,ET040404
ET040404888009,Lalisa,ET040404
ET040404888005,Madalle,ET040404
ET040404888008,Micha,ET040404
ET040404888016,Omo Chala,ET040404
ET040404888022,Qajelo,ET040404
ET040404888002,Qanani,ET040404
ET040404888014,Raga Siba,ET040404
ET040404888019,Tiyyo,ET040404
ET040404888013,Tubena,ET040404
ET040405888004,Adare Dika,ET040405
ET040405888022,Ankaso,ET040405
ET040405888025,Awaye Sabo,ET040405
ET040405888020,Babo,ET040405
ET040405888030,Bala Wajo,ET040405
ET040405888028,Bulbul,ET040405
ET040405888011,Busa Bacane,ET040405
ET040405888006,Dogoso,ET040405
ET040405888002,Folla Gubeta,ET040405
ET040405888029,Gello,ET040405
ET040405888019,Girma,ET040405
ET040405888014,Gora Sariti,ET040405
ET040405888023,Gunju,ET040405
ET040405888024,Kalacha,ET040405
ET040405888015,Kara Gora,ET040405
ET040405888001,Kersa Sume,ET040405
ET040405888027,Kitimbile,ET040405
ET040405888018,Kombolcha,ET040405
ET040405888010,Kusaye Beru,ET040405
ET040405888003,Mara Qabaricho,ET040405
ET040405888021,Morowa,ET040405
ET040405101001,Omo Ticho,ET040405
ET040405888008,Oso,ET040405
ET040405888017,Qujo Muja,ET040405
ET040405888016,Shewa Totobi,ET040405
ET040405888007,Siba,ET040405
ET040405888005,Sunkule,ET040405
ET040405888026,Tikur Balto,ET040405
ET040405888012,Toli Kersu,ET040405
ET040405888013,Tukur Abulo,ET040405
ET040405888009,Waduko,ET040405
ET040405101002,Wayu,ET040405
ET040406888005,Aurgye,ET040406
ET040406888016,Bebelakara,ET040406
ET040406888015,Bebelakosa,ET040406
ET040406201001,Bilida 01,ET040406
ET040406888006,Bilidabadiya,ET040406
ET040406888019,Butre,ET040406
ET040406888011,Dawa,ET040406
ET040406888024,Doyobikila,ET040406
ET040406888023,Doyotoli,ET040406
ET040406888003,Etisaguda,ET040406
ET040406888001,Gubeboseka,ET040406
ET040406888018,Gubemuleta,ET040406
ET040406888017,Gudetabula,ET040406
ET040406888010,Haro,ET040406
ET040406888007,Hundakeneni,ET040406
ET040406888020,Hundatoli,ET040406
ET040406888009,Kela Guda,ET040406
ET040406888022,Kemise Wereba,ET040406
ET040406888004,Kentri,ET040406
ET040406888008,Korelelisa,ET040406
ET040406888013,Lemilelisa,ET040406
ET040406888012,Meti,ET040406
ET040406888021,Sembo Mana,ET040406
ET040406888002,Seyebontu,ET040406
ET040406888014,Somodo,ET040406
ET040406101001,Yebu 01,ET040406
ET040407888020,Belfokonche,ET040407
ET040407888027,Bersoma,ET040407
ET040407888029,Beshashabadiya,ET040407
ET040407401001,Beshashaketama,ET040407
ET040407888035,Boredinsira,ET040407
ET040407888013,Buladochoche,ET040407
ET040407888017,Bulbulo,ET040407
ET040407888015,Chederosuse,ET040407
ET040407501001,Chego,ET040407
ET040407888032,Chemichego,ET040407
ET040407201001,Choche Ketama,ET040407
ET040407888016,Chochelemi,ET040407
ET040407888011,Dadourache,ET040407
ET040407888009,Dahikechane,ET040407
ET040407888002,Dedesadeko,ET040407
ET040407888006,Dinu,ET040407
ET040407888014,Gabaniabu,ET040407
ET040407301001,Gembe Ketama,ET040407
ET040407888023,Genjidalecho,ET040407
ET040407888030,Genjielbu,ET040407
ET040407888026,Getabore,ET040407
ET040407888008,Gogakemise,ET040407
ET040407888004,Hachahafeta,ET040407
ET040407888034,Jimatedaru,ET040407
ET040407888018,Kasohit,ET040407
ET040407888028,Kedamay,ET040407
ET040407888025,Kedamesa,ET040407
ET040407888007,Ketabero,ET040407
ET040407888012,Kilole,ET040407
ET040407888024,Kota,ET040407
ET040407888031,Koye Seja,ET040407
ET040407888001,Limmusapha,ET040407
ET040407101001,Limushayi Ketama,ET040407
ET040407888003,Metikoticha,ET040407
ET040407888033,Odoadami,ET040407
ET040407888022,Omobeko,ET040407
ET040407888036,Omofuntule,ET040407
ET040407888019,Omogobu,ET040407
ET040407888021,Omogurude,ET040407
ET040407888005,Tesosedecha,ET040407
ET040407888010,Yachiurache,ET040407
ET040408888014,Bara Dedo,ET040408
ET040408888026,Borcho Deka,ET040408
ET040408888013,Bore Gogo,ET040408
ET040408101001,Chira,ET040408
ET040408888007,Dusta Badiya,ET040408
ET040408888006,Dusta Magala,ET040408
ET040408888002,Gada Gute,ET040408
ET040408888028,Gamina Dacho,ET040408
ET040408888021,Ganji Challa,ET040408
ET040408888022,Gara Naso,ET040408
ET040408888001,Geba Koro,ET040408
ET040408888005,Gina Chola,ET040408
ET040408888029,Gura Afalo,ET040408
ET040408888023,Gure Dako,ET040408
ET040408888020,Kacho Andaracha,ET040408
ET040408888025,Kaiche Chariko,ET040408
ET040408888010,Kaso Bedeyi,ET040408
ET040408888024,Kella Hareri,ET040408
ET040408888017,Kola Kimbibit,ET040408
ET040408888018,Kola Sulaja,ET040408
ET040408888004,Kombolcha,ET040408
ET040408888012,Kubo Salaja,ET040408
ET040408888011,Muje,ET040408
ET040408888027,Oba Toli,ET040408
ET040408888015,Sadi Loya,ET040408
ET040408888003,Secha,ET040408
ET040408888009,Timba Chale,ET040408
ET040408888016,Tuma Teso,ET040408
ET040408888008,Wagecha,ET040408
ET040408888030,Walla,ET040408
ET040408888019,Wanja Karsa,ET040408
ET040409888017,Allaga,ET040409
ET040409888014,Atro Sufa,ET040409
ET040409888027,Baba Roge,ET040409
ET040409888008,Bake Gudo,ET040409
ET040409888028,Bidaru Toli,ET040409
ET040409888004,Budo Kera,ET040409
ET040409888018,Buyo Qacama,ET040409
ET040409888030,Buyo Ushane,ET040409
ET040409888020,Dabo Gibe,ET040409
ET040409888021,Dabo Yaya,ET040409
ET040409888026,Deto Karso,ET040409
ET040409888003,Dimtu Shekota,ET040409
ET040409888005,Geshe Lucone,ET040409
ET040409888002,Gexa Bake,ET040409
ET040409888016,Gibe Boso,ET040409
ET040409888001,Gipa Sadan,ET040409
ET040409888033,Godo Daka,ET040409
ET040409888009,Ilike Togobe,ET040409
ET040409888013,Ilike Tonjo,ET040409
ET040409888034,Komo Arri,ET040409
ET040409888029,Kora Wcho,ET040409
ET040409888019,Kusaro,ET040409
ET040409888032,Lilu Caha,ET040409
ET040409888023,Meti Abayi,ET040409
ET040409888025,Meti Ushane,ET040409
ET040409888031,Nase,ET040409
ET040409888012,Sakal Genefo,ET040409
ET040409888011,Santama,ET040409
ET040409101001,Seka 01,ET040409
ET040409101002,Seka O2,ET040409
ET040409888015,Shashaman,ET040409
ET040409888007,Siba Kake,ET040409
ET040409888006,Tebe Waco,ET040409
ET040409888024,Ula Uke,ET040409
ET040409888022,Ushane Koce,ET040409
ET040409888010,Waqito Madalo,ET040409
ET040410888008,Aba Koyi,ET040410
ET040410888034,Abdi Gudina,ET040410
ET040410888011,Afali Korti,ET040410
ET040410888027,Alame Guda,ET040410
ET040410888032,Askira,ET040410
ET040410888009,Bilo,ET040410
ET040410888007,Bito,ET040410
ET040410888012,Busase Eleni,ET040410
ET040410888014,Caalti Bulo,ET040410
ET040410888023,Debela,ET040410
ET040410888033,Defkela,ET040410
ET040410888029,Delbi,ET040410
ET040410888002,Dima Serte,ET040410
ET040410888024,Garima Guda,ET040410
ET040410888016,Garima Lemesa,ET040410
ET040410888022,Gera,ET040410
ET040410888018,Geshe,ET040410
ET040410888006,Ginjo Abay,ET040410
ET040410888019,Ilaalaa,ET040410
ET040410888010,Keta Kedida,ET040410
ET040410888001,Kolobo,ET040410
ET040410888005,Korojo,ET040410
ET040410888003,Korti Wasarbi,ET040410
ET040410888013,Kuno,ET040410
ET040410888021,Lalo,ET040410
ET040410888026,Mera Lemi,ET040410
ET040410201001,Metiso,ET040410
ET040410888015,Odo Hideta,ET040410
ET040410888004,Ofole Dewe,ET040410
ET040410888025,Omo Yala,ET040410
ET040410888020,Sapho,ET040410
ET040410101002,Sheger,ET040410
ET040410101001,Sheki,ET040410
ET040410888017,Sito,ET040410
ET040410888028,Siyo Sidisa,ET040410
ET040410888031,Solla,ET040410
ET040410888030,Walla,ET040410
ET040411101002,Abdi Gudina,ET040411
ET040411301001,Alle,ET040411
ET040411201001,Bake Abba Wako,ET040411
ET040411888021,Biso Gombo,ET040411
ET040411401001,Boneya,ET040411
ET040411888006,Burka Asendabo,ET040411
ET040411888016,Burka Sida,ET040411
ET040411888023,Caffe Naga,ET040411
ET040411888002,Chole  Beyam,ET040411
ET040411201002,Dambi Abba Wako,ET040411
ET040411888022,Doyo Yaya,ET040411
ET040411888009,Goro Saden,ET040411
ET040411888007,Gudeta Bula,ET040411
ET040411101003,Haro Gibe,ET040411
ET040411888015,Haro Suchi,ET040411
ET040411888017,Hunda Toli Yabo,ET040411
ET040411888013,Jato Abe,ET040411
ET040411888004,Lafteka,ET040411
ET040411888008,Lalisa Bula,ET040411
ET040411888001,Lalo Beyam,ET040411
ET040411888018,Nada Bidaru,ET040411
ET040411888011,Nada Chala,ET040411
ET040411888019,Nada Dawe,ET040411
ET040411888020,Nada Sokote,ET040411
ET040411888014,Nano Boneya,ET040411
ET040411888010,Sayo Adami,ET040411
ET040411888012,Toli Beyam,ET040411
ET040411888003,Toli Sebeta,ET040411
ET040411888005,Waktola,ET040411
ET040411101001,Wirtu Yadi,ET040411
ET040412888004,Aliya,ET040412
ET040412888001,Atirkeda,ET040412
ET040412888015,Chaladu,ET040412
ET040412888010,Dapera,ET040412
ET040412888003,Diya,ET040412
ET040412888002,Diyakurbi,ET040412
ET040412888005,Geda,ET040412
ET040412888017,Gejo,ET040412
ET040412888014,Geta,ET040412
ET040412888011,Geway,ET040412
ET040412888013,Jimate,ET040412
ET040412888008,Kajelo,ET040412
ET040412888009,Kanchu,ET040412
ET040412888016,Noho,ET040412
ET040412888007,Onja,ET040412
ET040412888006,Seriti,ET040412
ET040412101001,Sigimo 01,ET040412
ET040412888018,Suba,ET040412
ET040412888012,Tora,ET040412
ET040412888019,Yadeso,ET040412
ET040413888012,Chefeta,ET040413
ET040413888002,Damu Kufe,ET040413
ET040413888006,Difo Mani,ET040413
ET040413888008,Done,ET040413
ET040413101001,Gatira,ET040413
ET040413888017,Gela Onja,ET040413
ET040413888009,Gesicha,ET040413
ET040413888015,Gido Beri,ET040413
ET040413888011,Kimiso,ET040413
ET040413888021,Kubo,ET040413
ET040413888010,Masimano,ET040413
ET040413888003,Satagono,ET040413
ET040413888013,Sedu,ET040413
ET040413888004,Selako,ET040413
ET040413888018,Seta,ET040413
ET040413888007,Setema Kecha,ET040413
ET040413888016,Sheni Besira,ET040413
ET040413888005,Sheni Chemeri,ET040413
ET040413888001,Sika,ET040413
ET040413888014,Susa Atila,ET040413
ET040413888019,Yira Docha,ET040413
ET040413888020,Yira Wengo,ET040413
ET040414888012,Angeca Rural Kebele,ET040414
ET040414201001,Angecha,ET040414
ET040414888011,Anja Gembo,ET040414
ET040414888007,Atro Gafare,ET040414
ET040414888005,Damma Gamachu,ET040414
ET040414101002,Dire Gudina,ET040414
ET040414888003,Gembo Migira,ET040414
ET040414888014,Gesara Kekaro,ET040414
ET040414888004,Hallo Godante,ET040414
ET040414888018,Hallo Sabaka,ET040414
ET040414888020,Hane Dawo,ET040414
ET040414888015,Kishe,ET040414
ET040414888002,Laku Migira,ET040414
ET040414101001,Lalisa Bula,ET040414
ET040414888013,Machisa Decha,ET040414
ET040414888006,Mirgano Baso,ET040414
ET040414888009,Sabaka Dabiye,ET040414
ET040414888017,Sabaka Wala,ET040414
ET040414888010,Shebe Deso,ET040414
ET040414888008,Sombu Darru,ET040414
ET040414888001,Urgeyi,ET040414
ET040414888016,Walla Kella,ET040414
ET040414888019,Yanga Dogama,ET040414
ET040415888019,Agalo,ET040415
ET040415888018,Ako Abu,ET040415
ET040415888001,Alalu Meyeso,ET040415
ET040415101001,Bage-01,ET040415
ET040415888003,Bedu Borale,ET040415
ET040415888013,Chalelak Ersha,ET040415
ET040415888004,Chando Adero,ET040415
ET040415888008,Chora Bage,ET040415
ET040415888009,Ebanodale,ET040415
ET040415888011,Haro Lengesa,ET040415
ET040415888012,Haro Soyoma,ET040415
ET040415888007,Jama Bage,ET040415
ET040415888010,Jimmagange,ET040415
ET040415888006,Kara Talko,ET040415
ET040415888002,Karademagolu,ET040415
ET040415888014,Kobi Kajelo,ET040415
ET040415888015,Mecha,ET040415
ET040415888020,Ochetume,ET040415
ET040415888017,Sabe Warabo,ET040415
ET040415888016,Ujeba Gange,ET040415
ET040415888005,Yeba Cehaka,ET040415
ET040416888011,Bara Incini,ET040416
ET040416888013,Bara Rigo,ET040416
ET040416888012,Bara Werengo,ET040416
ET040416888005,Boreguda,ET040416
ET040416888010,Chando,ET040416
ET040416888007,Efoyachi,ET040416
ET040416888009,Gatokure,ET040416
ET040416888004,Gurbodege,ET040416
ET040416888006,Hawisabulo,ET040416
ET040416888002,Kuda Kufi,ET040416
ET040416888008,Kudakunacho,ET040416
ET040416888003,Limmatawo,ET040416
ET040416888001,Negohageyo,ET040416
ET040416101001,Tobba_01,ET040416
ET040416888014,Yasera Phera,ET040416
ET040417101004,Bake Agalo,ET040417
ET040417101002,Birbirsa Waritu,ET040417
ET040417101001,Koye Tije,ET040417
ET040417101005,Tulu Kedila,ET040417
ET040417101003,Weyini Bet,ET040417
ET040421888008,Ama Wedesa,ET040490
ET040421201001,Bilo,ET040490
ET040421888006,Darge Bortolo,ET040490
ET040421888002,Debisi Menta,ET040490
ET040421888005,Derar Korma,ET040490
ET040421888017,Didibo,ET040490
ET040421888012,Dobi Doyo,ET040490
ET040421101001,Gariru,ET040490
ET040421888007,Gariru Kedida,ET040490
ET040421888018,Hasen Nuphe,ET040490
ET040421888001,Hirgibo,ET040490
ET040421888016,Kaja Dilbi,ET040490
ET040421888009,Kora Sombo,ET040490
ET040421888014,Kusaye,ET040490
ET040421888010,Leku Meti,ET040490
ET040421888004,Mole,ET040490
ET040421888015,Odo Gurati,ET040490
ET040421888011,Sora Sefeta,ET040490
ET040421888013,Toli Arere,ET040490
ET040421888019,Worebo,ET040490
ET040421888003,Yaya Leke,ET040490
ET040420888008,Bilo Abayota,ET040491
ET040420888003,Bore Dasu,ET040491
ET040420888004,Calalaka Donga,ET040491
ET040420888001,Chucha Saredo,ET040491
ET040420888009,Dakano Ilike,ET040491
ET040420101001,Dalota,ET040491
ET040420888013,Gona Beyam,ET040491
ET040420888014,Gona Chala,ET040491
ET040420888005,Gora Sarado,ET040491
ET040420888011,Kefersa Gobona,ET040491
ET040420888016,Koda,ET040491
ET040420888006,Meti Segeda,ET040491
ET040420888002,Oda Buli,ET040491
ET040420888007,Omo Duri,ET040491
ET040420888012,Sergola Sara,ET040491
ET040420888015,Sombo Badalla,ET040491
ET040420888010,Yella Sasache,ET040491
ET040418888016,Alge Sidamo,ET040495
ET040418888007,Biftu Bari,ET040495
ET040418888011,Botor Adare,ET040495
ET040418888001,Botor Bocho,ET040495
ET040418888010,Botor Boro,ET040495
ET040418101001,Botor Tolay,ET040495
ET040418888015,Chora Anchebi,ET040495
ET040418888008,Garan Gara,ET040495
ET040418888002,Kamiso Gola,ET040495
ET040418888014,Karayyu Dodo,ET040495
ET040418888004,Katta Boso,ET040495
ET040418888005,Laga Botor,ET040495
ET040418888009,Mada Jalala,ET040495
ET040418888013,Saro Sento,ET040495
ET040418888012,Urji Oromiya,ET040495
ET040418888006,Wayyu Wadesa,ET040495
ET040418888003,Yatu Dhahe,ET040495
ET040419888006,Abaay,ET040499
ET040419888017,Abiyu Gibe,ET040499
ET040419888013,Abiyu Sombo,ET040499
ET040419101001,Alga_01,ET040499
ET040419888012,Amdo,ET040499
ET040419888005,Benja Badiya,ET040499
ET040419201002,Benja_01,ET040499
ET040419888019,Borema,ET040499
ET040419888003,Chawo,ET040499
ET040419888001,Dhekonu,ET040499
ET040419888004,Gurifet,ET040499
ET040419888011,Ibicha,ET040499
ET040419888008,Ilu Ijersaa,ET040499
ET040419888009,Ilu Ilfetaa,ET040499
ET040419888016,Kolate,ET040499
ET040419888002,Konchi,ET040499
ET040419888014,Mato,ET040499
ET040419888010,Roge,ET040499
ET040419888007,Sedi,ET040499
ET040419888015,Soloka,ET040499
ET040419888018,Wayu,ET040499
ET040520888014,Abeku Ano,ET040500
ET040520888009,Alle Wara Illu,ET040500
ET040520888001,Dibigera Gulti,ET040500
ET040520101001,Ejaji 01,ET040500
ET040520888002,Ergo Weshamo,ET040500
ET040520888007,Goba Weshamo,ET040500
ET040520888006,Jeto Dirki,ET040500
ET040520888010,Metakidenmirat,ET040500
ET040520888005,Obera Benaso,ET040500
ET040520888004,Obera Kereru,ET040500
ET040520888003,Refiso Kemino,ET040500
ET040520888012,Seden Illu,ET040500
ET040520888008,Siba Biche,ET040500
ET040520888013,Siresilase,ET040500
ET040520888016,Tita Meru,ET040500
ET040520888017,Tulu Adiyo,ET040500
ET040520888015,Wedeyyi Granche,ET040500
ET040520888011,Werji,ET040500
ET040501888025,Bagalo,ET040501
ET040501888012,Bake Bala,ET040501
ET040501888019,Bake Fayina,ET040501
ET040501888028,Bashe,ET040501
ET040501888005,Bidaru Gobata,ET040501
ET040501888007,Chando Jibat,ET040501
ET040501888004,Chiracha Gato,ET040501
ET040501201001,Chulute 01,ET040501
ET040501888014,Come Mana Irga,ET040501
ET040501888023,Damota,ET040501
ET040501888026,Dire Faji,ET040501
ET040501888016,Gamada,ET040501
ET040501888022,Goro Aba Sabat,ET040501
ET040501888024,Goro Mana Irga,ET040501
ET040501888017,Harbu Guba,ET040501
ET040501888018,Haro Berbabo,ET040501
ET040501888003,Iresa Kono,ET040501
ET040501101001,Kachisi 01_kebele,ET040501
ET040501888006,Kalo Badasa,ET040501
ET040501888002,Kare Dobi,ET040501
ET040501888001,Kare Sankori,ET040501
ET040501888027,Kare Sole,ET040501
ET040501888030,Kiltu Senbata,ET040501
ET040501888031,Laga Macha,ET040501
ET040501888008,Metinabise,ET040501
ET040501888021,Mudi Ula Baro,ET040501
ET040501888020,Mukadima,ET040501
ET040501888015,Saka Borki,ET040501
ET040501888029,Saka Yadi,ET040501
ET040501888010,Taphisa Madale,ET040501
ET040501888009,Taphisa Sankori,ET040501
ET040501888013,Ula Aba Dadi,ET040501
ET040501888011,Wine Roge,ET040501
ET040502888021,Badhas Qoricha,ET040502
ET040502888016,Bicho,ET040502
ET040502301001,Boni_01,ET040502
ET040502888008,Canco Qabenaha,ET040502
ET040502888017,Chilanko,ET040502
ET040502888013,Edense Gelan,ET040502
ET040502888003,Falo,ET040502
ET040502101001,Gojo 01,ET040502
ET040502888002,Goro,ET040502
ET040502888027,Haro Dhaga Dhaba,ET040502
ET040502888011,Ilala Wadesa,ET040502
ET040502888006,Ilke,ET040502
ET040502888025,Into Dale,ET040502
ET040502888023,Jawe Boni,ET040502
ET040502888019,Kilbe Abo,ET040502
ET040502888009,Kolu Gelan,ET040502
ET040502888015,Odo Badesa,ET040502
ET040502888010,Osole,ET040502
ET040502888020,Qersa Mirti,ET040502
ET040502888022,Qoricha Dhera,ET040502
ET040502888024,Sariti Dhanku,ET040502
ET040502888007,Shukute Gebre Mehber,ET040502
ET040502201001,Shukute_01,ET040502
ET040502888012,Siba Osole,ET040502
ET040502888004,Suki,ET040502
ET040502888005,Taso,ET040502
ET040502888018,Tulu Bultuma,ET040502
ET040502888026,Tulu Gura,ET040502
ET040502888014,Tulu Gurji,ET040502
ET040502888001,Urgeha Ereriy,ET040502
ET040503888018,Amaro,ET040503
ET040503888019,Bayo Kurbi,ET040503
ET040503888029,Bilo,ET040503
ET040503888006,Birbirsa Kulit,ET040503
ET040503888031,Boji Gabisa,ET040503
ET040503888012,Dagale Gatira,ET040503
ET040503888028,Dase Akililu,ET040503
ET040503888005,Diki,ET040503
ET040503888007,Dobi,ET040503
ET040503888015,Fite Jajaba,ET040503
ET040503888004,Ganji Goro Hore,ET040503
ET040503888003,Gelan Wadessa,ET040503
ET040503888011,Golfofa,ET040503
ET040503888021,Golja,ET040503
ET040503888010,Gomosa Sato,ET040503
ET040503888032,Gosu Kora,ET040503
ET040503888008,Habebe Doyo,ET040503
ET040503888002,Haru Tiro,ET040503
ET040503888026,Ilemu Goromti,ET040503
ET040503888016,Ilemu Jalina,ET040503
ET040503888017,Ilemu Muja,ET040503
ET040503888022,Jijiug Waransa,ET040503
ET040503888001,Kara,ET040503
ET040503888030,Kiba Kube,ET040503
ET040503888025,Kure Gatira,ET040503
ET040503101001,Meti_01,ET040503
ET040503888014,Nano Warka,ET040503
ET040503888013,Tahe Saka,ET040503
ET040503888023,Taltale Goba Kiltu,ET040503
ET040503888009,Tule,ET040503
ET040503888020,Uko Korke,ET040503
ET040503888027,Yai Cabo,ET040503
ET040503888024,Yamo Kiltu,ET040503
ET040504888008,Arfingo Galan,ET040504
ET040504888023,Arfinjo Toke Laga,ET040504
ET040504888024,Bakafa Abeto,ET040504
ET040504101001,Balami Town,ET040504
ET040504888017,Baro Bidaru,ET040504
ET040504888004,Boku Niso,ET040504
ET040504888012,Didiksa Amuma,ET040504
ET040504888011,Dire Weni,ET040504
ET040504888001,Gambela,ET040504
ET040504888006,Garado,ET040504
ET040504888007,Gigo Kombe,ET040504
ET040504888013,Goda Galan,ET040504
ET040504888015,Gosu Wange,ET040504
ET040504888014,Gudata Gaba Laga,ET040504
ET040504888022,Harita Toke Laga,ET040504
ET040504888010,Haro Gobe Kura,ET040504
ET040504888009,Kermi Gurane,ET040504
ET040504888018,Lalise Gosu Halelu,ET040504
ET040504888019,Lantojarso,ET040504
ET040504888005,Mafce,ET040504
ET040504888003,Sole Godora,ET040504
ET040504888020,Sole Kengo,ET040504
ET040504888002,Tulu Itaya,ET040504
ET040504888016,Tuye Goda Chukala,ET040504
ET040504888021,Walo Tambaro,ET040504
ET040505888017,Ale Soyama,ET040505
ET040505888006,Ale Ula Dabi,ET040505
ET040505888007,Alelu Oda Guta,ET040505
ET040505888004,Bada Ilemu,ET040505
ET040505888003,Bilof Keku,ET040505
ET040505888014,Cobi Tulu Cori,ET040505
ET040505888009,Galmo Gorgis,ET040505
ET040505101002,Gedo_01,ET040505
ET040505101001,Gedo_02,ET040505
ET040505888013,Goda Waliye,ET040505
ET040505888008,Hole Sire,ET040505
ET040505888005,Jarso Dire Gada,ET040505
ET040505888012,Racho,ET040505
ET040505888010,Rafiso Alanga,ET040505
ET040505888016,Shano Agalo,ET040505
ET040505888011,Socondo,ET040505
ET040505888002,Tulu Kosoru,ET040505
ET040505888018,Tulu Nacha,ET040505
ET040505888015,Wagdi Kortu,ET040505
ET040505888001,Walkituma Tulu Mara,ET040505
ET040506888007,Adulan,ET040506
ET040506888026,Amarti Gibe,ET040506
ET040506888016,Bacara Oda Gibe,ET040506
ET040506888005,Bakajo Ale,ET040506
ET040506301001,Bako 01,ET040506
ET040506301002,Bako 02,ET040506
ET040506888003,Bari Abo,ET040506
ET040506888013,Bikiltu Leku,ET040506
ET040506888014,Cheka Dimtu,ET040506
ET040506888015,Dambi Dima,ET040506
ET040506888001,Dambi Gobu,ET040506
ET040506888020,Daso Dongoro,ET040506
ET040506888011,Gaba Ule,ET040506
ET040506888002,Gajo Kuyi,ET040506
ET040506888022,Gudina Alo,ET040506
ET040506888012,Gudina Biya,ET040506
ET040506888025,Gudina Walkite,ET040506
ET040506888008,Guto Meti,ET040506
ET040506888021,Hara Abono,ET040506
ET040506888023,Karu Wara Roba,ET040506
ET040506888004,Kortu Chancho,ET040506
ET040506888017,Oda Gibe,ET040506
ET040506888010,Oda Gudaya,ET040506
ET040506888024,Oda Haro,ET040506
ET040506888027,Oda Korma,ET040506
ET040506888018,Sadan Kite,ET040506
ET040506201001,Shoboka,ET040506
ET040506888028,Tarkanfata Gibe,ET040506
ET040506101001,Tibe,ET040506
ET040506888019,Tulu Sangota,ET040506
ET040506888009,Walkituma Bake Rere,ET040506
ET040506888006,Waradi Sombo Disasa,ET040506
ET040507888016,Abu Dorani,ET040507
ET040507888020,Ajila Dalle,ET040507
ET040507888013,Anchabi Badeso,ET040507
ET040507501001,Arbi Gulufa,ET040507
ET040507888022,Awadi Gulufa,ET040507
ET040507888005,Babo Gessaso,ET040507
ET040507888007,Bada Ilu,ET040507
ET040507888017,Bake Sirba,ET040507
ET040507401001,Bakesirba,ET040507
ET040507888011,Bilo Arere,ET040507
ET040507888004,Dano Roge,ET040507
ET040507301001,Dano Roge 01,ET040507
ET040507888002,Dano Shanan,ET040507
ET040507888003,Dire Dano,ET040507
ET040507888009,Dire Harayu,ET040507
ET040507888001,Dire Hujuba,ET040507
ET040507888008,Gida Ena Abu,ET040507
ET040507201001,Haro Jibat,ET040507
ET040507888021,Ifa Tokuma,ET040507
ET040507888014,Kalacha Jibat,ET040507
ET040507888006,Kara Garjeda,ET040507
ET040507888015,Kekero Jibat,ET040507
ET040507888018,Kersa Dorani,ET040507
ET040507888019,Oda Liban,ET040507
ET040507888010,Sayo Gambala,ET040507
ET040507888012,Sayo Gudetu,ET040507
ET040507101001,Seyo,ET040507
ET040508888016,Abayi Heban,ET040508
ET040508888012,Ali Abo Sare,ET040508
ET040508888013,Ali Al Kase,ET040508
ET040508888010,Ali Narvo,ET040508
ET040508888023,Bake Moti,ET040508
ET040508888032,Biftu Jalala,ET040508
ET040508888003,Bilo Aboo,ET040508
ET040508888004,Bilo Meta,ET040508
ET040508888022,Bilowayu,ET040508
ET040508888024,Chafe Oda,ET040508
ET040508888008,Chando,ET040508
ET040508888014,Dambi,ET040508
ET040508888027,Diko Shumo,ET040508
ET040508201001,Diregodo,ET040508
ET040508888025,Emboro,ET040508
ET040508888009,Galmo Warabo,ET040508
ET040508888018,Goda Ano,ET040508
ET040508888030,Golole,ET040508
ET040508888034,Golole Liyu Got,ET040508
ET040508888029,Halo Dinki,ET040508
ET040508888019,Hillo,ET040508
ET040508888011,Hulugeta Karayu,ET040508
ET040508888017,Hurumu Gabriel,ET040508
ET040508888005,Hurumu Jibat,ET040508
ET040508888006,Hurumu Korke,ET040508
ET040508888031,Jiru Gamachu,ET040508
ET040508888015,Konore Hurumu,ET040508
ET040508888007,Korke Mariyam,ET040508
ET040508888002,Matu Aboo,ET040508
ET040508888020,Matu Sillase,ET040508
ET040508888001,Matu Silmi,ET040508
ET040508888026,Metar Heban,ET040508
ET040508888033,Nano Halo,ET040508
ET040508888028,Nano Kondala,ET040508
ET040508101001,Silkamba01,ET040508
ET040508888021,Teltale Ena Bere,ET040508
ET040509888020,Ajo Kersa Bili,ET040509
ET040509888011,Arfinjo Dega,ET040509
ET040509888015,Bilo Abayi,ET040509
ET040509888007,Bola Demeka,ET040509
ET040509888006,Bola Germema,ET040509
ET040509888009,Bola Roge,ET040509
ET040509888018,Buyema Debele,ET040509
ET040509888016,Buyema Delfo,ET040509
ET040509888013,Buyema Kochore,ET040509
ET040509888017,Buyema Miju,ET040509
ET040509888019,Buyema Roge,ET040509
ET040509101001,Enchini 01,ET040509
ET040509888014,Gemo Gembela,ET040509
ET040509888005,Homi Hane,ET040509
ET040509888008,Koro Kersa,ET040509
ET040509888001,Mugno Basharu,ET040509
ET040509888004,Neno Jidu,ET040509
ET040509888010,Roge Dega,ET040509
ET040509888003,Toke Abuye,ET040509
ET040509888002,Toke Leman,ET040509
ET040509888012,Weldo Hindhe,ET040509
ET040510201001,Asgori01,ET040510
ET040510888013,Awash Bole,ET040510
ET040510888012,Awash Boloto,ET040510
ET040510888002,Bajiro,ET040510
ET040510888027,Boda Bosoka,ET040510
ET040510301001,Boda01,ET040510
ET040510888021,Chirato Kogne,ET040510
ET040510888031,Dandi Mumicha,ET040510
ET040510888010,Dano Ejersagibe,ET040510
ET040510888030,Dendi Sulu,ET040510
ET040510888020,Dimtu Burka,ET040510
ET040510888025,Faji Borale,ET040510
ET040510888018,Faji Galila,ET040510
ET040510888003,Galesa Koftu,ET040510
ET040510888006,Galesa Kota Gesher,ET040510
ET040510888008,Gare Arera,ET040510
ET040510888015,Gatiro Lafto,ET040510
ET040510101002,Ginchi01,ET040510
ET040510101001,Ginchi02,ET040510
ET040510888022,Golole Bolo,ET040510
ET040510888029,Goro Sokoru,ET040510
ET040510888028,Honche Bite,ET040510
ET040510888024,Horata Tulu Luba,ET040510
ET040510888023,Hubeto Dule,ET040510
ET040510888016,Jawe Buri,ET040510
ET040510888005,Kaba Bareda,ET040510
ET040510888004,Katkata Waranbulchi,ET040510
ET040510888033,Kotoba Dheleta,ET040510
ET040510888019,Lokloka Aba,ET040510
ET040510888026,Mareno Gonjab,ET040510
ET040510888014,Sumbela Shiko,ET040510
ET040510888034,Tirange Shube,ET040510
ET040510888032,Ula Dulo,ET040510
ET040510888011,Wamura Sako,ET040510
ET040510888001,Warka Gara,ET040510
ET040510888007,Warka Kore,ET040510
ET040510888017,Warka Warabo,ET040510
ET040510888009,Yubdo Laga Batu,ET040510
ET040511888024,Amaro,ET040511
ET040511888023,Arabsa,ET040511
ET040511888006,Arertu,ET040511
ET040511888009,Baso,ET040511
ET040511888025,Bolongo,ET040511
ET040511888002,Borce,ET040511
ET040511888013,Cirri,ET040511
ET040511888001,Dhaga Bora,ET040511
ET040511888011,Dhamotu,ET040511
ET040511888027,Dhibu,ET040511
ET040511101002,Ejere 01,ET040511
ET040511101001,Ejere 02,ET040511
ET040511101003,Ejere 03,ET040511
ET040511888021,Enaftu,ET040511
ET040511888016,Endode,ET040511
ET040511888010,Gaba Jimata,ET040511
ET040511888018,Goli,ET040511
ET040511888005,Gorba,ET040511
ET040511888026,Hiddi,ET040511
ET040511888020,Hora,ET040511
ET040511888004,Ilu Aga,ET040511
ET040511888014,Kimoye,ET040511
ET040511888017,Kusaye,ET040511
ET040511888012,Lankisa,ET040511
ET040511888008,Liti Gulit,ET040511
ET040511888007,Liti Mado,ET040511
ET040511888022,Rare Suka,ET040511
ET040511888019,Talbo,ET040511
ET040511888003,Tuka,ET040511
ET040511888015,Tulu Korma,ET040511
ET040512888017,Adada Sodolbe,ET040513
ET040512888033,Bishan Dimo,ET040513
ET040512888005,Biyo Wegidi,ET040513
ET040512888029,Chancho Birate,ET040513
ET040512888015,Chefe Bisil,ET040513
ET040512888009,Debisa Agasa,ET040513
ET040512888031,Deku Kersa,ET040513
ET040512888022,Deku Kito,ET040513
ET040512888010,Dire Medale,ET040513
ET040512888018,Ejere Negewo,ET040513
ET040512201001,Enchini 01,ET040513
ET040512888019,Fite,ET040513
ET040512888032,Gatira Nabe,ET040513
ET040512888002,Haro Boro,ET040513
ET040512888020,Haro Lemen,ET040513
ET040512888025,Haro Shobore,ET040513
ET040512888007,Ilu Chokorsa,ET040513
ET040512888012,Ilu Keteba,ET040513
ET040512888027,Ilu Mute,ET040513
ET040512888016,Ilu Sodolbe,ET040513
ET040512888013,Ilu Tosigni,ET040513
ET040512888011,Ilu Werebo,ET040513
ET040512888023,Itaya,ET040513
ET040512888021,Kalo,ET040513
ET040512888008,Kerkeresa,ET040513
ET040512888034,Maru Chobot,ET040513
ET040512101001,Muger 01,ET040513
ET040512888003,Oda Dalota,ET040513
ET040512888014,Odo Mojo,ET040513
ET040512301001,Olankomi 01,ET040513
ET040512888006,Qore Jeno,ET040513
ET040512888028,Reji Mokoda,ET040513
ET040512888001,Senbero Sego,ET040513
ET040512888024,Sire Berga,ET040513
ET040512888004,Tuli Dase,ET040513
ET040512888030,Ula Gora,ET040513
ET040512888026,Wera Ilu,ET040513
ET040513888015,Abo Cheru,ET040514
ET040513888004,Amuma Dadino,ET040514
ET040513888016,Baka,ET040514
ET040513888022,Baka Koricha,ET040514
ET040513888001,Burusa Dulla,ET040514
ET040513888023,Chencho Borche,ET040514
ET040513888011,Dulla,ET040514
ET040513888010,Dulla Dugugi,ET040514
ET040513888007,Falle,ET040514
ET040513888021,Gola Gurgi,ET040514
ET040513888002,Haro Walikte,ET040514
ET040513888012,Huluko Birbirsa,ET040514
ET040513888009,Kechama Walensu,ET040514
ET040513201001,Ketketo 01,ET040514
ET040513888003,Ketketo Gijiga,ET040514
ET040513888013,Kimo Dima,ET040514
ET040513888017,Kore Gino,ET040514
ET040513888008,Kuyu Gichi,ET040514
ET040513301001,Lega Robi 01,ET040514
ET040513888006,Mute Robi,ET040514
ET040513101001,Shino 01,ET040514
ET040513888014,Siba Hela,ET040514
ET040513888005,Suba Kirbe,ET040514
ET040513888018,Uko Haro,ET040514
ET040513888019,Warke Walensu,ET040514
ET040513888020,Werabo,ET040514
ET040516101001,1,ET040516
ET040516201001,1,ET040516
ET040516301001,1,ET040516
ET040516888022,Badesa Cando,ET040516
ET040516888036,Badesa Danbi,ET040516
ET040516888037,Badesa Gajo,ET040516
ET040516888011,Buketa Qare Dibar,ET040516
ET040516888042,Chafe Ereri,ET040516
ET040516888004,Dabaka,ET040516
ET040516888019,Danisa Ula Burki,ET040516
ET040516888005,Dhokonu Sure,ET040516
ET040516888030,Dhoksa Goro Diko,ET040516
ET040516888010,Dire Kegni,ET040516
ET040516888001,Dogoma Kibi,ET040516
ET040516888003,Dogoma Yagot,ET040516
ET040516888041,Ereri Kenjo,ET040516
ET040516888028,Gago Bite,ET040516
ET040516888029,Gago Osole,ET040516
ET040516888007,Gar Toke,ET040516
ET040516888009,Garbi Gole,ET040516
ET040516888024,Gitire Kichu,ET040516
ET040516888016,Goho Guduru,ET040516
ET040516888006,Goro Bate,ET040516
ET040516888002,Goro Dhokonu,ET040516
ET040516888014,Goro Furto,ET040516
ET040516888021,Gorojalate,ET040516
ET040516888017,Guduru,ET040516
ET040516888013,Gute Andode,ET040516
ET040516888039,Guto Sonbo,ET040516
ET040516888023,Haro Kelate,ET040516
ET040516888035,Insilale Gajo,ET040516
ET040516888020,Irjajo,ET040516
ET040516888018,Jamo Fino,ET040516
ET040516888031,Kere Bite,ET040516
ET040516888038,Kere Cheka,ET040516
ET040516888015,Kolu,ET040516
ET040516888008,Kono,ET040516
ET040516888033,Mandida Sole,ET040516
ET040516888034,Mandida Tunjiti,ET040516
ET040516888040,Mudema Dega Tina,ET040516
ET040516888025,Obora,ET040516
ET040516888032,Ogobe Gajo,ET040516
ET040516888026,Walensu,ET040516
ET040516888027,Wilo Jaganfo,ET040516
ET040516888012,Yagot,ET040516
ET040517888005,Agamsa Daso,ET040517
ET040517888022,Birbisa Dogoma,ET040517
ET040517888008,Canco Hobi,ET040517
ET040517888001,Ceka Gamo,ET040517
ET040517888017,Dada Galan,ET040517
ET040517888011,Ejere Arfinjo,ET040517
ET040517888018,Gimbi Bila,ET040517
ET040517301001,Gorosole,ET040517
ET040517101001,Gudar 01,ET040517
ET040517101002,Gudar 02,ET040517
ET040517888019,Hadarsa Bila,ET040517
ET040517888012,Haru Lalu,ET040517
ET040517888015,Imala Dawe Ajo,ET040517
ET040517888006,Kile Barodo,ET040517
ET040517888003,Kolba Ancabi,ET040517
ET040517888004,Lenca,ET040517
ET040517888013,Malka Naga Danbi,ET040517
ET040517888021,Malke Dera,ET040517
ET040517888020,Maruf,ET040517
ET040517888007,Meti,ET040517
ET040517401001,Mutulu 01,ET040517
ET040517888014,Naga File,ET040517
ET040517888002,Quco Gamo,ET040517
ET040517888009,Tamayi,ET040517
ET040517201001,Toke,ET040517
ET040517888010,Toke Arfinjo,ET040517
ET040517888023,Ula Lankisa,ET040517
ET040517888016,Wajira,ET040517
ET040518888018,Abayi Reji,ET040518
ET040518888015,Adami Uke,ET040518
ET040518888011,Ali Oso,ET040518
ET040518301001,Arere Town,ET040518
ET040518201001,Bilo 01,ET040518
ET040518888001,Bilo Malima,ET040518
ET040518888012,Gamo Adadi,ET040518
ET040518888002,Gamo Jibat,ET040518
ET040518888013,Icha Dika,ET040518
ET040518888008,Kutaye Mugno,ET040518
ET040518888010,Kuyu Arere,ET040518
ET040518888017,Maru Baha,ET040518
ET040518888016,Maru Gaja,ET040518
ET040518888006,Maru Gombo,ET040518
ET040518888005,Maru Jibat,ET040518
ET040518888014,Maru Kombolcho,ET040518
ET040518888009,Moolu Fale,ET040518
ET040518888003,Mungo Abayi,ET040518
ET040518101001,Shenen,ET040518
ET040518888004,Tutu Jibat,ET040518
ET040518888007,Witate,ET040518
ET040519888008,Ambalta Godeti,ET040519
ET040519101001,Bake 01,ET040519
ET040519888014,Dhaba Madanalami,ET040519
ET040519888002,Dire Bareda,ET040519
ET040519888010,Falicha,ET040519
ET040519888007,Giche,ET040519
ET040519888015,Goso Mikael,ET040519
ET040519201001,Gute 01,ET040519
ET040519888012,Gute Sado,ET040519
ET040519888009,Haro Tufticha,ET040519
ET040519888001,Idabu Sandi,ET040519
ET040519888003,Itisa,ET040519
ET040519888011,Jirma Korphesa,ET040519
ET040519888006,Sato Luku,ET040519
ET040519888005,Sinani Luku,ET040519
ET040519888004,Sombo Chitu,ET040519
ET040519888013,Tosegni Gefere,ET040519
ET041601888009,Ade Simbirit Kotu,ET040520
ET041601301001,Asgori_01,ET040520
ET041601888006,Bakaka Kore Ido,ET040520
ET041601888014,Barfata Lamaffa,ET040520
ET041601888016,Barfata Tokoffa,ET040520
ET041601888005,Burkusami Gaba Robi,ET040520
ET041601888018,Dhawaf Lafto,ET040520
ET041601888001,Dufa,ET040520
ET041601888023,Fale Tulu Rada,ET040520
ET041601888022,Gaba Kamisa,ET040520
ET041601888019,Garasu Seda,ET040520
ET041601888024,Gole Liban,ET040520
ET041601201001,Gudu_01,ET040520
ET041601888008,Haro Boki,ET040520
ET041601888012,Kolobo,ET040520
ET041601101001,Kolobo_01,ET040520
ET041601888013,Marikos,ET040520
ET041601888025,Nano Kersa,ET040520
ET041601888020,Nano Suba,ET040520
ET041601888010,Sokoru Hawaso,ET040520
ET041601888004,Talacho,ET040520
ET041601888021,Tulu Wato Dalacha,ET040520
ET041601888002,Ula Foata,ET040520
ET041601888003,Ula Silase,ET040520
ET041601888015,Wacaca,ET040520
ET041601888017,Wajitu Harbu,ET040520
ET041601888007,Walmara Coke,ET040520
ET041601888011,Watebecha Minjero,ET040520
ET040522888012,Awash Wajitu,ET040590
ET040522888006,Bite Ejersalafo,ET040590
ET040522888017,Chalalaka Bobe,ET040590
ET040522888004,Daga Egu,ET040590
ET040522888002,Danisa Shono,ET040590
ET040522888001,Danisa Tanko,ET040590
ET040522888011,Fincha Godeti,ET040590
ET040522888009,Gare Kora,ET040590
ET040522201001,Gebeya Dilbeta_01,ET040590
ET040522888016,Golole Kiltu,ET040590
ET040522888003,Goro Danisa,ET040590
ET040522888015,Goro Kurkurfa,ET040590
ET040522888010,Jamjam Laga Batu,ET040590
ET040522888014,Kata Andode,ET040590
ET040522888008,Kela Embortu,ET040590
ET040522888005,Koriso Odo Guba,ET040590
ET040522101002,Olomkomi_01,ET040590
ET040522101001,Olonkomi_02,ET040590
ET040522888007,Sarawa Debisa,ET040590
ET040522888013,Sembo Goro,ET040590
ET040515888005,Bake Ofu,ET040592
ET040515888009,Cobi Sirba,ET040592
ET040515101001,Cobi_01,ET040592
ET040515888001,Digo Decha,ET040592
ET040515888002,Dire Kebenaha,ET040592
ET040515888011,Gora Lelisa,ET040592
ET040515888008,Haro Qeqali,ET040592
ET040515888007,Ilo Bekaka,ET040592
ET040515888010,Meksa Leku,ET040592
ET040515888003,Meta Qoma,ET040592
ET040515888006,Qoricha Cobi,ET040592
ET040515888004,Qoricha Koticha,ET040592
ET040521888011,Aleltu Chabare,ET040594
ET040521888002,Boko Jalisi,ET040594
ET040521888004,Bufa Chafe,ET040594
ET040521888007,Confe Minke,ET040594
ET040521888017,Delata Walkite,ET040594
ET040521301001,Goro 01,ET040594
ET040521888010,Goro Mako,ET040594
ET040521888016,Hagamsa Boraw,ET040594
ET040521888018,Illu Danisa,ET040594
ET040521888008,Kunde Gerasu,ET040594
ET040521888012,Lilu,ET040594
ET040521888009,Loya Jogola,ET040594
ET040521888005,Luma Tatesa,ET040594
ET040521888013,Mande Hela,ET040594
ET040521888001,Meti Haro,ET040594
ET040521101001,Minare 01,ET040594
ET040521888006,Sandafa Bonoya,ET040594
ET040521888015,Sire Babu,ET040594
ET040521888014,Suba Gajo,ET040594
ET040521888003,Wagidi Badesa,ET040594
ET040521201001,Walkite 01,ET040594
ET040514888014,Agalgoba Basale,ET040597
ET040514888011,Alaltuna Dirku,ET040597
ET040514101001,Babech_01,ET040597
ET040514888012,Chancodif Masara,ET040597
ET040514888015,Gamo Waliso,ET040597
ET040514888013,Gamo Yabalo,ET040597
ET040514888002,Haromaram,ET040597
ET040514888001,Liban Gamo,ET040597
ET040514888010,Mugno Babogolo,ET040597
ET040514888007,Mugno Kashanbal,ET040597
ET040514888009,Mugno Tutu,ET040597
ET040514888005,Rogge Ajo,ET040597
ET040514888006,Rogge Danisa,ET040597
ET040514888004,Toke Irensa,ET040597
ET040514888003,Toke Kombolcho,ET040597
ET040514888008,Tulu Bajo,ET040597
ET040601888020,Abo Yaya Bana,ET040601
ET040601888018,Abu Keku,ET040601
ET040601888007,Aware Golje,ET040601
ET040601888005,Bistino Dera,ET040601
ET040601888021,Bito Milky,ET040601
ET040601888024,Bobe Liban,ET040601
ET040601888022,Bochesa Silase,ET040601
ET040601888023,Dahe Tuti,ET040601
ET040601888003,Dembeza Wele,ET040601
ET040601888012,Faji Ejersa,ET040601
ET040601101001,Filiklik01,ET040601
ET040601888004,Girmi Goba,ET040601
ET040601201001,Gohatsion 01,ET040601
ET040601201002,Gohatsion 02,ET040601
ET040601888010,Haro Mikael,ET040601
ET040601888014,Hose,ET040601
ET040601401001,Hose 01,ET040601
ET040601888025,Jamjemi Mela,ET040601
ET040601888016,Jarso Tuti,ET040601
ET040601888015,Jemo Berdada,ET040601
ET040601888002,Kola Borsu,ET040601
ET040601888001,Kola Jemo Gedera,ET040601
ET040601888011,Korgogo Lutu,ET040601
ET040601888013,Lantu Wal Argi,ET040601
ET040601888008,Lencho Borsu,ET040601
ET040601888006,Maliyu Chewa,ET040601
ET040601888019,Nono Gondini,ET040601
ET040601888009,Shonkora Shashang,ET040601
ET040601301001,Tulu Milky 01,ET040601
ET040601888017,Wele Chilelo,ET040601
ET040602888014,Abu Godo,ET040602
ET040602888010,Ada'a Malke,ET040602
ET040602888009,Adis Alem Yaya,ET040602
ET040602888025,Amuma Gendo,ET040602
ET040602888027,Babu Dirre,ET040602
ET040602888021,Bacho Wajitu,ET040602
ET040602888015,Bayiti,ET040602
ET040602888004,Bayo Nono,ET040602
ET040602201001,Ceka01,ET040602
ET040602888023,Daku Wobenso,ET040602
ET040602888003,Dembi Birje,ET040602
ET040602888002,Gebro,ET040602
ET040602888005,Gili Wadesa,ET040602
ET040602888006,Godima 3 Warka,ET040602
ET040602101001,Gundo Meskel 01,ET040602
ET040602101002,Gundo Meskel 02,ET040602
ET040602101003,Gundo Meskel 03,ET040602
ET040602888031,Hache Kusahe,ET040602
ET040602888026,Harbo Deso,ET040602
ET040602888001,Homa Bonoya,ET040602
ET040602888008,Ilu Goda Chafe,ET040602
ET040602888022,Ilu Wayu,ET040602
ET040602888030,Jiru Dada,ET040602
ET040602888011,Kabi Gololcha,ET040602
ET040602888007,Kara Meti Kora,ET040602
ET040602888012,Karaba,ET040602
ET040602888032,Karu Suba,ET040602
ET040602888019,Makefta Jiru,ET040602
ET040602888018,Mamo Bukuni,ET040602
ET040602888013,Mana Lago,ET040602
ET040602888016,Mekafta Menayo,ET040602
ET040602888028,Menkata Wariou,ET040602
ET040602888024,Qoro Genda Barbere,ET040602
ET040602301001,Selelkula01,ET040602
ET040602888029,Ware Gebro,ET040602
ET040602888020,Ware Hula,ET040602
ET040602888033,Ware Menayo,ET040602
ET040602888017,Wugulo Mikael,ET040602
ET040603888019,Abado Harero,ET040603
ET040603888007,Adaha Boneya,ET040603
ET040603888006,Adaha Necho,ET040603
ET040603888011,Alkochi Kare,ET040603
ET040603888005,Amdo Hariro,ET040603
ET040603888004,Amuma Machera,ET040603
ET040603888014,Dabala Bokolo,ET040603
ET040603888012,Daro Amuma Waju,ET040603
ET040603888013,Dire Bantu,ET040603
ET040603101001,Ejere 01,ET040603
ET040603888003,Gidabo Gorgisi,ET040603
ET040603888002,Gidabo Jama,ET040603
ET040603888009,Gnaha Gebebu,ET040603
ET040603888001,Haro Chelanko,ET040603
ET040603888008,Kobi Godeti,ET040603
ET040603888015,Sire Morose,ET040603
ET040603888010,Welu Mojo,ET040603
ET040603888016,Yaya Alengo,ET040603
ET040603888018,Yaya Deka Bora,ET040603
ET040603888017,Yaya Mariyam,ET040603
ET040604888007,Amumma Bubissa Mi'essa,ET040604
ET040604888006,Amumma Wucalle,ET040604
ET040604101001,Arbu,ET040604
ET040604888009,Biriiti,ET040604
ET040604201001,Biriiti 01,ET040604
ET040604888010,Bonde Gedabo,ET040604
ET040604888004,Darro Birbirsa,ET040604
ET040604888005,Darro Cangii,ET040604
ET040604888003,Darro Tatessa,ET040604
ET040604888002,Darro Willincho,ET040604
ET040604888017,Dawicha Qerensa,ET040604
ET040604888001,Dhayyi Willincho,ET040604
ET040604888012,Dire Haco,ET040604
ET040604888023,Dubbanna Agallo,ET040604
ET040604101004,Gora,ET040604
ET040604888014,Halellu Carii,ET040604
ET040604888015,Halellu Darso,ET040604
ET040604888008,Jalisa Luuttu,ET040604
ET040604888018,Jilaa Qerensa,ET040604
ET040604101003,Kombolcha,ET040604
ET040604888021,Koyye Akalle,ET040604
ET040604888011,Liban Kura,ET040604
ET040604101002,Robi,ET040604
ET040604888016,Rooge Qolati,ET040604
ET040604888013,Sombo Cheka,ET040604
ET040604888019,Tamsasa Roogge,ET040604
ET040604888020,Wuyye Cabarre,ET040604
ET040604888022,Wuyye Gose,ET040604
ET040605101001,Ali Doro 01,ET040605
ET040605888012,Ali Doro Abo,ET040605
ET040605888006,Ana Jiru Gadami,ET040605
ET040605888010,Ano Dagam,ET040605
ET040605888011,Ano Jiru Bisan Dimo,ET040605
ET040605888008,Ano Kare,ET040605
ET040605888005,Bonaya Afirami,ET040605
ET040605888016,Dogamaye Salashi,ET040605
ET040605201001,Hambiso 01,ET040605
ET040605888007,Ilamu Efarso,ET040605
ET040605888002,Ilamu Mikael,ET040605
ET040605888004,Kisane Madanalem,ET040605
ET040605888017,Kunde Agamso,ET040605
ET040605888001,Lelisa Ali Doro,ET040605
ET040605888014,Leman Caraki,ET040605
ET040605888015,Leman Kare Kora,ET040605
ET040605888013,Raso Megna,ET040605
ET040605888009,Tumano Abdi,ET040605
ET040605888003,Weba Gulale,ET040605
ET040605888018,Yaya Haro,ET040605
ET040606888005,Adisge,ET040606
ET040606888015,Amato Kiro,ET040606
ET040606888016,Bonaya Ano Gino,ET040606
ET040606888011,Dire Doyu,ET040606
ET040606888013,Girar Geber,ET040606
ET040606888014,Gishe Usmani,ET040606
ET040606888017,Ilamu Arjo Salale,ET040606
ET040606888002,Inugal Muti,ET040606
ET040606888010,Iyata Danisa,ET040606
ET040606888007,Koticho Safani,ET040606
ET040606888001,Qolegna Iyesus,ET040606
ET040606888004,Shabel Fati,ET040606
ET040606888008,Sharar Genet,ET040606
ET040606888003,Silmi Gajaba,ET040606
ET040606888012,Torban Ashe,ET040606
ET040606888006,Wadeso Hamba,ET040606
ET040606888009,Wartu,ET040606
ET040607888001,Adis Alem,ET040607
ET040607888003,Ayiti Arasho,ET040607
ET040607101001,Debre Tsige 01,ET040607
ET040607888005,Dire Jibo,ET040607
ET040607888011,Goro Wartu,ET040607
ET040607888002,Inagotam Anki,ET040607
ET040607888010,Sale,ET040607
ET040607888008,Sone,ET040607
ET040607888009,Tumano,ET040607
ET040607888006,Wakene,ET040607
ET040607888007,Xare,ET040607
ET040607888004,Zoni Babu,ET040607
ET040608888007,Abu Yifachi,ET040608
ET040608888014,Adare Gordoma,ET040608
ET040608888003,Akako Dayu Kata,ET040608
ET040608888001,Ano Babo,ET040608
ET040608888018,Bacho Faleni,ET040608
ET040608888002,Badoye Gimbichu,ET040608
ET040608888012,Bidaru,ET040608
ET040608888017,Bole Bacho,ET040608
ET040608888021,Bosoke Jate,ET040608
ET040608888020,Gabrel Guto,ET040608
ET040608888013,Galmo Gora,ET040608
ET040608301001,Gimbichu,ET040608
ET040608888010,Gomoro Sabo,ET040608
ET040608888015,Gora Kataba,ET040608
ET040608888004,Harkiso,ET040608
ET040608888022,Igoye Gordoma,ET040608
ET040608888023,Ikicho Kura,ET040608
ET040608888008,Ilu Etaya,ET040608
ET040608888006,Ilu Igu Idoro,ET040608
ET040608888016,Kaso Abo,ET040608
ET040608888005,Machala Wartu,ET040608
ET040608101001,Muka Turi,ET040608
ET040608888019,Nono Kore,ET040608
ET040608888011,Sadani,ET040608
ET040608888009,Usmani,ET040608
ET040608888024,Walanso Aroji,ET040608
ET040608201001,Wobari,ET040608
ET040609888018,Abdela,ET040609
ET040609888020,Adare Chole,ET040609
ET040609888010,Adare Ejersa,ET040609
ET040609888006,Amante Gamo,ET040609
ET040609888005,Amante Goro,ET040609
ET040609888016,Ano Akabdo,ET040609
ET040609888015,Ayida Teklo,ET040609
ET040609888012,Baso Chimis,ET040609
ET040609888019,Botora Bilat,ET040609
ET040609888013,Dayole,ET040609
ET040609888001,Dirma,ET040609
ET040609888017,Doyo Dawe,ET040609
ET040609888004,Gadula Moye,ET040609
ET040609888007,Gamo,ET040609
ET040609888009,Kardega,ET040609
ET040609101001,Mendida 01,ET040609
ET040609888014,Muti,ET040609
ET040609888011,Nano Mendida,ET040609
ET040609888003,Nesiri Mena Horo,ET040609
ET040609888002,Nesiri Terigni,ET040609
ET040609888008,Salayish,ET040609
ET040610888015,Adadi Fale,ET040610
ET040610888026,Adadi Mato,ET040610
ET040610888007,Ade Dalati,ET040610
ET040610888010,Baso Ena Sarabi,ET040610
ET040610888008,Dalota Korke,ET040610
ET040610888009,Dalota Suki,ET040610
ET040610888021,Dhaka Bora,ET040610
ET040610888012,Dirma Musa Angirma,ET040610
ET040610888018,Finchawa,ET040610
ET040610888023,Gara Chatu,ET040610
ET040610888006,Gimbi Kerensa,ET040610
ET040610888001,Gololcha,ET040610
ET040610201001,Hamus Gebeya,ET040610
ET040610888013,Indodasha,ET040610
ET040610888029,Itisa Ena Injifano,ET040610
ET040610888003,Kulo,ET040610
ET040610888027,Lay Kombolcha,ET040610
ET040610888005,Maset Baruga,ET040610
ET040610888028,Mogoro Ena Gara Dega,ET040610
ET040610888019,Moye Gara Boru,ET040610
ET040610888004,Moye Kumdingay,ET040610
ET040610888011,Sagale Ena Diki,ET040610
ET040610888022,Saho Lay Dhaka Bora,ET040610
ET040610101001,Sheno 01,ET040610
ET040610101002,Sheno 02,ET040610
ET040610888017,Sojole Gara Bato,ET040610
ET040610888020,Tabote Mamudi,ET040610
ET040610888024,Tuka Abdela,ET040610
ET040610888016,Tuku Koroha,ET040610
ET040610888014,Wentu,ET040610
ET040610888002,Wuji Gara Jilo,ET040610
ET040610888025,Zango,ET040610
ET040611888009,Ali Dera,ET040611
ET040611888010,Arere,ET040611
ET040611888016,Buyema Kuwati,ET040611
ET040611201001,Dalati 01,ET040611
ET040611888008,Dalati Rimeti,ET040611
ET040611888014,Dede Duftu,ET040611
ET040611888001,Dede Tigi,ET040611
ET040611101001,Fital 01,ET040611
ET040611888011,Gnaha Sole,ET040611
ET040611888006,Gobela Katila,ET040611
ET040611888017,Goda Jeba,ET040611
ET040611888007,Ilu Dire,ET040611
ET040611888012,Kuchu Tangago,ET040611
ET040611888003,Lami,ET040611
ET040611888005,Nano,ET040611
ET040611888002,Nono Chemeri,ET040611
ET040611888004,Sadin Biyo,ET040611
ET040611888015,Sole Gibe,ET040611
ET040611888013,Yesa Goda Warke,ET040611
ET040612888001,Arebsa Cifara,ET040612
ET040612888004,Ariya Gadula,ET040612
ET040612888013,Ariya Kalate,ET040612
ET040612888002,Ayida Dawo,ET040612
ET040612888005,Dabali Ganjo,ET040612
ET040612888003,Dega Golba,ET040612
ET040612888009,Gango,ET040612
ET040612888007,Gogle Nasiri Godeti,ET040612
ET040612888008,Horo Abu,ET040612
ET040612888012,Siba Dega,ET040612
ET040612888011,Siba Sirti,ET040612
ET040612101001,Sirti 01_kebele,ET040612
ET040612888010,Wagna Dega Nasiri,ET040612
ET040612888006,Wagna Kore,ET040612
ET040613101001,Fiche 01,ET040613
ET040613101002,Fiche 02,ET040613
ET040613101003,Fiche 03,ET040613
ET040613101004,Fiche 04,ET040613
ET040614888003,Awajo Lafto Bal'o,ET040614
ET040614888001,Bido Tarako,ET040614
ET040614888008,Colle,ET040614
ET040614888012,Efo,ET040614
ET040614888010,Ejersa,ET040614
ET040614201001,Fiche 01,ET040614
ET040614888014,Gashaw Amba,ET040614
ET040614888004,Goha Lubaye,ET040614
ET040614888013,Gora,ET040614
ET040614888015,Gora Zamato,ET040614
ET040614888016,Kaygedel,ET040614
ET040614888011,Koket Nasanbar,ET040614
ET040614888009,Maru,ET040614
ET040614101001,Mikawa 01,ET040614
ET040614301001,Onoda 01,ET040614
ET040614888006,Saden Sagada,ET040614
ET040614888017,Surra,ET040614
ET040614888007,Tabo,ET040614
ET040614888020,Tukkiye,ET040614
ET040614888002,Tullu Bulcha,ET040614
ET040614888005,Tullu Fati,ET040614
ET040614888018,Wagidi Darra,ET040614
ET040614888019,Warra,ET040614
ET040701888010,Alge,ET040701
ET040701888005,Benti,ET040701
ET040701888001,Debiti,ET040701
ET040701888003,Dhekaedu,ET040701
ET040701888016,Direseden,ET040701
ET040701888011,Fateledi,ET040701
ET040701888015,Garedima,ET040701
ET040701888006,Gelcha,ET040701
ET040701888017,Gidera,ET040701
ET040701888014,Godofafate,ET040701
ET040701888009,Gola,ET040701
ET040701201001,Haroadi,ET040701
ET040701888002,Harokersa,ET040701
ET040701888020,Illakereri,ET040701
ET040701888012,Kenifa,ET040701
ET040701888004,Kobo,ET040701
ET040701101001,Metehara 01,ET040701
ET040701888013,Sareweba,ET040701
ET040701888018,Turobedenota,ET040701
ET040701888019,Tututi,ET040701
ET040702888026,Arareso Baro,ET040702
ET040702888010,Biresa Ababora,ET040702
ET040702201001,Bole,ET040702
ET040702888016,Borchota Tulu Demtuu,ET040702
ET040702888022,Bose Dache,ET040702
ET040702888012,Buta Badaso,ET040702
ET040702888009,Buta Dalecha Gaada,ET040702
ET040702888008,Buta Donkore,ET040702
ET040702888013,Buta Wogare,ET040702
ET040702888003,Camari Jawesi,ET040702
ET040702888031,Chale Keltu,ET040702
ET040702888029,Degaga Erisha_01,ET040702
ET040702888006,Digalu Wanga,ET040702
ET040702888030,Diree Degaga,ET040702
ET040702888036,Dongora Teyo Wanga Kusaye,ET040702
ET040702888032,Dongore Rukatii,ET040702
ET040702888035,Dongre Fureda,ET040702
ET040702301001,Doni,ET040702
ET040702888015,Gari Nura Dara,ET040702
ET040702401001,Goda Dera 01,ET040702
ET040702888034,Golbo Miti Miti,ET040702
ET040702888018,Hulko Hurtaa,ET040702
ET040702888033,Hurufa Kurkufaa,ET040702
ET040702888017,Kawa Hara Merkesa,ET040702
ET040702888028,Kechachula Guja,ET040702
ET040702888002,Koka Gifa Wesane,ET040702
ET040702888005,Mareko Odaa Lega,ET040702
ET040702888004,Mume Bekektu,ET040702
ET040702888023,Nura Hase,ET040702
ET040702888021,Nura Hera _01,ET040702
ET040702888020,Nura Hera _02,ET040702
ET040702888019,Nura Hera _03,ET040702
ET040702888025,Qombe Gugusa,ET040702
ET040702888037,Rukecha Bokore,ET040702
ET040702888001,Sankel Kasel,ET040702
ET040702888027,Sara Areda,ET040702
ET040702888024,Sifa Bate,ET040702
ET040702888011,Somesa Chera,ET040702
ET040702888014,Tadecha Hadecha,ET040702
ET040702888007,Terii Beratii,ET040702
ET040702101001,Welencheti Zero Aned,ET040702
ET040702101002,Welencheti Zero Hulete,ET040702
ET040703888031,Adulala Ate,ET040703
ET040703888030,Adulala Boku,ET040703
ET040703101002,Awash Melkasa 01,ET040703
ET040703101001,Awash Melkasa 02,ET040703
ET040703888017,Bati Bora,ET040703
ET040703888014,Bati Germama,ET040703
ET040703888018,Bati Kelo,ET040703
ET040703888035,Bato Degaga,ET040703
ET040703888028,Bekoji Dawaro,ET040703
ET040703888002,Bubisa Kusaye,ET040703
ET040703888022,Cheka Alemtena,ET040703
ET040703888026,Cheka Hurufa,ET040703
ET040703888027,Dabula Sapo,ET040703
ET040703888021,Dibi Kelo,ET040703
ET040703888009,Didibisa Wachu Lafa,ET040703
ET040703888016,Didimtu,ET040703
ET040703888032,Dongore Danku,ET040703
ET040703888025,Ejersa Mersa,ET040703
ET040703888005,Galdiya Galiyi,ET040703
ET040703888006,Galdiya Mukiiye Egu,ET040703
ET040703501001,Galdiya_01,ET040703
ET040703888019,Gedemsa Kurfa,ET040703
ET040703888033,Goro Wagilo,ET040703
ET040703888008,Guraja Furda,ET040703
ET040703888036,Hulaga Melka Oba,ET040703
ET040703888024,Humo Fechasa,ET040703
ET040703888012,Kechema,ET040703
ET040703888020,Kelbo Mariam,ET040703
ET040703888010,Kilinto,ET040703
ET040703888013,Kobo Luto,ET040703
ET040703888015,Kuriftu,ET040703
ET040703888001,Leku Balchi,ET040703
ET040703888007,Marabe Mermersa,ET040703
ET040703888003,Mukiye Haro,ET040703
ET040703888034,Roge Balewold,ET040703
ET040703888011,Sekekelo,ET040703
ET040703888023,Shenen Silase,ET040703
ET040703401001,Sire Robi 01,ET040703
ET040703888029,Wake Miya Tiyo,ET040703
ET040703888004,Warsecha Garewahid,ET040703
ET040703201001,Wonji Gefersa 01,ET040703
ET040703301001,Wonji Shewa Alemtena,ET040703
ET040704888029,Adada Denbela,ET040704
ET040704888001,Aredaga Koredida,ET040704
ET040704888017,Arifta Jagola,ET040704
ET040704888010,Bali Abo,ET040704
ET040704888031,Bika,ET040704
ET040704888018,Biyo Biseke,ET040704
ET040704601001,Biyo Biseke 01,ET040704
ET040704888027,Bola Buta,ET040704
ET040704401001,Dakebora 01,ET040704
ET040704888012,Dakebora Kara,ET040704
ET040704888002,Dani Jateni,ET040704
ET040704888005,Danse Sanbure,ET040704
ET040704888030,Derare Denbela,ET040704
ET040704888008,Dildila Gonbere,ET040704
ET040704888034,Dungege Bekele,ET040704
ET040704201001,Ejere 01,ET040704
ET040704888003,Ejere Welkite,ET040704
ET040704888033,Ejeresa Jero,ET040704
ET040704301001,Ejeresa Koka 02,ET040704
ET040704888007,Finchawo Kara,ET040704
ET040704888026,Golje Dildima,ET040704
ET040704888014,Haro Yohanis,ET040704
ET040704888028,Jego Gudedo,ET040704
ET040704888011,Jiremi Inselale,ET040704
ET040704888015,Kara Finchawo,ET040704
ET040704501001,Kemise 01,ET040704
ET040704888009,Kiltu Baja,ET040704
ET040704101001,Koka 01,ET040704
ET040704888035,Koka Negewo,ET040704
ET040704888025,Kolba Gode,ET040704
ET040704888013,Kuncha Dalota,ET040704
ET040704888022,Kurema Fatole,ET040704
ET040704888020,Mamo Shako,ET040704
ET040704888023,Melemele,ET040704
ET040704888032,Muda Senkele,ET040704
ET040704888004,Nanawo,ET040704
ET040704888019,Shara Dabandiba,ET040704
ET040704888021,Tafi Abo,ET040704
ET040704888024,Tede,ET040704
ET040704888006,Tility Gerbi,ET040704
ET040704888016,Tulu R'ee,ET040704
ET040705888033,Adadi Ejere,ET040705
ET040705888003,Adadi Gole,ET040705
ET040705888020,Aleltu,ET040705
ET040705888017,Anfar Chemeri,ET040705
ET040705888016,Areda Gora,ET040705
ET040705888013,Bego Tit Amba,ET040705
ET040705888029,Bishan Tino Kedida,ET040705
ET040705888011,Bito Mitak,ET040705
ET040705888006,Buhi Dengego,ET040705
ET040705888022,Burko Ula Ula,ET040705
ET040705888018,Chefe Silmagn,ET040705
ET040705888009,Dewetu Chele,ET040705
ET040705888012,Dihom Hiybaba,ET040705
ET040705888024,Dire Dergomsisa,ET040705
ET040705888025,Dobi Bosenu,ET040705
ET040705888014,Endode Enbus,ET040705
ET040705888028,Fincawa Egziyarab,ET040705
ET040705888002,Germamadekedama,ET040705
ET040705888027,Girmi,ET040705
ET040705888032,Goro Tigiri,ET040705
ET040705888007,Habru Seftu,ET040705
ET040705888023,Jegol Nay Dingay,ET040705
ET040705888001,Kersa,ET040705
ET040705888010,Koka Dehe,ET040705
ET040705888019,Kulkal Haybaba,ET040705
ET040705888031,Kuntushile Hama,ET040705
ET040705888008,Lemlem Chefe,ET040705
ET040705888004,Menjikso Gora,ET040705
ET040705888005,Menjikso Tede,ET040705
ET040705888021,Somsa Kombolcha,ET040705
ET040705888030,Tulufera,ET040705
ET040705888026,Usso Cheleleka,ET040705
ET040705888015,Weberi Mensur,ET040705
ET040705101002,Zero And,ET040705
ET040705101001,Zero Hulet,ET040705
ET040706888005,Akako,ET040706
ET040706888017,Bekejo,ET040706
ET040706888022,Celleba Selase,ET040706
ET040706888010,Deko,ET040706
ET040706888012,Denkaka,ET040706
ET040706301001,Dire 01,ET040706
ET040706888019,Dire Arerti,ET040706
ET040706888021,Dire Shoki,ET040706
ET040706888015,Giche Garababo,ET040706
ET040706888014,Gobesay,ET040706
ET040706888003,Godino,ET040706
ET040706201001,Godino 01,ET040706
ET040706888016,Golbo,ET040706
ET040706888018,Golo Dertu,ET040706
ET040706888009,Hidi,ET040706
ET040706401001,Hidi 01,ET040706
ET040706888011,Katila,ET040706
ET040706888007,Kerfe,ET040706
ET040706888004,Keteba,ET040706
ET040706888008,Koftu,ET040706
ET040706888001,Tedecha Yatu,ET040706
ET040706888006,Tulu Dimtu,ET040706
ET040706888013,Ude,ET040706
ET040706101001,Ude Denkaka 01,ET040706
ET040706888020,Wajitu Dibdibe,ET040706
ET040706888002,Yerer Selase,ET040706
ET040707888031,Abono Gebriel,ET040707
ET040707888036,Argo Gedilala,ET040707
ET040707888027,Bakale Girisa,ET040707
ET040707888011,Bayimo Gusa,ET040707
ET040707888034,Biliti Belawold,ET040707
ET040707888007,Birbirsa Gale,ET040707
ET040707888008,Birbirsa Guda Sabole,ET040707
ET040707888023,Burka Danbel,ET040707
ET040707888022,Darara Dalacha,ET040707
ET040707888030,Dodota Denbel,ET040707
ET040707888012,Dongorota Gusa,ET040707
ET040707201001,Ela 01,ET040707
ET040707888006,Ela Gebre Delecha,ET040707
ET040707888028,Giraba Korke Adi,ET040707
ET040707888010,Hafa Kemele,ET040707
ET040707888016,Hate Leman,ET040707
ET040707888019,Jawe Bofo,ET040707
ET040707888002,Joro Reka,ET040707
ET040707888004,Kelo Kebite,ET040707
ET040707888003,Kiltubilbila,ET040707
ET040707888005,Korke Adama,ET040707
ET040707888035,Koto Bilit,ET040707
ET040707888009,Koye Jejeba,ET040707
ET040707888015,Mejaf Lalu,ET040707
ET040707101003,Meki 01,ET040707
ET040707101002,Meki 02,ET040707
ET040707101001,Meki 03,ET040707
ET040707888001,Menjikso Weji,ET040707
ET040707888013,Mukiye Leman,ET040707
ET040707888020,Oda Bokota,ET040707
ET040707888017,Sera Wakele,ET040707
ET040707888024,Shubigamo,ET040707
ET040707888029,Tepo Choroke,ET040707
ET040707888033,Tuchi Denbel,ET040707
ET040707888021,Tuchi Sumeyan,ET040707
ET040707888032,Wayo Gebriel,ET040707
ET040707888014,Wedesha Orgocho,ET040707
ET040707888018,Welda Hafa,ET040707
ET040707888025,Welda Kelina,ET040707
ET040707888026,Welda Mekdela,ET040707
ET040708888015,Abeyideneba,ET040708
ET040708888008,Abinegermama,ET040708
ET040708101001,Abosa,ET040708
ET040708201001,Adamitulu,ET040708
ET040708888035,Adansho Boranota,ET040708
ET040708888036,Adensho Gogesa,ET040708
ET040708888016,Aluto,ET040708
ET040708888027,Anano Shisho,ET040708
ET040708888032,Arba,ET040708
ET040708888041,Barahobicho,ET040708
ET040708888013,Bochesa,ET040708
ET040708301001,Bulbula,ET040708
ET040708888040,Chitu Geto,ET040708
ET040708888037,Dambeadansho,ET040708
ET040708888034,Desta Abijata,ET040708
ET040708888014,Dodecha,ET040708
ET040708888006,Edogojola,ET040708
ET040708888038,Elelan Ababu,ET040708
ET040708888005,Elka Chalamo,ET040708
ET040708888002,Gabibarasa,ET040708
ET040708888001,Galeyimigira,ET040708
ET040708888007,Galo Hiraphe,ET040708
ET040708888012,Garbe Widana Boramo,ET040708
ET040708888024,Gobajocho Asabo,ET040708
ET040708888023,Golbaaluto,ET040708
ET040708888019,Habule Gutumuma,ET040708
ET040708888025,Halekugulentaboke,ET040708
ET040708888017,Haroresakelbo,ET040708
ET040708888029,Hondola Chabi,ET040708
ET040708888020,Hurufa Lole,ET040708
ET040708888022,Jela Aluto,ET040708
ET040708401001,Jido,ET040708
ET040708888010,Kamo Garbe,ET040708
ET040708888031,Kertefa Weransa,ET040708
ET040708888030,Korme Bujure,ET040708
ET040708888039,Leliso Danbi,ET040708
ET040708888004,Negalign,ET040708
ET040708888043,Neka,ET040708
ET040708888021,Odaanshura,ET040708
ET040708501001,Oetu,ET040708
ET040708888018,Oitu Basuma,ET040708
ET040708888042,Reji,ET040708
ET040708888026,Surokudusa,ET040708
ET040708888033,Urgo Machafara,ET040708
ET040708888003,Walinbulla,ET040708
ET040708888028,Wayiso Kenchera,ET040708
ET040708888011,Welico Boremo,ET040708
ET040708888009,Werja Washbula,ET040708
ET040710101002,Alemtena 01,ET040710
ET040710101001,Alemtena 02,ET040710
ET040710888014,Barta Sami,ET040710
ET040710888018,Bite Daba,ET040710
ET040710888016,Dalota Mati,ET040710
ET040710888009,Dodo Wedera,ET040710
ET040710888002,Doyo Leman,ET040710
ET040710888010,Elan,ET040710
ET040710888007,Gora Leman,ET040710
ET040710888004,Gose Korke,ET040710
ET040710201001,Hombole,ET040710
ET040710888005,Huluko Kashi,ET040710
ET040710888015,Jirme Bora,ET040710
ET040710888001,Kiltu Hombole,ET040710
ET040710888006,Lafesa Germaji,ET040710
ET040710888008,Malima Bari,ET040710
ET040710888013,Sori Dolessa,ET040710
ET040710888017,Tube Suti,ET040710
ET040710888011,Tuchi Deko,ET040710
ET040710888012,Tuka Langano,ET040710
ET040710888003,Tute Koromtu,ET040710
ET040711101001,01_kebele,ET040711
ET040711888012,Adelemiacha,ET040711
ET040711888016,Agemsarogicha,ET040711
ET040711888017,Deglagelajida,ET040711
ET040711888010,Diredoti,ET040711
ET040711888003,Dololojida,ET040711
ET040711888002,Gechidaimo,ET040711
ET040711888009,Gogetigoro,ET040711
ET040711888006,Gololehullucho,ET040711
ET040711888008,Gongo,ET040711
ET040711888015,Ilmochukala,ET040711
ET040711888005,Jaragoro,ET040711
ET040711888007,Jelochancho,ET040711
ET040711888004,Kolbekoticha,ET040711
ET040711888011,Libengadula,ET040711
ET040711888018,Mumekosoru,ET040711
ET040711888014,Odajida,ET040711
ET040711201001,Tulu 01,ET040711
ET040711888013,Wenberchukala,ET040711
ET040711888001,Werajarsa,ET040711
ET040709888004,Abbasamuel,ET040712
ET040709888025,Abbay Silto,ET040712
ET040709888013,Abu_aciro,ET040712
ET040709888014,Abugerbi,ET040712
ET040709888012,Abukobolcha,ET040712
ET040709888017,Abuloya,ET040712
ET040709888015,Abulugna,ET040712
ET040709101001,Abusera,ET040712
ET040709888016,Abuserkama,ET040712
ET040709888018,Amuye Sera,ET040712
ET040709888007,Bilbilo,ET040712
ET040709888023,Billisilto,ET040712
ET040709888008,Borata Guji,ET040712
ET040709888005,Dengego,ET040712
ET040709888003,Dewara Dika,ET040712
ET040709888019,Dodotafi Ciri,ET040712
ET040709888006,Dufa,ET040712
ET040709888021,Edero Dera,ET040712
ET040709888010,Gale Koticha,ET040712
ET040709888022,Gelan_arrebsa,ET040712
ET040709888002,Gemmeda,ET040712
ET040709888027,Gimmashe,ET040712
ET040709888028,Insilale,ET040712
ET040709888020,Oda_katicha,ET040712
ET040709888009,Odanebe,ET040712
ET040709888011,Quftu,ET040712
ET040709888001,Yechu,ET040712
ET040709888026,Yerer Necho,ET040712
ET040709888024,Yererabbay,ET040712
ET040801888010,Abasa Gorba,ET040801
ET040801101001,Abomsa_01,ET040801
ET040801101002,Abomsa_02,ET040801
ET040801301001,Angada,ET040801
ET040801888012,Ashe Ejersa,ET040801
ET040801888009,Dembeka Gerjele,ET040801
ET040801888008,Dembeka Iftu,ET040801
ET040801888016,Ferekesa Jewi,ET040801
ET040801888006,Gado Arba,ET040801
ET040801888014,Gerta Kobire,ET040801
ET040801201001,Gologota,ET040801
ET040801888002,Gologota Geter Kebele,ET040801
ET040801888015,Gora Silingo,ET040801
ET040801888004,Hella Akiya,ET040801
ET040801888005,Hella Gadulla,ET040801
ET040801888011,Homba,ET040801
ET040801888013,Kebiro Oromo,ET040801
ET040801888018,Molame Arjawo,ET040801
ET040801888017,Molame Kersa,ET040801
ET040801888007,Shamo Gado,ET040801
ET040801888003,Weterodino,ET040801
ET040801888001,Wetichadole,ET040801
ET040802101001,Aseko 01,ET040802
ET040802888002,Biyo,ET040802
ET040802888015,Cafa Ifa,ET040802
ET040802888008,Cafa Quye,ET040802
ET040802888007,Cafe,ET040802
ET040802888003,Dalata Cafa,ET040802
ET040802888014,Dima Aseko,ET040802
ET040802888001,Dire Oda,ET040802
ET040802888009,Haro Ale,ET040802
ET040802888005,Huluko,ET040802
ET040802888012,Iftu Bulala,ET040802
ET040802888006,Kara Amatu,ET040802
ET040802888004,Kara Dibu,ET040802
ET040802888013,Kara Duba,ET040802
ET040802888010,Komicha,ET040802
ET040802888016,Lenca Oda,ET040802
ET040802888011,Nano Aseko,ET040802
ET040802888017,Ribu Ketema,ET040802
ET040803888021,Bogna Kombe,ET040803
ET040803888023,Chama Seka,ET040803
ET040803101001,Chancho Ketema,ET040803
ET040803888001,Chulul Chiriksa,ET040803
ET040803888003,Chulul Derba,ET040803
ET040803888005,Daro Bonja,ET040803
ET040803888006,Daro Cheka,ET040803
ET040803888002,Dhiba Ejersa,ET040803
ET040803888018,Gedo Seka,ET040803
ET040803888022,Haro Akiya,ET040803
ET040803301001,Haro Ketema,ET040803
ET040803888012,Jinga Bilu,ET040803
ET040803888014,Jinga Dhibu,ET040803
ET040803888013,Jinga Sokoru,ET040803
ET040803888016,Mine Adayo,ET040803
ET040803888004,Mine Gora,ET040803
ET040803201001,Mine Ketema,ET040803
ET040803888008,Mine Tucha,ET040803
ET040803888009,Mine Tulu,ET040803
ET040803888017,Sire Bego,ET040803
ET040803888011,Sole Gama Tola,ET040803
ET040803888010,Sole Oda Adi,ET040803
ET040803888019,Tibi Sabeta,ET040803
ET040803888007,Ungule Hara,ET040803
ET040803888020,Weregu Kewe,ET040803
ET040803888015,Weregu Urgesa,ET040803
ET040804888004,Abulee Mukaa Guraacha,ET040804
ET040804888003,Achamoo Guloo Wanzii,ET040804
ET040804888021,Adele Utamo,ET040804
ET040804888002,Alagaa Dorrii,ET040804
ET040804301001,Alagaa Durati,ET040804
ET040804888014,Ameshera Mengagesa,ET040804
ET040804888009,Angodeche Hulaa,ET040804
ET040804101001,Arboye,ET040804
ET040804888011,Arjoo Qaree,ET040804
ET040804201001,Bolo,ET040804
ET040804888018,Danabe Gudoo,ET040804
ET040804888025,Doje Kombolcha,ET040804
ET040804888019,Dule Werakecho,ET040804
ET040804888006,Eguu Cekaa,ET040804
ET040804888007,Guraa Tabenoo,ET040804
ET040804888026,Heto Ferdaa,ET040804
ET040804888001,Huruta Dorrii,ET040804
ET040804888016,Kekersaa Sharbee,ET040804
ET040804888017,Kersa,ET040804
ET040804888023,Koloba Bolo,ET040804
ET040804888022,Koloba Kalo,ET040804
ET040804888005,Sembetee Fencoo,ET040804
ET040804888012,Shedare Caffa,ET040804
ET040804888008,Sokee Bokechaa,ET040804
ET040804888020,Tare Amegna,ET040804
ET040804888024,Utamoo Doje,ET040804
ET040804888015,Waguda Guroo,ET040804
ET040804888013,Wenjelo Odemanaa,ET040804
ET040804888010,Weshebaa Baraket,ET040804
ET040805888009,Amigna Debeso,ET040805
ET040805888011,Amude,ET040805
ET040805888001,Awash Bishola,ET040805
ET040805201001,Awash Melkasa,ET040805
ET040805888006,Bedosa Betela,ET040805
ET040805888010,Belale,ET040805
ET040805101001,Dera_01,ET040805
ET040805101002,Dera_02,ET040805
ET040805888004,Dilfekar,ET040805
ET040805888003,Direkiltu,ET040805
ET040805888007,Dodotalem,ET040805
ET040805888002,Korodegaga,ET040805
ET040805888008,Lodesharbe,ET040805
ET040805888005,Tedechaguracha,ET040805
ET040805888012,Terodesta,ET040805
ET040806888027,Adere Lipo,ET040806
ET040806888010,Arbachefa,ET040806
ET040806888017,Areta Chefa,ET040806
ET040806888022,Beshira Chefe,ET040806
ET040806888003,Beti,ET040806
ET040806888002,Boka,ET040806
ET040806888005,Burkaleman,ET040806
ET040806888012,Bushe Danaba,ET040806
ET040806888025,Chefe Burkitu,ET040806
ET040806888026,Chefe Jila,ET040806
ET040806201001,Chefe Jila_01,ET040806
ET040806888013,Dimtu Rariti,ET040806
ET040806888018,Dugdabatu,ET040806
ET040806888020,Genale,ET040806
ET040806888007,Golbe,ET040806
ET040806888014,Halo,ET040806
ET040806888021,Herera,ET040806
ET040806888004,Hula Arbe,ET040806
ET040806888023,Kiyansho,ET040806
ET040806888024,Kobo Borora,ET040806
ET040806888028,Koche Bore,ET040806
ET040806888009,Kunisenbero,ET040806
ET040806888001,Meja Shanan,ET040806
ET040806101001,Ogolcho,ET040806
ET040806888006,Sango,ET040806
ET040806888015,Senbero,ET040806
ET040806888016,Sheld Goto,ET040806
ET040806888011,Toyan Laman,ET040806
ET040806888008,Uboboracha,ET040806
ET040806888019,Unishit,ET040806
ET040807101001,01 Kebele,ET040807
ET040807101002,02 Kebele,ET040807
ET040807888005,Annole,ET040807
ET040807888013,Bonaya Edo,ET040807
ET040807201001,Boru,ET040807
ET040807888017,Boru Cilalo,ET040807
ET040807888012,Borulenca,ET040807
ET040807888022,Danisa,ET040807
ET040807888008,Daweguticha,ET040807
ET040807888018,Debeya Adere,ET040807
ET040807888002,Deyadeboso,ET040807
ET040807888019,Gonde Fincahuma,ET040807
ET040807888003,Guchi Habe,ET040807
ET040807888001,Gurdebula,ET040807
ET040807888014,Harbe Ademonye,ET040807
ET040807888004,Haxehandode,ET040807
ET040807888023,Hurruxxuba Denbi,ET040807
ET040807888016,Jawi Cilalo,ET040807
ET040807888020,Jengo Killisa,ET040807
ET040807888010,Odajila,ET040807
ET040807888011,Seroanketo,ET040807
ET040807888009,Shakisherera,ET040807
ET040807888015,Sibuabadir,ET040807
ET040807301001,Sibuabo,ET040807
ET040807888006,Terromoyye,ET040807
ET040807888007,Walargi,ET040807
ET040807888021,Xaddo Lamman,ET040807
ET040808888015,Abukoy Birkitu,ET040808
ET040808888025,Akiya Moloxa,ET040808
ET040808888027,Akiya Ulagadi,ET040808
ET040808888014,Alegido Sedeqa,ET040808
ET040808888008,Ashmira Kerensa,ET040808
ET040808888001,Ashmira Wafika,ET040808
ET040808888002,Ashmira Wergambula,ET040808
ET040808888013,Azule Sedeka,ET040808
ET040808888026,Bego Sengo,ET040808
ET040808888020,Chimo Alola,ET040808
ET040808888019,Chimo Negele,ET040808
ET040808888018,Chimo Usman,ET040808
ET040808201001,Dereba 01,ET040808
ET040808888012,Ejajitu Sedeka,ET040808
ET040808888005,Genda Nagaya,ET040808
ET040808888011,Goojoma Negele,ET040808
ET040808888003,Guracha Chisa,ET040808
ET040808888004,Guracha Dima Wedena,ET040808
ET040808301001,Halila 01,ET040808
ET040808888023,Halila Anole,ET040808
ET040808888022,Halila Negele,ET040808
ET040808101001,Kulla 01,ET040808
ET040808888007,Leche Dereba,ET040808
ET040808888024,Manga Wolkite,ET040808
ET040808888017,Marena Gerjela,ET040808
ET040808888010,Semar Abdoye,ET040808
ET040808888021,Semar Semarye,ET040808
ET040808888009,Surara Dinkit,ET040808
ET040808888016,Tulu Hofi,ET040808
ET040808888006,Uru Gimbicho,ET040808
ET040809888007,Akiya Tulu Eguu,ET040809
ET040809888001,Amuma Selame Ber,ET040809
ET040809888008,Ashute Kofelchisa,ET040809
ET040809101001,Chole,ET040809
ET040809888013,Gado Seqaa,ET040809
ET040809888002,Gado Yabeta,ET040809
ET040809888012,Genbo Dhewa,ET040809
ET040809888005,Gersa,ET040809
ET040809888014,Manga Gado Bela,ET040809
ET040809888015,Manga Lega Buna,ET040809
ET040809888016,Manga Odaa Adii,ET040809
ET040809888017,Manga Weqii Derartu,ET040809
ET040809888018,Mangna Adere,ET040809
ET040809888004,Moye Gara Dimaa,ET040809
ET040809201001,Moye_01,ET040809
ET040809888006,Nibo Dhake Dhera,ET040809
ET040809888003,Qoroo Gugu,ET040809
ET040809888011,Shabo Shuli,ET040809
ET040809888010,Weragu Jawi,ET040809
ET040809888009,Yaii Gugu,ET040809
ET040810101001,Adele_01,ET040810
ET040810888001,Adele_01,ET040810
ET040810888014,Bamochefa,ET040810
ET040810888010,Dinkiti,ET040810
ET040810888018,Ebicho,ET040810
ET040810888006,Elileabrogna,ET040810
ET040810888007,Elileachana,ET040810
ET040810888005,Elilesemar,ET040810
ET040810888003,Eteya,ET040810
ET040810888017,Jafara,ET040810
ET040810888004,Jidakara,ET040810
ET040810888009,Malakichasendabo,ET040810
ET040810888015,Malekicho,ET040810
ET040810888011,Medawelebu,ET040810
ET040810888016,Medfotokuma,ET040810
ET040810888002,Meltohalo,ET040810
ET040810888012,Sedewele,ET040810
ET040810888008,Sulale,ET040810
ET040810888019,Tedecha,ET040810
ET040810888013,Teji,ET040810
ET040811888012,Bereket,ET040811
ET040811888002,Bubukulche,ET040811
ET040811888001,Bulalanuge,ET040811
ET040811888009,Darodibayu,ET040811
ET040811888010,Daromurti,ET040811
ET040811888008,Daronegaya,ET040811
ET040811888011,Hadidoindas,ET040811
ET040811888007,Jidajiru,ET040811
ET040811888004,Lilogurati,ET040811
ET040811888005,Seada,ET040811
ET040811101001,Seru_01,ET040811
ET040811888014,Wabeodadima,ET040811
ET040811888013,Wabewangaya,ET040811
ET040811888003,Wajimedicho,ET040811
ET040811888006,Woltei,ET040811
ET040812888008,Aboli,ET040812
ET040812888019,Ademtu Leman,ET040812
ET040812888007,Akiya Ayfela,ET040812
ET040812888011,Asandabo,ET040812
ET040812888006,Atabe Robe,ET040812
ET040812888012,Belkesa Gedo,ET040812
ET040812888004,Doyo Gora,ET040812
ET040812401001,Endeto_01,ET040812
ET040812888021,Gedo Leman,ET040812
ET040812888018,Goro Jena,ET040812
ET040812888013,Habe Dengazela,ET040812
ET040812301001,Heba_01,ET040812
ET040812888027,Indeto Walte,ET040812
ET040812888001,Jawe Sera,ET040812
ET040812888003,Jeda Robe,ET040812
ET040812888009,Jena Barbuko,ET040812
ET040812888017,Jena Gedemesa,ET040812
ET040812888016,Jena Hulul,ET040812
ET040812501001,Jena_01,ET040812
ET040812888026,Keko Adejabo,ET040812
ET040812888028,Kelesa Denbel,ET040812
ET040812888025,Meraro Sebe,ET040812
ET040812888014,Mesarenge Temama,ET040812
ET040812888010,Mesrang Abuu,ET040812
ET040812888015,Mesrang Oda,ET040812
ET040812101001,Robe_01,ET040812
ET040812101002,Robe_02,ET040812
ET040812888002,Sebro Chafe,ET040812
ET040812888020,Sedeka Atucha,ET040812
ET040812888023,Sedeka Burka,ET040812
ET040812888024,Sedeka Keresa,ET040812
ET040812888022,Sedeka Tokechuma,ET040812
ET040812201001,Sedeka_01,ET040812
ET040812888005,Sude Walte,ET040812
ET040813888004,Akiya Misa,ET040813
ET040813888010,Azazara Baredu,ET040813
ET040813888009,Gargedanagawo,ET040813
ET040813201001,Hasan Usman_01,ET040813
ET040813888003,Jitu Tena,ET040813
ET040813888011,Karayu Harizuna,ET040813
ET040813888002,Korobta,ET040813
ET040813888007,Sole Cafa,ET040813
ET040813888005,Sole Oda,ET040813
ET040813888006,Sole Waliye,ET040813
ET040813888008,Solehajishale,ET040813
ET040813101001,Ticho_01,ET040813
ET040813888001,Wadago Misa,ET040813
ET040814888024,Areya Gogota,ET040814
ET040814888033,Bidu Bala,ET040814
ET040814888032,Bidu Hulul,ET040814
ET040814888018,Birbo And Cole,ET040814
ET040814888003,Elele Walena,ET040814
ET040814201001,Gado_01,ET040814
ET040814888015,Galabe Amaja,ET040814
ET040814888017,Galabe Busa,ET040814
ET040814888016,Galabe Hulul,ET040814
ET040814888013,Gale Babo,ET040814
ET040814101002,Gobess_02,ET040814
ET040814101001,Gobessa_01,ET040814
ET040814888010,Hanuufi Jawe,ET040814
ET040814888009,Hela Fi Waji,ET040814
ET040814888004,Hela Galabe Amaja,ET040814
ET040814888005,Hela Galabe Goro,ET040814
ET040814888006,Hela Makana,ET040814
ET040814888014,Hela Tareta,ET040814
ET040814888021,Hela Tijo Soru,ET040814
ET040814888012,Hela Zambaba,ET040814
ET040814888019,Jawi Wachu,ET040814
ET040814888025,Lemu Gedemesa,ET040814
ET040814888027,Lemu Guna,ET040814
ET040814888023,Limu Ena Tijo,ET040814
ET040814888029,Mitana Gado,ET040814
ET040814888026,Mitana Hindessa,ET040814
ET040814888028,Sango Yaya,ET040814
ET040814888030,Soji Sade,ET040814
ET040814888002,Sole Cisa,ET040814
ET040814888008,Sole Digalu Guna,ET040814
ET040814888007,Sole Farakasa,ET040814
ET040814888001,Sole Negele,ET040814
ET040814301001,Tareta_01,ET040814
ET040814888022,Tijo Lebu,ET040814
ET040814888031,Waji Rapasa,ET040814
ET040814888020,Yaya Urguba,ET040814
ET040814888011,Zambaba Hela,ET040814
ET040815888023,Ansha Lekcha,ET040815
ET040815888008,Ashebeka Welkite,ET040815
ET040815888013,Aymura Boledana,ET040815
ET040815888009,Bucho Silase,ET040815
ET040815888021,Bura Jale,ET040815
ET040815888003,Burkitu Alkesa,ET040815
ET040815888007,Chefa Gugesa,ET040815
ET040815301001,Digelu 01,ET040815
ET040815888018,Digelu Arabi,ET040815
ET040815888016,Digelu Bora,ET040815
ET040815888015,Digelu Kidame,ET040815
ET040815888001,Fite Ketara,ET040815
ET040815888014,Gusha Timela,ET040815
ET040815401001,Hofi 01,ET040815
ET040815888006,Jemo,ET040815
ET040815888002,Kechema Murkicha,ET040815
ET040815888005,Kogo Ashebeka,ET040815
ET040815888017,Kubsa Bora,ET040815
ET040815888011,Lole Abosera,ET040815
ET040815888010,Lole Ketara,ET040815
ET040815888019,Mankula Negele,ET040815
ET040815201001,Sagure 01,ET040815
ET040815201002,Sagure 02,ET040815
ET040815888004,Sagure Mole,ET040815
ET040815888022,Shaldo Jigesa,ET040815
ET040815101001,Tijo 01,ET040815
ET040815888020,Tite Waji,ET040815
ET040815888012,Tulu Kite,ET040815
ET040816888018,Absora_alko,ET040816
ET040816888012,Bore_cilalo,ET040816
ET040816888005,Burka_cilalo,ET040816
ET040816888009,Cabi'a,ET040816
ET040816888001,Cafe_misoma,ET040816
ET040816888004,Dhankaka_konicha,ET040816
ET040816888006,Dosha,ET040816
ET040816888008,Dugda_okolu,ET040816
ET040816101001,Gonde_01,ET040816
ET040816888002,Gora_silingo,ET040816
ET040816888016,Hamsa_gasha,ET040816
ET040816888010,Haro_bilalo,ET040816
ET040816888015,Katar_kotebula,ET040816
ET040816301001,Kater_ganet_01,ET040816
ET040816201001,Kulumsa_01,ET040816
ET040816888017,Murkicha_kobo,ET040816
ET040816888003,Oda_dhawata,ET040816
ET040816888011,Shala_cabiti,ET040816
ET040816888014,Tulu_cabi,ET040816
ET040816888007,Tulu_kuchi,ET040816
ET040816888013,Waji_cilalo,ET040816
ET040817888024,Adare Ansha,ET040817
ET040817888031,Adera Awandala,ET040817
ET040817888023,Adere Golba,ET040817
ET040817888013,Chefa,ET040817
ET040817888016,Choba,ET040817
ET040817888018,Damu Dhinbiba,ET040817
ET040817888007,Didibe Yadola,ET040817
ET040817888014,Doba Ashe,ET040817
ET040817888006,Dogi Jirma,ET040817
ET040817101001,Ego 01,ET040817
ET040817888003,Gerbi Tuwiso,ET040817
ET040817888004,Grimbota Lole,ET040817
ET040817888020,Gujicha,ET040817
ET040817888012,Gumguma,ET040817
ET040817888008,Guri Dengego,ET040817
ET040817888019,Heben Dubo,ET040817
ET040817888032,Heben Lakicha,ET040817
ET040817888009,Huluko Chekeso,ET040817
ET040817301001,Kenchere 01,ET040817
ET040817201002,Kersa 01,ET040817
ET040817201001,Kersa 02,ET040817
ET040817888015,Kersa Ano,ET040817
ET040817888010,Koji Albeso,ET040817
ET040817888022,Koma Jabo,ET040817
ET040817888021,Koma Ocha,ET040817
ET040817888011,Konche,ET040817
ET040817888017,Munesa,ET040817
ET040817888005,Oda Lencha,ET040817
ET040817888001,Oda Towa,ET040817
ET040817888030,Sharo Kerensa;,ET040817
ET040817888002,Shumbulo,ET040817
ET040817401001,Shune Burkite 01,ET040817
ET040817888027,Shune Goro,ET040817
ET040817888025,Shune Korala,ET040817
ET040817888026,Shune Wachu,ET040817
ET040817888029,Waji Asharge,ET040817
ET040817888028,Waji Gange,ET040817
ET040817501001,Waji Siko 01,ET040817
ET040818701001,Balitu_01,ET040818
ET040818888008,Bekoji_nnegoso,ET040818
ET040818888005,Ciba_mikael,ET040818
ET040818888013,Dewa_bursa,ET040818
ET040818888020,Farichu,ET040818
ET040818888023,Gadisa_derara,ET040818
ET040818888018,Gese_bilbilo,ET040818
ET040818888021,Inkolo_gerjeda,ET040818
ET040818888002,Koji_cafa,ET040818
ET040818888001,Koji_kaka,ET040818
ET040818888003,Koji_katara,ET040818
ET040818501001,Koji_kubsa,ET040818
ET040818888015,Koma_hangara,ET040818
ET040818888016,Koma_kara,ET040818
ET040818888017,Koma_katara,ET040818
ET040818888014,Koma_walkite,ET040818
ET040818888024,Lagana Kulajabi,ET040818
ET040818888006,Lemu_burkitu,ET040818
ET040818888007,Lemu_dima,ET040818
ET040818888009,Lemu_mikael,ET040818
ET040818888011,Lemu_mirti,ET040818
ET040818301001,Lemu_sirba_01,ET040818
ET040818101001,Meraro,ET040818
ET040818401001,Robe_gerjeda,ET040818
ET040818601001,Samera,ET040818
ET040818888019,Sirbo,ET040818
ET040818201001,Sirbo_01,ET040818
ET040818888004,Temeng_aware,ET040818
ET040818888010,Ulule_asa,ET040818
ET040818888012,Ulule_kara,ET040818
ET040818888022,Waltai_burka,ET040818
ET040818888025,Waltai_negeya,ET040818
ET040819101001,Aba Jema,ET040819
ET040819888015,Amamu Arago,ET040819
ET040819888002,Andele Abajema,ET040819
ET040819888016,Cire Anole,ET040819
ET040819888007,Dima Badosa,ET040819
ET040819888006,Dima Wuchale,ET040819
ET040819888004,Guna Genete,ET040819
ET040819888003,Meso Wekentera,ET040819
ET040819888014,Nanewa Negele,ET040819
ET040819888012,Nano Hecho,ET040819
ET040819888013,Nano Jewi,ET040819
ET040819201001,Negele,ET040819
ET040819888011,Rehe Amba,ET040819
ET040819888001,Rehe Arba,ET040819
ET040819888009,Samo Bitena,ET040819
ET040819888005,Sorbe Etero,ET040819
ET040819888010,Teramo Huluko,ET040819
ET040819888008,Welargi Bobe,ET040819
ET040820888006,Alelu Gesela,ET040820
ET040820888016,Amola Chancho,ET040820
ET040820888007,Amola Tebo,ET040820
ET040820888012,Borera Chirao,ET040820
ET040820888017,Dekicha Gefersa,ET040820
ET040820888009,Gasela Chacha,ET040820
ET040820888015,Gesela Amuta,ET040820
ET040820888010,Gesela Shashe,ET040820
ET040820888013,Hugisa Boreno,ET040820
ET040820888005,Ibsata Uduga,ET040820
ET040820888004,Koloba Bele,ET040820
ET040820888002,Koloba Bika,ET040820
ET040820888001,Koloba Hawas,ET040820
ET040820888011,Koloba Shameda,ET040820
ET040820888014,Lode Benben,ET040820
ET040820888008,Lode Lemefo,ET040820
ET040820101001,Sire 01,ET040820
ET040820888003,Ufura Agemsa,ET040820
ET040821888001,Ademere,ET040821
ET040821888016,Aleko,ET040821
ET040821888011,Boru Wedecha,ET040821
ET040821888010,Fursa,ET040821
ET040821888015,Gebe,ET040821
ET040821888003,Gerde Busa,ET040821
ET040821888005,Gonde Korchasa,ET040821
ET040821888009,Gudelcha,ET040821
ET040821888013,Guraricho,ET040821
ET040821201001,Huruta 01,ET040821
ET040821201002,Huruta 02,ET040821
ET040821888018,Ifa Lode,ET040821
ET040821888004,Kersa,ET040821
ET040821888006,Kiltu Bella,ET040821
ET040821101001,Lodejimate,ET040821
ET040821888012,Medebishan,ET040821
ET040821888002,Melka Jebi,ET040821
ET040821888007,Shaya,ET040821
ET040821888008,Ticho,ET040821
ET040821888019,Tulu Bego,ET040821
ET040821888017,Tulu Jebi,ET040821
ET040821888014,Tulu Yembo,ET040821
ET040822888013,Aleko Kara,ET040822
ET040822201001,Bulala 01,ET040822
ET040822888011,Bulala Leman,ET040822
ET040822101001,Deksis 01,ET040822
ET040822101002,Deksis 02,ET040822
ET040822888001,Denkicha Gefersa,ET040822
ET040822888002,Diksis Mureticha,ET040822
ET040822888004,Gesela Amuta,ET040822
ET040822888008,Hela Andode,ET040822
ET040822888009,Hela Walkite,ET040822
ET040822888006,Huru Kedida,ET040822
ET040822888014,Kara Lencha,ET040822
ET040822888010,Kecha Koshumo,ET040822
ET040822888005,Keshita Korenta,ET040822
ET040822888007,Sedeka Abutaye,ET040822
ET040822888012,Tena Bamo,ET040822
ET040822888003,Watera Gola,ET040822
ET040823888004,Ademtu Jaro,ET040823
ET040823888016,Akiya Qirbigne,ET040823
ET040823888014,Arbogne Golo,ET040823
ET040823101001,Bele_01,ET040823
ET040823888007,Darole,ET040823
ET040823888002,Elile Weltei,ET040823
ET040823888013,Esewa Golo,ET040823
ET040823888001,Ferzana Elile,ET040823
ET040823888011,Genale Negaha,ET040823
ET040823888012,Jida Goverber,ET040823
ET040823888008,Koshimo,ET040823
ET040823888009,Lemeti Dindin,ET040823
ET040823888010,Lemeti Esewa,ET040823
ET040823888005,Mazeza,ET040823
ET040823888003,Meriqa Jaro,ET040823
ET040823888015,Shenkora Adaga,ET040823
ET040823888006,Teqe,ET040823
ET040824888003,Bekoji Mirte,ET040824
ET040824888001,Limu Kara,ET040824
ET040824888002,Limu Lema,ET040824
ET040824888009,Mecitu Gotu,ET040824
ET040824888008,Mecitu Lema,ET040824
ET040824888005,Seletana Changicha,ET040824
ET040824101001,Seltana,ET040824
ET040824201001,Seltana,ET040824
ET040824888004,Teji Welkite,ET040824
ET040824888007,Wabe Kebena,ET040824
ET040824888006,Wageda Kecha,ET040824
ET040825888007,Badeyi,ET040893
ET040825888010,Bahima Harcuma,ET040893
ET040825888002,Birbirsa Kune,ET040893
ET040825888005,Chabi Kame,ET040893
ET040825888001,Dumuga Bela,ET040893
ET040825888009,Dumuga Wachota,ET040893
ET040825888008,Furda Bela,ET040893
ET040825888012,Gafite Derba,ET040893
ET040825888006,Kontu Gogeti,ET040893
ET040825888003,Lafto Rifenso,ET040893
ET040825101001,Timuga 01,ET040893
ET040825888004,Tulu Keraru,ET040893
ET040825888011,Unke,ET040893
ET040826101002,Bekoji 01,ET040894
ET040826101001,Bekoji 02,ET040894
ET040901101001,1,ET040901
ET040901201001,1,ET040901
ET040901888016,Agemsa Ena Chele,ET040901
ET040901888019,Bililo,ET040901
ET040901888020,Burayisa Tuqa,ET040901
ET040901888027,Burie Mulu,ET040901
ET040901888010,Cacole,ET040901
ET040901888009,Cobi,ET040901
ET040901888005,Dalecha,ET040901
ET040901888028,Dire Belo,ET040901
ET040901888017,Dire Kora,ET040901
ET040901888030,Direba,ET040901
ET040901888007,Fayo,ET040901
ET040901888008,Gorbo,ET040901
ET040901888006,Gulefa,ET040901
ET040901888013,Hamaresa,ET040901
ET040901888002,Hamati Meta Dema,ET040901
ET040901888001,Haramaro Dema,ET040901
ET040901888018,Harekoca,ET040901
ET040901888015,Hunde Misoma,ET040901
ET040901888023,Huse Adami,ET040901
ET040901888022,Huse Mandera,ET040901
ET040901888004,It Sorore,ET040901
ET040901888029,Kikiliftu,ET040901
ET040901888026,Kurefa Sewa,ET040901
ET040901888003,Oda Bala,ET040901
ET040901888011,Oda Keneni,ET040901
ET040901888014,Oda Roba,ET040901
ET040901888025,Orfo,ET040901
ET040901888024,Sodoma,ET040901
ET040901888012,Tokuma,ET040901
ET040901888021,Torbayo,ET040901
ET040901888031,Weltanye,ET040901
ET040902888031,Baha Adu,ET040902
ET040902888027,Barihe,ET040902
ET040902888028,Bedasa,ET040902
ET040902888035,Beftu Oromiya,ET040902
ET040902888016,Bekelcha Biftu,ET040902
ET040902888013,Bilisuma,ET040902
ET040902888006,Biyo Jeneta,ET040902
ET040902201001,Chefabanta,ET040902
ET040902888011,Dalota,ET040902
ET040902888026,Dhakaba,ET040902
ET040902888010,Dire Nagaya,ET040902
ET040902888024,Direbelow,ET040902
ET040902101001,Doba_1,ET040902
ET040902888007,Gamachu,ET040902
ET040902888036,Hakabas,ET040902
ET040902888004,Ibsa Bate,ET040902
ET040902888008,Ifa Dinn,ET040902
ET040902888005,Ifa Jeynaa,ET040902
ET040902888009,Ifaa Jeneta,ET040902
ET040902888023,Ifaaman,ET040902
ET040902888022,Ifabalam,ET040902
ET040902888017,Ifahaqa,ET040902
ET040902888020,Ifaramata,ET040902
ET040902888021,Jalala,ET040902
ET040902888030,Kufakas,ET040902
ET040902888032,Lagalencha,ET040902
ET040902888029,Lebudkeb,ET040902
ET040902888034,Lenca Wadesa,ET040902
ET040902888014,Madda Bilisuma,ET040902
ET040902888015,Madda Xalila,ET040902
ET040902888003,Misra Chifra,ET040902
ET040902888019,Oda Jalala,ET040902
ET040902888002,Odaa Bultum,ET040902
ET040902888001,Odaa Jeneta,ET040902
ET040902888037,Odanegya,ET040902
ET040902888018,Takuma Jalala,ET040902
ET040902888038,Tekuma Metalencha,ET040902
ET040902888025,Terkemfeta,ET040902
ET040902888012,Urjiberysa,ET040902
ET040902888033,Woleqtuma Ibsa,ET040902
ET040902888040,Woleqtuma Woji,ET040902
ET040902888039,Woletanye,ET040902
ET040903888022,Bachesa,ET040903
ET040903888021,Burayisa,ET040903
ET040903888008,Burka Jalela,ET040903
ET040903888020,Chafe,ET040903
ET040903101001,Debeso 01,ET040903
ET040903888005,Edobas,ET040903
ET040903888004,Edojenata,ET040903
ET040903888017,Gamachis,ET040903
ET040903888018,Garakufa,ET040903
ET040903888013,Hakamulis,ET040903
ET040903888023,Hakanjirata,ET040903
ET040903888026,Hunde Lafto,ET040903
ET040903888002,Hundemisoma,ET040903
ET040903888007,Ifa Handode,ET040903
ET040903888001,Ifabas,ET040903
ET040903888024,Ifahiyesa,ET040903
ET040903888015,Iretokuma,ET040903
ET040903888003,Kanisa,ET040903
ET040903888014,Kufakas,ET040903
ET040903888012,Kufanzik,ET040903
ET040903888010,Nejeta,ET040903
ET040903888025,Odakebena,ET040903
ET040903888016,Regasis,ET040903
ET040903888019,Terkanfata,ET040903
ET040903888006,Tokuma Bira,ET040903
ET040903888009,Tokumahaka,ET040903
ET040903888011,Waltahi,ET040903
ET040904888010,Aba Aman,ET040904
ET040904888014,Aba Cabse,ET040904
ET040904888008,Aba Najat,ET040904
ET040904888009,Aba Selama,ET040904
ET040904888019,Abader,ET040904
ET040904888007,Baha Beftu,ET040904
ET040904888004,Balabuqis,ET040904
ET040904888016,Bareka,ET040904
ET040904888022,Dukena Ibsa,ET040904
ET040904888025,Gebbis,ET040904
ET040904888018,Hadeqama,ET040904
ET040904888020,Haqan Jirata,ET040904
ET040904888005,Ifa Basi,ET040904
ET040904888017,Jenet,ET040904
ET040904888023,Kufa Kasa Gemechisa,ET040904
ET040904888001,Lubu Dekab,ET040904
ET040904888006,Mada Jalala,ET040904
ET040904101001,Mesela,ET040904
ET040904888003,Meyra Lalisa,ET040904
ET040904888015,Qaso,ET040904
ET040904888024,Qufan Ziq,ET040904
ET040904888021,Reha,ET040904
ET040904888002,Reko Bas,ET040904
ET040904888012,Salama,ET040904
ET040904888011,Sham,ET040904
ET040904888013,Waltases,ET040904
ET040905101003,1,ET040905
ET040905101002,2,ET040905
ET040905101001,3,ET040905
ET040905101007,Alawa Gora,ET040905
ET040905101009,Chiro Kela Ketema,ET040905
ET040905101005,Madhicho 9 Ketema,ET040905
ET040905101004,Medhicho 2 ketema,ET040905
ET040905101010,Nejabas Ketema,ET040905
ET040905101008,Qiliso,ET040905
ET040905101006,Wadet Ketema,ET040905
ET040906888013,Aneno,ET040906
ET040906888007,Bale,ET040906
ET040906101001,Bedeyi,ET040906
ET040906888012,Biyyo,ET040906
ET040906201001,Cheleleka,ET040906
ET040906301001,Cherora,ET040906
ET040906888004,Chorora Badiya,ET040906
ET040906888022,Dara Gora(017),ET040906
ET040906888010,Deneba (09),ET040906
ET040906888018,Dindin,ET040906
ET040906888019,Enjicha,ET040906
ET040906888001,Gode Lalo,ET040906
ET040906888016,Hincini,ET040906
ET040906888014,Kus,ET040906
ET040906888020,Lafto Goba(012),ET040906
ET040906888011,Lalo (07),ET040906
ET040906888009,Meta Koma(011),ET040906
ET040906888021,Midegdu(013),ET040906
ET040906888005,Mudi Kurkura,ET040906
ET040906888006,Oda Bultum,ET040906
ET040906888003,Qajima,ET040906
ET040906888024,Rabshedi(014),ET040906
ET040906888017,Seka (02),ET040906
ET040906888008,Sirehadiya(019),ET040906
ET040906888015,Telila (05),ET040906
ET040906888002,Wacu,ET040906
ET040906888023,Wedesa(016),ET040906
ET040906888025,Wofe,ET040906
ET040907888002,Burka Jalala,ET040907
ET040907888019,Chefa Jalala,ET040907
ET040907888021,Copha,ET040907
ET040907888018,Goro Bate,ET040907
ET040907888001,Goro Lencha,ET040907
ET040907888010,Goro Meta,ET040907
ET040907888008,Goro Wita,ET040907
ET040907201001,Hardim,ET040907
ET040907888020,Hardim Geter,ET040907
ET040907888013,Haro Baresa,ET040907
ET040907888006,Jarjare,ET040907
ET040907888003,Kiltu Anani,ET040907
ET040907888011,Kiltu Kora,ET040907
ET040907101001,Komona,ET040907
ET040907888007,Laga Arba,ET040907
ET040907888014,Leman,ET040907
ET040907888012,Oda Aneni,ET040907
ET040907888016,Oda Dima,ET040907
ET040907888015,Oda Gadisa,ET040907
ET040907888005,Oda Harawa,ET040907
ET040907888004,Oda Roba,ET040907
ET040907888022,Sire Sado,ET040907
ET040907888017,Ulaga,ET040907
ET040907888009,Waji,ET040907
ET040908888007,Abdi Gudina,ET040908
ET040908888005,Badeda,ET040908
ET040908888006,Bareda,ET040908
ET040908201001,Belbeliti,ET040908
ET040908888015,Bora,ET040908
ET040908888010,Busoyitu,ET040908
ET040908888003,Chafe 12,ET040908
ET040908888002,Chafe 13,ET040908
ET040908888016,Danse,ET040908
ET040908301001,Defo,ET040908
ET040908888024,Derara,ET040908
ET040908888029,Dikicha,ET040908
ET040908888027,Fre Jiru,ET040908
ET040908888018,Gadisa,ET040908
ET040908888009,Garbi Teka,ET040908
ET040908888008,Haro Chercher,ET040908
ET040908888030,Hunde Daba,ET040908
ET040908888028,Ibsa,ET040908
ET040908888020,Ifa Gemechu,ET040908
ET040908888019,Ifa Jiru,ET040908
ET040908888004,Kalacha,ET040908
ET040908888017,Kufa Kas,ET040908
ET040908888023,Lega Bera,ET040908
ET040908888026,Lelisa,ET040908
ET040908888001,Lugo,ET040908
ET040908888021,Mede Jalela,ET040908
ET040908888014,Oda Anani,ET040908
ET040908888011,Oda Muda,ET040908
ET040908888022,Qufa,ET040908
ET040908101001,Wachu 01,ET040908
ET040908888013,Weyine 8,ET040908
ET040908888012,Weyine Gudo,ET040908
ET040908888025,Weyine Kalo,ET040908
ET040909888028,Agamtii,ET040909
ET040909888012,Biyo Hoda,ET040909
ET040909888004,Borte,ET040909
ET040909888033,Boydo,ET040909
ET040909888001,Chafe Haraya,ET040909
ET040909888009,Diba,ET040909
ET040909888027,Dodota Roba,ET040909
ET040909888013,Ejerti,ET040909
ET040909888025,Fugug,ET040909
ET040909101001,Gadullo,ET040909
ET040909888029,Gadulo Badiya,ET040909
ET040909888017,Galgale,ET040909
ET040909888020,Galma Jaju,ET040909
ET040909888008,Guddis,ET040909
ET040909888011,Hamsiso,ET040909
ET040909888022,Har0 Adi,ET040909
ET040909888018,Hara Bafano,ET040909
ET040909888026,Haroresa Hulluko,ET040909
ET040909888034,Haroresa Qile,ET040909
ET040909888031,Iddo Janata,ET040909
ET040909888032,Ijaara,ET040909
ET040909888002,Jilbo,ET040909
ET040909888021,Kortu,ET040909
ET040909888003,Kotora,ET040909
ET040909888016,Kurfa Wacu,ET040909
ET040909888035,Madhisa,ET040909
ET040909888014,Mardiida,ET040909
ET040909888015,Milqae,ET040909
ET040909201001,Milqaye,ET040909
ET040909888036,Nano,ET040909
ET040909888019,Oda Aneso,ET040909
ET040909888006,Oda Laku,ET040909
ET040909888005,Oda Lalaba,ET040909
ET040909888030,Qurqura,ET040909
ET040909301001,Sakina,ET040909
ET040909888023,Satawa,ET040909
ET040909888010,Sodoma / Sekena Geter,ET040909
ET040909888007,Sororo,ET040909
ET040909888024,Tamsay Tupo,ET040909
ET040910888004,Ao,ET040910
ET040910888018,Arba,ET040910
ET040910201001,Boke Gudo,ET040910
ET040910888005,Boke Gudo,ET040910
ET040910101001,Boke Tiko,ET040910
ET040910888016,Chabi,ET040910
ET040910888001,Dera Jambo,ET040910
ET040910888012,Edo Aroji,ET040910
ET040910888006,Goro Roba,ET040910
ET040910888009,Haro Bareda,ET040910
ET040910888010,Haro Muda,ET040910
ET040910888014,Hatura,ET040910
ET040910888015,Jilbo,ET040910
ET040910888020,Kayu,ET040910
ET040910888002,Kersa,ET040910
ET040910888003,Kiltu Ilala,ET040910
ET040910888021,Kurkura,ET040910
ET040910888022,Lelu,ET040910
ET040910888011,Mayu,ET040910
ET040910888013,Mildab,ET040910
ET040910888017,Oda Roba,ET040910
ET040910888019,Rukesa,ET040910
ET040910888007,Soro,ET040910
ET040910888008,Wachu Yaya,ET040910
ET040911888019,Bate,ET040911
ET040911888009,Bedesa Guda,ET040911
ET040911888035,Berbereti,ET040911
ET040911888032,Bososo,ET040911
ET040911201001,Burka,ET040911
ET040911888028,Burka Badiya,ET040911
ET040911888017,Burka Bekanisa,ET040911
ET040911888020,Dida Dalo,ET040911
ET040911888030,Galesa,ET040911
ET040911888031,Gebiba,ET040911
ET040911888022,Goda Hora,ET040911
ET040911888025,Guba Gutu,ET040911
ET040911888029,Hakebas,ET040911
ET040911888033,Haroreti,ET040911
ET040911888005,Ido Beriso,ET040911
ET040911888007,Jawis,ET040911
ET040911101001,Kara,ET040911
ET040911888013,Kara,ET040911
ET040911888003,Kereyu,ET040911
ET040911888008,Kolu,ET040911
ET040911888016,Koye,ET040911
ET040911888006,Lege Lafto,ET040911
ET040911888012,Mekanisa,ET040911
ET040911888015,Midhegdu,ET040911
ET040911888023,Mudhi Iresa,ET040911
ET040911888011,Obi 17,ET040911
ET040911888001,Obi 63,ET040911
ET040911888010,Oda Baso,ET040911
ET040911888021,Oda Boriyo,ET040911
ET040911888018,Oda Muda,ET040911
ET040911888014,Oda Roba,ET040911
ET040911888027,Oda Tuta,ET040911
ET040911888026,Saketa,ET040911
ET040911888004,Sebale,ET040911
ET040911888002,Sekeriga,ET040911
ET040911888034,Shunko,ET040911
ET040911888024,Suri,ET040911
ET040912888008,Abdi Gudina,ET040912
ET040912888030,Barihamo,ET040912
ET040912888011,Burka Albuda,ET040912
ET040912301001,Degaga,ET040912
ET040912888012,Dibala,ET040912
ET040912201001,Dingate,ET040912
ET040912888010,Dingate Badiya,ET040912
ET040912888028,Eela_odaa,ET040912
ET040912888014,Gerbi,ET040912
ET040912888029,Gigiya,ET040912
ET040912888016,Gobensa,ET040912
ET040912888025,Homacho Daayyo,ET040912
ET040912888034,Homacho Eebbaa,ET040912
ET040912888022,Homacho Gola Bubaa,ET040912
ET040912888026,Homacho Riyaana,ET040912
ET040912888024,Homacho Soogiddoo,ET040912
ET040912888009,Hula Kuni,ET040912
ET040912888032,Ija_waachuu,ET040912
ET040912888033,Kaasee,ET040912
ET040912888027,Kokoriftu,ET040912
ET040912101001,Kuni,ET040912
ET040912888006,Kuni Sakariya,ET040912
ET040912888002,Lega Lafto Madara,ET040912
ET040912888035,Meta Dhab Wachu Dima,ET040912
ET040912888031,Metadhaab Dirree Saddeeta,ET040912
ET040912888015,Oda Dima,ET040912
ET040912888007,Rukele Agamti,ET040912
ET040912888013,Rukele Harabafano,ET040912
ET040912888017,Rukele Kuyubo,ET040912
ET040912888018,Sire Gudo,ET040912
ET040912888019,Sire Kelo Gato,ET040912
ET040912888023,Sire Qallo Haro Tate,ET040912
ET040912888003,Sorooro,ET040912
ET040912888001,Wal-argi,ET040912
ET040912888021,Wal_taanee,ET040912
ET040912888020,Waleenso Hidha Diimaa,ET040912
ET040912888004,Walenso Deefo,ET040912
ET040912888005,Walenso Hara Bafano,ET040912
ET040913888003,Arba Hore,ET040913
ET040913888017,Arberekete,ET040913
ET040913888034,Baka Bilu,ET040913
ET040913101001,Baka Kubi,ET040913
ET040913888035,Bareda Sebaka,ET040913
ET040913888018,Chiro Kela,ET040913
ET040913888012,Fugnan Dimo,ET040913
ET040913888028,Galma Chafe,ET040913
ET040913888009,Gara Negus 1,ET040913
ET040913888010,Gara Negus 2,ET040913
ET040913888011,Gara Negus 3,ET040913
ET040913888027,Hara,ET040913
ET040913888024,Ijafara,ET040913
ET040913888033,Kara Gudina,ET040913
ET040913888030,Lalo Gudo,ET040913
ET040913888023,Logo Bachesa,ET040913
ET040913888029,Machawa,ET040913
ET040913888020,Medhicho 3,ET040913
ET040913888002,Medhicho 9,ET040913
ET040913888019,Nejabas,ET040913
ET040913888026,Rabsu,ET040913
ET040913888032,Saro,ET040913
ET040913888021,Shek Adem,ET040913
ET040913888008,Shola,ET040913
ET040913888025,Teyfe,ET040913
ET040913888004,Wachu Bosoka,ET040913
ET040913888005,Wachu Eltoke,ET040913
ET040913888014,Wachu Giley,ET040913
ET040913888013,Wachu Hormata,ET040913
ET040913888007,Wachu Ifabas,ET040913
ET040913888016,Wachu Limay,ET040913
ET040913888006,Wachu Waltane,ET040913
ET040913888015,Wedetti,ET040913
ET040913888001,Yabdo Bobasa,ET040913
ET040913888031,Yabdo Gojola,ET040913
ET040913888022,Yabdo Shembako,ET040913
ET040914101001,Bedesa 01,ET040914
ET040914101002,Bedesa 02,ET040914
ET040914101005,Bedesa Guda ketema kebele,ET040914
ET040914101007,Burka Misoma,ET040914
ET040914101008,Jawis ketema kebele,ET040914
ET040914101006,Kolu ketema kebele,ET040914
ET040914101009,Midhegdu ketema kebele,ET040914
ET040914101003,Oda Baso ketema kebele,ET040914
ET040914101004,Oda Biyo,ET040914
ET040916888007,Bate,ET040915
ET040916888025,Bilika,ET040915
ET040916888022,Burka Gudina,ET040915
ET040916888026,Chopi,ET040915
ET040916888029,Daro Buna,ET040915
ET040916888031,Daro Gudo,ET040915
ET040916888004,Dureti,ET040915
ET040916888027,Fedis,ET040915
ET040916888021,Gada Hara,ET040915
ET040916888018,Gara Dima,ET040915
ET040916888013,Gurati,ET040915
ET040916888005,Halo Goba,ET040915
ET040916888020,Hara Mada,ET040915
ET040916888017,Haro Duga,ET040915
ET040916888008,Haro Oba,ET040915
ET040916888011,Haro Ture,ET040915
ET040916888002,Ibsa,ET040915
ET040916888009,Ido Gelma,ET040915
ET040916888028,Kebenawa,ET040915
ET040916888023,Kombolcha,ET040915
ET040916888001,Korke,ET040915
ET040916888015,Mersu Chiro,ET040915
ET040916888016,Mersu Mesala,ET040915
ET040916888010,Miyo,ET040915
ET040916888012,Oda Kela,ET040915
ET040916888014,Rimeti,ET040915
ET040916101001,Rimeti 01,ET040915
ET040916888003,Tao,ET040915
ET040916888006,Torban,ET040915
ET040916888030,Wachu,ET040915
ET040916888024,Walensu,ET040915
ET040916888019,Wanchabe,ET040915
ET040918101001,Chafe Haraya Ketema,ET040918
ET040918101008,Galam Jaju ketema,ET040918
ET040918101009,Korti ketema,ET040918
ET040918101004,Machara 01,ET040918
ET040918101002,Machara 02,ET040918
ET040918101006,Mecheta 01,ET040918
ET040918101005,Meta Gudesa  Ketema,ET040918
ET040918101007,Oda Laku Ketema,ET040918
ET040918101003,Oda Lalaba ketema,ET040918
ET040919101002,Gelemso 01,ET040919
ET040919101001,Gelemso 02,ET040919
ET040919101005,Gerbi Goba Ketema,ET040919
ET040919101003,Lugo Ketema,ET040919
ET040919101004,Malka Balo,ET040919
ET040920101001,Hirna 01,ET040920
ET040920101002,Hirna 02,ET040920
ET040920101006,Kirakufis,ET040920
ET040920101005,Lubudekeb,ET040920
ET040920101004,Oda Negeya,ET040920
ET040920101003,Reketafura,ET040920
ET040915888011,Adele,ET040991
ET040915888020,Agamti,ET040991
ET040915888002,Anano,ET040991
ET040915888026,Balo,ET040991
ET040915101001,Borededa,ET040991
ET040915888014,Bure Areba,ET040991
ET040915888023,Burka Anani,ET040991
ET040915888018,Burqa Barkale,ET040991
ET040915888004,Chitu Kora,ET040991
ET040915888001,Dire Qalu,ET040991
ET040915888021,Eltoke,ET040991
ET040915888003,Fugnan Ajo,ET040991
ET040915888016,Goda Chale,ET040991
ET040915888022,Gololcha,ET040991
ET040915888024,Gumbi,ET040991
ET040915888008,Hargiti,ET040991
ET040915888010,Hayu,ET040991
ET040915888017,Ifa Bahe,ET040991
ET040915888009,Kinteri,ET040991
ET040915201001,Kora,ET040991
ET040915888019,Kurkuraya,ET040991
ET040915888007,Laga Arba,ET040991
ET040915888015,Obensa,ET040991
ET040915888025,Sama,ET040991
ET040915888006,Sebaka,ET040991
ET040915888005,Sebula,ET040991
ET040915888027,Sirba,ET040991
ET040915888012,Sirba Unkuer,ET040991
ET040915888013,Tadacha Guracha,ET040991
ET040917888010,Abdi Gudina,ET040998
ET040917888001,Annuba,ET040998
ET040917888013,Biftu Oromiya,ET040998
ET040917888014,Bokke Waqo,ET040998
ET040917888022,Burka Odda,ET040998
ET040917888018,Burka Ramis,ET040998
ET040917888020,Burka Wabbe,ET040998
ET040917888012,Chefe Dakara,ET040998
ET040917888011,Dhadhacha Inna,ET040998
ET040917888021,Dimtu Bereda,ET040998
ET040917888016,Gutayu,ET040998
ET040917888019,Harro Gurati,ET040998
ET040917888009,Jajabba Robba,ET040998
ET040917888003,Kurfa Badiyya,ET040998
ET040917888004,Kurfa Galma,ET040998
ET040917888006,Kurfa Odda,ET040998
ET040917888005,Kurfa Rokka,ET040998
ET040917888008,Mataa Biyaa,ET040998
ET040917888002,Meta Arba,ET040998
ET040917888015,Odda Qalla,ET040998
ET040917888017,Radda Dibicha,ET040998
ET040917888007,Rukeyesa Iffa,ET040998
ET040917101001,Teyfie 01,ET040998
ET040917888023,Waldaa,ET040998
ET041024101001,1,ET041000
ET041024101002,2,ET041000
ET041001101001,1,ET041001
ET041001101002,2,ET041001
ET041001888016,Beke,ET041001
ET041001888008,Bilisuma,ET041001
ET041001888005,Burka Negeya,ET041001
ET041001888010,Burkadin,ET041001
ET041001888006,Egu,ET041001
ET041001888003,Hunde Bilisuma,ET041001
ET041001888004,Iftuha,ET041001
ET041001888019,Ijegina,ET041001
ET041001888009,Kekeli,ET041001
ET041001888007,Kerensa,ET041001
ET041001888002,Legehama,ET041001
ET041001888017,Samte,ET041001
ET041001888018,Semergel,ET041001
ET041001888001,Serkema,ET041001
ET041001888012,Sibilu,ET041001
ET041001888014,Tatesa,ET041001
ET041001888013,Tula,ET041001
ET041001888015,Wedesa,ET041001
ET041001888011,Weltehalemeni,ET041001
ET041001201001,Were Mehamed,ET041001
ET041002101001,1,ET041002
ET041002888017,Afe Gug,ET041002
ET041002888007,Ahimed Diro,ET041002
ET041002201001,Ahimed Imam,ET041002
ET041002888014,Aman,ET041002
ET041002888011,Bedassa,ET041002
ET041002888004,Biftu Mite,ET041002
ET041002888012,Burka Misoma,ET041002
ET041002888002,Burka Mite,ET041002
ET041002888010,Chala,ET041002
ET041002888005,Debelo Kaba,ET041002
ET041002888006,Debelo Kiba,ET041002
ET041002888016,Gara Abdula,ET041002
ET041002888008,Gidaya Beha,ET041002
ET041002888009,Gidaya Lita,ET041002
ET041002888019,Ifa Jalela,ET041002
ET041002888015,Lafin Fedo,ET041002
ET041002888018,Melka Jebdu,ET041002
ET041002888001,Mulata,ET041002
ET041002888003,Oda Muda,ET041002
ET041002888013,Weltehi,ET041002
ET041003101001,1,ET041003
ET041003101002,2,ET041003
ET041003101003,3,ET041003
ET041003888031,Abadir,ET041003
ET041003888013,Abubeker Sadik Santela,ET041003
ET041003888014,Abubeker Sedik Onay,ET041003
ET041003888023,Awbare,ET041003
ET041003888029,Awdal,ET041003
ET041003888005,Barite,ET041003
ET041003888011,Bilisuma,ET041003
ET041003888019,Biyo Negeya,ET041003
ET041003888017,Buna,ET041003
ET041003888018,Dayferes,ET041003
ET041003201001,Fugnan Ujuba 01,ET041003
ET041003888020,Gafra Guda,ET041003
ET041003888032,Gara Wedaja,ET041003
ET041003888001,Goba,ET041003
ET041003888022,Goro Siyo,ET041003
ET041003888003,Haka,ET041003
ET041003888016,Harashi,ET041003
ET041003888004,Hariro,ET041003
ET041003888033,Haro Bate,ET041003
ET041003888027,Hawa Santela,ET041003
ET041003888030,Ibsa,ET041003
ET041003888025,Ilalemi,ET041003
ET041003888007,Jalale,ET041003
ET041003888034,Kasa Oromia,ET041003
ET041003888015,Kebso,ET041003
ET041003888008,Madaro,ET041003
ET041003888010,Misra,ET041003
ET041003888002,Miyawa,ET041003
ET041003888024,Muyedin,ET041003
ET041003888006,Nagaya,ET041003
ET041003888026,Nurselam,ET041003
ET041003888021,Oda Nagaya,ET041003
ET041003888028,Oda Oromia,ET041003
ET041003888012,Oda Santela,ET041003
ET041003888009,Saka Badi,ET041003
ET041004888002,Abdibuchi,ET041004
ET041004888015,Abdulkadir,ET041004
ET041004888017,Awu Sherif,ET041004
ET041004888014,Berkele,ET041004
ET041004888003,Bishan Babile,ET041004
ET041004201001,Bisidimo,ET041004
ET041004888021,Derrer Arba,ET041004
ET041004888005,Errer Guda,ET041004
ET041004888013,Errer Ibada,ET041004
ET041004888001,Gambela,ET041004
ET041004888019,Gemechu,ET041004
ET041004888012,Ibada Gemechu,ET041004
ET041004888006,Ifa,ET041004
ET041004888009,Ifadin,ET041004
ET041004888018,Lekole,ET041004
ET041004888010,Nejata,ET041004
ET041004888011,Rahmeta Selama,ET041004
ET041004888007,Shek Abdi,ET041004
ET041004888016,Shek Hussen,ET041004
ET041004888004,Tofik,ET041004
ET041004888008,Tula,ET041004
ET041004888020,Tulu Horo,ET041004
ET041005101001,1,ET041005
ET041005888008,Agudora,ET041005
ET041005888019,Anneni,ET041005
ET041005888018,Bedatu,ET041005
ET041005888007,Belina Arba,ET041005
ET041005888017,Bereda,ET041005
ET041005888013,Bidi Bora,ET041005
ET041005888011,Din Haka,ET041005
ET041005201001,Fechatu,ET041005
ET041005888001,Ido Baso,ET041005
ET041005888006,Iftu,ET041005
ET041005888005,Kerensa Lencha,ET041005
ET041005888016,Kerre,ET041005
ET041005888015,Kuffa Bobasa,ET041005
ET041005888002,Melka,ET041005
ET041005888012,Muleta,ET041005
ET041005888004,Negeya Umerkule,ET041005
ET041005888014,Negya Bobassa,ET041005
ET041005888009,Riski,ET041005
ET041005888010,Tuta Kenisa,ET041005
ET041005888003,Umerkule,ET041005
ET041006101001,Adele 01,ET041006
ET041006888015,Adele Welteha,ET041006
ET041006888030,Adu Bate,ET041006
ET041006888003,Amuma,ET041006
ET041006888026,Awmera,ET041006
ET041006888005,Becheke,ET041006
ET041006888001,Biftu Geda,ET041006
ET041006888010,Damota,ET041006
ET041006888018,Dire Kebso,ET041006
ET041006888011,Fendisha Lencha,ET041006
ET041006888007,Finkile,ET041006
ET041006888019,Gobe Chala,ET041006
ET041006888028,Gobele Kirite,ET041006
ET041006888014,Gobie Selama,ET041006
ET041006888031,Haka Fila,ET041006
ET041006888012,Haqa,ET041006
ET041006888016,Haroadi,ET041006
ET041006888033,Ido Belina,ET041006
ET041006888013,Ifa Bate,ET041006
ET041006888009,Ifa Oromiya,ET041006
ET041006888004,Kerensa Dereba,ET041006
ET041006888024,Kero Deda,ET041006
ET041006888029,Kero Terkanfi,ET041006
ET041006888025,Kersa Geteta,ET041006
ET041006888027,Kersa Kejima,ET041006
ET041006888017,Korke,ET041006
ET041006888002,Kuro,ET041006
ET041006888020,Medebelina,ET041006
ET041006888022,Melkagemchu,ET041006
ET041006888021,Negaya,ET041006
ET041006888032,Qerinsa Sherif Kalid,ET041006
ET041006201001,Sherif Kalide,ET041006
ET041006888006,Tinike,ET041006
ET041006888008,Tuji Gabissa,ET041006
ET041006888023,Ugaz Lencha,ET041006
ET041007101001,1,ET041007
ET041007888015,Adu Bate,ET041007
ET041007888017,Afran Kelo,ET041007
ET041007888014,Alemdurom,ET041007
ET041007888010,Arele Guda,ET041007
ET041007888009,Arele Tika,ET041007
ET041007888013,Bili Balina,ET041007
ET041007888012,Chafe Anani,ET041007
ET041007201001,Dawe,ET041007
ET041007888001,Dekeba,ET041007
ET041007888002,Dermeshek,ET041007
ET041007888018,Dire Gudina,ET041007
ET041007888005,Goro Gerbi,ET041007
ET041007888003,Gudina Muleta,ET041007
ET041007888007,Hula Jeneta,ET041007
ET041007888016,Ija Kechu,ET041007
ET041007888004,Jiru Belina,ET041007
ET041007888011,Jiru Gemechu,ET041007
ET041007888008,Orde,ET041007
ET041007888006,Rasa Jeneta,ET041007
ET041008888008,Adele Keke,ET041008
ET041008888019,Awumera,ET041008
ET041008888033,Baha Kosum,ET041008
ET041008888011,Bala Lange,ET041008
ET041008888014,Balina,ET041008
ET041008888031,Bereka,ET041008
ET041008888016,Bululo Negeya,ET041008
ET041008888025,Burak Jenata,ET041008
ET041008888022,Burka Jalela,ET041008
ET041008888028,Burka Water,ET041008
ET041008888007,Dangago,ET041008
ET041008888032,Dolu Ifa,ET041008
ET041008888020,Dolu Selama,ET041008
ET041008888004,Gale Mirga,ET041008
ET041008888035,Gola Balina,ET041008
ET041008888018,Gola Muda,ET041008
ET041008888006,Gola Wachu,ET041008
ET041008888026,Gola Walensu,ET041008
ET041008888030,Handura Kosum,ET041008
ET041008888009,Haro Arba,ET041008
ET041008888013,Ifa Jalela,ET041008
ET041008888010,Imaro Sodu,ET041008
ET041008888024,Jaba Water,ET041008
ET041008201001,Kersa,ET041008
ET041008888001,Kufanzik,ET041008
ET041008101001,Lange,ET041008
ET041008888034,Lencha Wajira,ET041008
ET041008888023,Mada Oda,ET041008
ET041008888005,Mata Koma,ET041008
ET041008888015,Oda Negeya,ET041008
ET041008888027,Rahamata,ET041008
ET041008888017,Sodu,ET041008
ET041008888029,Tola,ET041008
ET041008888021,Waltaha Bilisuma,ET041008
ET041008301001,Weter,ET041008
ET041008888003,Wichiro,ET041008
ET041008888012,Yabeta Lencha,ET041008
ET041008888002,Yabeta Selama,ET041008
ET041009888019,Bakalcha Oromiya,ET041009
ET041009888026,Bekeye Kuxer_1,ET041009
ET041009888027,Bekeye Kuxer_2,ET041009
ET041009888035,Berrenni,ET041009
ET041009888033,Biftu Ganama,ET041009
ET041009888013,Biftu Odda,ET041009
ET041009888020,Burka Jalala Kuxer,ET041009
ET041009888038,Chafe Ramisi,ET041009
ET041009888018,Chalanko Lolla,ET041009
ET041009101001,Chalanko_01,ET041009
ET041009101002,Chalanko_02,ET041009
ET041009888014,Dhoke Kuxer_1,ET041009
ET041009888015,Dhoke Kuxer_2,ET041009
ET041009888017,Dursitu Bilisuma,ET041009
ET041009888030,Duyda Ella,ET041009
ET041009888028,Ellabiro,ET041009
ET041009888001,Falmatu Sabba,ET041009
ET041009888009,Gamachu Duse,ET041009
ET041009888024,Gedera,ET041009
ET041009888011,Hallayo,ET041009
ET041009888010,Haqabas,ET041009
ET041009888032,Harrow Kuxer_1,ET041009
ET041009888037,Harrow Kuxer_2,ET041009
ET041009888006,Hawii Bilisumaa,ET041009
ET041009888003,Hidhatu Sabba,ET041009
ET041009888016,Ifa Jalala,ET041009
ET041009888008,Ifaa Biftu,ET041009
ET041009888023,Ittisa Qollo,ET041009
ET041009201001,Kulubi,ET041009
ET041009888029,Laleftu,ET041009
ET041009888022,Muddi Lenchaa,ET041009
ET041009888036,Odda Chafe,ET041009
ET041009888039,Odda Walta,ET041009
ET041009888007,Salama,ET041009
ET041009888005,Waldagamachu,ET041009
ET041009888025,Walenso Kuxer_1,ET041009
ET041009888031,Walenso Kuxer_2,ET041009
ET041009888034,Waligalte Balina,ET041009
ET041009888002,Waliqabdu Sabba,ET041009
ET041009888004,Waltha,ET041009
ET041009888012,Wayber,ET041009
ET041009888021,Yakka Gorro Biyoor,ET041009
ET041019888002,Angur,ET041010
ET041019888003,Burka Gemechu,ET041010
ET041019888004,Burka Jalala,ET041010
ET041019888005,Chefa Aneni,ET041010
ET041019888014,Dado,ET041010
ET041019888008,Goro Kutir 1,ET041010
ET041019888012,Goro Kutir 2,ET041010
ET041019101001,Goro Muti,ET041010
ET041019888011,Haranfama Utuba,ET041010
ET041019888006,Horo,ET041010
ET041019888001,Ire Tokuma,ET041010
ET041019888009,Kura Oda Galena,ET041010
ET041019888007,Utuba Muti,ET041010
ET041019888010,Wachu Gey,ET041010
ET041019888013,Waltha Jalala,ET041010
ET041011888024,Abaye,ET041011
ET041011888034,Bishan Adi,ET041011
ET041011888012,Biyo Negeya,ET041011
ET041011888001,Burka Bereka,ET041011
ET041011888009,Burka Geba,ET041011
ET041011888027,Burka Jalela,ET041011
ET041011888036,Burka Negeya,ET041011
ET041011888035,Cella Negeya,ET041011
ET041011888003,Chefe Gurmu,ET041011
ET041011888002,Cheka Gemechu,ET041011
ET041011888037,Cheka Meyre Jalela,ET041011
ET041011888021,Dire Welteha,ET041011
ET041011888011,Geba Gudina,ET041011
ET041011888028,Gogowisa,ET041011
ET041011888016,Golu,ET041011
ET041011888013,Hake Bas,ET041011
ET041011888029,Harenfemekuni,ET041011
ET041011888014,Haro Migna,ET041011
ET041011888025,Hufe,ET041011
ET041011888030,Ife Bas,ET041011
ET041011888026,Jirme,ET041011
ET041011301001,Kara Mekela,ET041011
ET041011888015,Kebso Tekuma,ET041011
ET041011101001,Kobo,ET041011
ET041011888022,Kura Deder,ET041011
ET041011888006,Lele Kufa,ET041011
ET041011888031,Lemen Welteha,ET041011
ET041011888010,Medde Jalela,ET041011
ET041011888033,Mixo,ET041011
ET041011888023,Mumicha,ET041011
ET041011888017,Nano Jalela,ET041011
ET041011888019,Nedigelansedi,ET041011
ET041011888005,Obi Kutir_1,ET041011
ET041011888004,Obi Kutir_2,ET041011
ET041011888007,Oda Kebena,ET041011
ET041011201001,Soka,ET041011
ET041011888032,Urji Jalela,ET041011
ET041011888008,Welteha Geba,ET041011
ET041011888018,Welteha Gudina,ET041011
ET041011888020,Yatu,ET041011
ET041012401001,Bereda,ET041012
ET041012888013,Biftu Negeya,ET041012
ET041012888001,Biftu Oromiya,ET041012
ET041012888011,Boko Jalela,ET041012
ET041012888004,Burka Negeya,ET041012
ET041012888003,Chefe Jeneta,ET041012
ET041012888010,Chefe Welteha,ET041012
ET041012888007,Daba Kenisa,ET041012
ET041012888015,Dega Belo,ET041012
ET041012888014,Dhoble,ET041012
ET041012888017,Dire Kufa,ET041012
ET041012888019,Fre Kabso,ET041012
ET041012888006,Fule Negeya,ET041012
ET041012888021,Haka Mulis,ET041012
ET041012101001,Harewacha,ET041012
ET041012301001,Harow,ET041012
ET041012888016,Ifa Bas,ET041012
ET041012201001,Jaja,ET041012
ET041012888002,Kufa Kas,ET041012
ET041012888012,Mekenisa,ET041012
ET041012888008,Mulisa Haka,ET041012
ET041012888022,Tokuma Bilisuma,ET041012
ET041012888009,Tokuma Jalela,ET041012
ET041012888018,Tokuma Kane,ET041012
ET041012888005,Welda Misoma,ET041012
ET041012888020,Welkituma Bilisuma,ET041012
ET041013101001,1,ET041013
ET041013888026,Asheko Deneba,ET041013
ET041013888004,Balchek Kela,ET041013
ET041013888018,Bereket,ET041013
ET041013888015,Biyo Ramis,ET041013
ET041013888035,Bortolo,ET041013
ET041013888033,Bureka Bedaso,ET041013
ET041013888039,Burka Negaya,ET041013
ET041013888012,Chefe Belina,ET041013
ET041013888007,Dada Furda,ET041013
ET041013888021,Dechatu Mojo,ET041013
ET041013888028,Dertu Ramis,ET041013
ET041013888017,Dirota Ramis,ET041013
ET041013888024,Dodota Mojo,ET041013
ET041013888019,Enchini,ET041013
ET041013201001,Furda,ET041013
ET041013888040,Genemi,ET041013
ET041013888023,Gobaharo,ET041013
ET041013888016,Gololicha,ET041013
ET041013888003,Goro Wado,ET041013
ET041013888036,Haredeneba,ET041013
ET041013888006,Harewa Balina,ET041013
ET041013888022,Hariro Gulty,ET041013
ET041013888034,Haro Kersa,ET041013
ET041013888027,Hindesa,ET041013
ET041013888001,Ija Biya,ET041013
ET041013888029,Ije Buna,ET041013
ET041013888030,Illili Derartu,ET041013
ET041013888038,Jiru Belena,ET041013
ET041013888025,Kere Ifa,ET041013
ET041013888011,Lencha,ET041013
ET041013888020,Mada Negaya,ET041013
ET041013888014,Mangudo Ramis,ET041013
ET041013888013,Meta Ramis,ET041013
ET041013888010,Mojo Hamid,ET041013
ET041013888032,Oda Bishan,ET041013
ET041013888002,Rare Jeneta,ET041013
ET041013888009,Rasa Jeneta,ET041013
ET041013888008,Tirtiro Mangudo,ET041013
ET041013888037,Toretora Guda,ET041013
ET041013888031,Tortora Kela,ET041013
ET041013888005,Weldiya Ramis,ET041013
ET041014101001,1,ET041014
ET041014888007,Barzala,ET041014
ET041014888009,Bilisuma,ET041014
ET041014888004,Biyo Weraba,ET041014
ET041014888013,Didimtu Kaliya,ET041014
ET041014888014,Ibro Musa,ET041014
ET041014888015,Jido Geri,ET041014
ET041014888001,Kerensa,ET041014
ET041014888010,Kufa,ET041014
ET041014888017,Lege Ture,ET041014
ET041014888006,Lencha,ET041014
ET041014888003,Mudi Bali,ET041014
ET041014888011,Mudi Tola,ET041014
ET041014888016,Mukura,ET041014
ET041014888012,Negeya Midhega,ET041014
ET041014888008,Roba,ET041014
ET041014888018,Selama,ET041014
ET041014888002,Terkanfeta,ET041014
ET041014888005,Urji,ET041014
ET041015101001,1,ET041015
ET041015101002,2,ET041015
ET041015101003,3,ET041015
ET041015888005,Amola,ET041015
ET041015888037,Arbe Eid,ET041015
ET041015888014,Badu Elemo,ET041015
ET041015888035,Belega,ET041015
ET041015888019,Bifitu Ware,ET041015
ET041015888038,Biyo Gebabdu,ET041015
ET041015888021,Chachale,ET041015
ET041015888032,Chirile,ET041015
ET041015888026,Dag Dare,ET041015
ET041015888001,Dawe Eresa,ET041015
ET041015888025,Dembesle,ET041015
ET041015888030,Gela,ET041015
ET041015888010,Gola Wacu,ET041015
ET041015888017,Golemayu,ET041015
ET041015888018,Gololecha,ET041015
ET041015888028,Gudu Gurez,ET041015
ET041015888007,Kalaroga,ET041015
ET041015888006,Kaliga,ET041015
ET041015888040,Kalmale,ET041015
ET041015888029,Keraru,ET041015
ET041015888012,Kobo Bika,ET041015
ET041015888015,Kocher,ET041015
ET041015888002,Kora Dawe,ET041015
ET041015888016,Lugo,ET041015
ET041015888036,Mekanisa Hasen Eybo,ET041015
ET041015888034,Mekanisa Oromo,ET041015
ET041015888024,Merer,ET041015
ET041015888023,Mesno,ET041015
ET041015888027,Migira,ET041015
ET041015888003,Mudhi Dawe,ET041015
ET041015888008,Mulisa Egu,ET041015
ET041015888009,Mulisa Guda,ET041015
ET041015888042,Orda,ET041015
ET041015888044,Orda 1,ET041015
ET041015888043,Orda 3,ET041015
ET041015888004,Sarte,ET041015
ET041015888020,Tiro Gudo,ET041015
ET041015888031,Tiro Sentere,ET041015
ET041015888033,Turkelo,ET041015
ET041015888013,Ulan Ula,ET041015
ET041015888039,Wachu,ET041015
ET041015888041,Wachu 1,ET041015
ET041015888011,Walensu,ET041015
ET041015888022,Yug Yug,ET041015
ET041016101001,1,ET041016
ET041016888041,Areb Lija,ET041016
ET041016888024,Badu Mera Lalesa,ET041016
ET041016888026,Biftu,ET041016
ET041016888002,Birbirsa,ET041016
ET041016888022,Burka Gudina,ET041016
ET041016888007,Burka Jeneta,ET041016
ET041016888045,Chefe Jeneta,ET041016
ET041016888033,Chulul Jiru Balina,ET041016
ET041016888030,Ciracha 03,ET041016
ET041016888021,Dire Gamachu,ET041016
ET041016201001,Dogu,ET041016
ET041016888036,Doroba 03,ET041016
ET041016888031,Dursitu,ET041016
ET041016888013,Ejersa Tobota,ET041016
ET041016888008,Gefera Burka,ET041016
ET041016888010,Gefre Kenchera,ET041016
ET041016888009,Goro Jalela,ET041016
ET041016888032,Haqabas,ET041016
ET041016888006,Hula Jeneta,ET041016
ET041016888044,Iffa Bate,ET041016
ET041016888012,Jiru Gamachu,ET041016
ET041016888035,Kara Horda,ET041016
ET041016888025,Kufa,ET041016
ET041016888028,Kufakas,ET041016
ET041016888011,Kurfa Biyo,ET041016
ET041016888019,Lafto Ela Tatesa,ET041016
ET041016888015,Lafto Harawa,ET041016
ET041016888016,Lafto Somolo,ET041016
ET041016888004,Lencha,ET041016
ET041016888029,Mada Jalala,ET041016
ET041016888043,Megertu,ET041016
ET041016888014,Mera Gudina,ET041016
ET041016888001,Meta Mojo,ET041016
ET041016888038,Milkawa,ET041016
ET041016888034,Mojo Baladi,ET041016
ET041016888017,Mojo Laga Oda,ET041016
ET041016888003,Mojo Sade,ET041016
ET041016888018,Mojo Tosmo,ET041016
ET041016888040,Mudena Jiru Belina,ET041016
ET041016888023,Oda Janata,ET041016
ET041016888005,Rasa Jeneta,ET041016
ET041016888027,Rasa Negeya,ET041016
ET041016888039,Tokuma Hire,ET041016
ET041016888037,Tokuma Jalela,ET041016
ET041016888042,Tuta Jeneta,ET041016
ET041016888020,Wajin Jiregna,ET041016
ET041017101001,1,ET041017
ET041017888013,Bereda Lencha,ET041017
ET041017888001,Biftu Negeya,ET041017
ET041017888015,Chopi Degaga,ET041017
ET041017888016,Chopi Miyawa,ET041017
ET041017888006,Dima Jeneta,ET041017
ET041017888009,Dima Misra,ET041017
ET041017888017,Gara Gafa,ET041017
ET041017888007,Golo Negeya,ET041017
ET041017888008,Goro Abu,ET041017
ET041017888010,Jeben,ET041017
ET041017888014,Jido Misra,ET041017
ET041017888012,Mojo Hargeti,ET041017
ET041017888011,Satewa Kenisa,ET041017
ET041017888005,Tirtira 03,ET041017
ET041017888002,Tirtiro 02,ET041017
ET041017888003,Tirtiro Deneba,ET041017
ET041017888004,Tulamino,ET041017
ET041018101001,1,ET041018
ET041018888005,Alula,ET041018
ET041018888009,Biko,ET041018
ET041018888010,Burka Jenta,ET041018
ET041018888015,Chelo,ET041018
ET041018888006,Chira,ET041018
ET041018888002,Fintabas,ET041018
ET041018888008,Gabibda,ET041018
ET041018888004,Golo Sodoma,ET041018
ET041018888003,Goro Nagaya,ET041018
ET041018888007,Guguf,ET041018
ET041018888014,Harerga,ET041018
ET041018888001,Ifabas,ET041018
ET041018888013,Jido Misra,ET041018
ET041018888012,Mojo Waldiya,ET041018
ET041018888011,Muluke,ET041018
ET041020101001,1,ET041020
ET041020101002,2,ET041020
ET041020101003,Bate 03,ET041020
ET041021101001,1,ET041021
ET041021101002,2,ET041021
ET041021101003,3,ET041021
ET041010888013,Biftu Diremu,ET041089
ET041010888007,Bika,ET041089
ET041010888008,Bilu Nejata,ET041089
ET041010888024,Burka Ela,ET041089
ET041010888006,Burka Gurati,ET041089
ET041010888026,Burka Tokuma,ET041089
ET041010888016,Cafe Aneni,ET041089
ET041010888020,Erer Mede Hin Cine,ET041089
ET041010888018,Gorogutu,ET041089
ET041010888025,Harkonca Deda,ET041089
ET041010888015,Hora Weligela,ET041089
ET041010888010,Ido Jalela,ET041089
ET041010888027,Ifa Daba,ET041089
ET041010888009,Ifa Jalela,ET041089
ET041010888002,Jiru Ifa,ET041089
ET041010888021,Kobo Weltaha,ET041089
ET041010888017,Lafto Mede Telila,ET041089
ET041010888023,Medisa Jalela,ET041089
ET041010888022,Medisa Weltaha,ET041089
ET041010888019,Mekenisa Weltaha,ET041089
ET041010888004,Nedi,ET041089
ET041010888001,Sepalo,ET041089
ET041010888005,Tesso,ET041089
ET041010888003,Welta Donkole,ET041089
ET041010888028,Werji Jalela,ET041089
ET041010888011,Yeka Aman,ET041089
ET041010888012,Yeka Jalela,ET041089
ET041010888014,Yeka Umema Tokuma,ET041089
ET041010201001,Zeroand,ET041089
ET041010101001,Zeroaned,ET041089
ET041023101002,Deddermeremiyabet,ET041097
ET041023101001,Zero And,ET041097
ET041022888006,Burka Negeha,ET041098
ET041022888005,Jajo,ET041098
ET041022888001,Kara Balchi,ET041098
ET041022888004,Kumbi Goha,ET041098
ET041022101001,Mino,ET041098
ET041022888007,Roqa,ET041098
ET041022888003,Sela,ET041098
ET041022888002,Urgo,ET041098
ET041101101001,Agerfa Ketema,ET041101
ET041101888011,Ali Geter Kebele,ET041101
ET041101201001,Ali Ketema,ET041101
ET041101888005,Allochefo,ET041101
ET041101888010,Amalama,ET041101
ET041101888007,Ambentu Geter Kebele,ET041101
ET041101301001,Ambentu Ketema,ET041101
ET041101888015,Darra Honsho,ET041101
ET041101888012,Elabidu,ET041101
ET041101888016,Galama Hebano,ET041101
ET041101888006,Harrogoda,ET041101
ET041101888019,Hatiba Shawiso,ET041101
ET041101888002,Hebano Weyra,ET041101
ET041101888014,Kaso Manso,ET041101
ET041101888013,Kaso Warra,ET041101
ET041101888001,Makala,ET041101
ET041101888017,Makona Chefo,ET041101
ET041101888018,Makona Farejo,ET041101
ET041101888003,Oda Nagelle,ET041101
ET041101888009,Shaneka,ET041101
ET041101888004,Wabe Seada,ET041101
ET041101888008,Waltaiwagerge,ET041101
ET041102888009,Abrogn Shinbita,ET041102
ET041102888014,Abu Kemidi,ET041102
ET041102888008,Awcheche Birbisa,ET041102
ET041102888005,Awsencho Meselemide,ET041102
ET041102888015,Balo Amigna,ET041102
ET041102888010,Balo Mededa,ET041102
ET041102888016,Beneba Guranda,ET041102
ET041102888017,Chifaro,ET041102
ET041102888004,Dembel Amogisa,ET041102
ET041102201001,Dembel Ketema,ET041102
ET041102101001,Gasera Ketema,ET041102
ET041102888013,Homa Abu Guri,ET041102
ET041102888003,Ilu Kershia,ET041102
ET041102888021,Iteyo,ET041102
ET041102888002,Koloba Seada,ET041102
ET041102888001,Koloba Surara,ET041102
ET041102888007,Melka Oli Gadi,ET041102
ET041102888006,Nake,ET041102
ET041102301001,Salu Ketema,ET041102
ET041102888020,Shalal,ET041102
ET041102888012,Wate,ET041102
ET041102888018,Yabsana Wario,ET041102
ET041102888019,Yabsana Wele,ET041102
ET041102888011,Zefata,ET041102
ET041103888004,Alage,ET041103
ET041103101001,Alamgana,ET041103
ET041103888016,Basaso,ET041103
ET041103888013,Basimanna,ET041103
ET041103888011,Gamora,ET041103
ET041103888006,Hamida,ET041103
ET041103888007,Hasanbarera,ET041103
ET041103888018,Hawsho,ET041103
ET041103888008,Hisu,ET041103
ET041103888019,Hora Boka,ET041103
ET041103888003,Ilu Sanbitu,ET041103
ET041103888002,Kabira Temo Islemana,ET041103
ET041103888020,Kaso Shekmera,ET041103
ET041103888017,Nano Robe,ET041103
ET041103888014,Oborra,ET041103
ET041103201001,Salka,ET041103
ET041103888012,Salka Oda,ET041103
ET041103888015,Shallo,ET041103
ET041103888005,Shawade,ET041103
ET041103888009,Walta E Weyib,ET041103
ET041103888010,Waltae Arjo,ET041103
ET041103888001,Waltae Barisa,ET041103
ET041104888005,Abakara,ET041104
ET041104888008,Ayida,ET041104
ET041104101001,Dinsho 01,ET041104
ET041104888004,Dinsho 02,ET041104
ET041104888001,Gerenba Dima,ET041104
ET041104888003,Gofingira,ET041104
ET041104888009,Gojera,ET041104
ET041104888006,Homa,ET041104
ET041104888002,Hora Soba,ET041104
ET041104888007,Mi'o,ET041104
ET041105888013,Adaba Gefecha,ET041105
ET041105888005,Aloshe Tilo,ET041105
ET041105888007,Ashuta,ET041105
ET041105888001,Azira,ET041105
ET041105888004,Fasil Angeso,ET041105
ET041105888011,Ilasa,ET041105
ET041105888003,Ititu Sura,ET041105
ET041105888015,Rira,ET041105
ET041105888014,Shedem,ET041105
ET041105888010,Wajitu,ET041105
ET041105888012,Waltai Kubsa,ET041105
ET041105888008,Wecho Mishirge,ET041105
ET041105888006,Weltai Magida,ET041105
ET041105888002,Weltai Tosha,ET041105
ET041105888009,Weltai Wecho,ET041105
ET041106888004,Bale Anole,ET041106
ET041106888005,Bale Gadula,ET041106
ET041106888021,Bili Akiya,ET041106
ET041106888012,Chefemana,ET041106
ET041106888018,Dadimos Bidik,ET041106
ET041106888013,Deyu Abergeda,ET041106
ET041106888006,Elani Sogido,ET041106
ET041106888022,Eltoke Aneni,ET041106
ET041106888017,Fenkel,ET041106
ET041106888020,Gere Negeya,ET041106
ET041106888002,Glincho,ET041106
ET041106101002,Goro 01 Kebele,ET041106
ET041106888008,Goro Raya,ET041106
ET041106888025,Gulbaduma Bole,ET041106
ET041106888007,Keku,ET041106
ET041106201001,Meliyu Burka,ET041106
ET041106301003,Melka Buta,ET041106
ET041106888009,Melka Buta Geter,ET041106
ET041106888001,Rayitu Mammedo,ET041106
ET041106888023,Reo Negeya,ET041106
ET041106888024,Reo Sade,ET041106
ET041106888026,Wayu Hora,ET041106
ET041106888011,Weltai Gobu,ET041106
ET041106888010,Weltai Mana,ET041106
ET041106888019,Weltei Chefa,ET041106
ET041106888016,Weltei Kejelo,ET041106
ET041106888003,Weltei Negeya,ET041106
ET041106888015,Weltei Seyida,ET041106
ET041106888014,Woleshe Eltoke,ET041106
ET041107888004,Alashana,ET041107
ET041107888006,Awuchache,ET041107
ET041107888011,Ejeru,ET041107
ET041107888005,Funale Kosi,ET041107
ET041107888014,Habirona,ET041107
ET041107888015,Hokoltu,ET041107
ET041107888007,Ingoye Ilani,ET041107
ET041107888009,Jibo Awaye,ET041107
ET041107888003,Jibosamo,ET041107
ET041107888013,Jibri Geter,ET041107
ET041107201001,Jibri Ketema,ET041107
ET041107888002,Raitu Geter,ET041107
ET041107101001,Rayitu Ketema,ET041107
ET041107888001,Sado Warke,ET041107
ET041107888008,Shabo Raxabo,ET041107
ET041107888012,Yadi,ET041107
ET041107888010,Yubdo Sare,ET041107
ET041108888002,Awash Qolatii,ET041108
ET041108888015,Burkituu,ET041108
ET041108888003,Gabee Qeeqoo,ET041108
ET041108888009,Gadulaa,ET041108
ET041108888010,Galimaa Dibee,ET041108
ET041108888007,Goraa Badimanaa,ET041108
ET041108888006,Goraa Bantuu,ET041108
ET041108888005,Goraa Idoo,ET041108
ET041108888016,Goro Buricho,ET041108
ET041108888012,Hamibala,ET041108
ET041108201001,Harawa Anole,ET041108
ET041108101001,Haro Dumal,ET041108
ET041108888004,Haro Nanoo,ET041108
ET041108888008,Leedii Ceekataa,ET041108
ET041108888013,Metii Qondaala,ET041108
ET041108888011,Sirmaa,ET041108
ET041108888001,Walitah Barbaree,ET041108
ET041108888014,Walitahi Daresaa,ET041108
ET041109888010,Barak,ET041109
ET041109888001,Bobiya,ET041109
ET041109888007,Burkitu,ET041109
ET041109888014,Chere,ET041109
ET041109888003,Dayu Geter,ET041109
ET041109201001,Deyu Ketema,ET041109
ET041109888013,Gomgoma,ET041109
ET041109888009,Haya Oda,ET041109
ET041109888006,Irba,ET041109
ET041109888004,Kale Golba,ET041109
ET041109301001,Melka Amana,ET041109
ET041109888012,Melka Amana Geter,ET041109
ET041109101001,Mena 01,ET041109
ET041109101002,Mena 02,ET041109
ET041109888011,Naniga Dhera,ET041109
ET041109888002,Oda Dima,ET041109
ET041109888008,Wabaro,ET041109
ET041109888005,Waltahi Gudina,ET041109
ET041110101001,Angetu,ET041110
ET041110888006,Anole,ET041110
ET041110888007,Bekaye,ET041110
ET041110888001,Buluk,ET041110
ET041110888011,Garbi Galo,ET041110
ET041110888002,Hawo,ET041110
ET041110888009,Hero,ET041110
ET041110888003,Kumbi,ET041110
ET041110888012,Makana Gobele,ET041110
ET041110201001,Malka Arba,ET041110
ET041110888013,Malka Arba,ET041110
ET041110888005,Shawe,ET041110
ET041110888008,Sodu Lalafto,ET041110
ET041110888004,Sodu Welmel,ET041110
ET041110888010,Sorbira,ET041110
ET041112101001,Mirab Goba,ET041112
ET041112101002,Misrak Goba,ET041112
ET041213888003,Baha,ET041207
ET041213201001,Boku,ET041207
ET041213888002,Boku Badiya,ET041207
ET041213888016,Cari Liche,ET041207
ET041213888015,Cari Xurura,ET041207
ET041213888010,Dekecha,ET041207
ET041213888014,Dokesu,ET041207
ET041213888008,Dukale,ET041207
ET041213888007,Girinco,ET041207
ET041213888006,Gombisa,ET041207
ET041213888013,Gomo Goda Loni,ET041207
ET041213888005,Hidha Babo,ET041207
ET041213101001,Hidi Lola,ET041207
ET041213888009,Kuro Qanxala,ET041207
ET041213888001,Melbana,ET041207
ET041213888011,Mexi,ET041207
ET041213888004,Miyo Arda Jila,ET041207
ET041213888012,Teso,ET041207
ET041211888009,Did Jarsa,ET041210
ET041211888005,Did Mega,ET041210
ET041211888006,Fulo Romso,ET041210
ET041211888001,Gololcha,ET041210
ET041211888008,Haralo,ET041210
ET041211888004,Hodod Samaro,ET041210
ET041211888002,Madacho,ET041210
ET041211888010,Magado,ET041210
ET041211101001,Mega 01,ET041210
ET041211888007,Romso,ET041210
ET041211888003,Soda,ET041210
ET041204888008,Arbale,ET041211
ET041204888006,Cherete,ET041211
ET041204101001,Dilo 01,ET041211
ET041204888004,Dilo Badiya,ET041211
ET041204888005,Goray,ET041211
ET041204888001,Hobok,ET041211
ET041204888009,Kadhim,ET041211
ET041204888003,Kenchero,ET041211
ET041204888002,Liso,ET041211
ET041204888007,Magole,ET041211
ET041212888010,Bila,ET041212
ET041212888012,Bule Denbi,ET041212
ET041212888013,Bule Korma,ET041212
ET041212888002,Darge Daba,ET041212
ET041212888017,Dibe Gaya,ET041212
ET041212888016,Elkune,ET041212
ET041212888005,Fulo Tole,ET041212
ET041212888015,Gandhile,ET041212
ET041212888008,Hadho Nagale,ET041212
ET041212888007,Hatuse,ET041212
ET041212888019,Hoboki,ET041212
ET041212888006,Ibsa,ET041212
ET041212888009,Jirersa,ET041212
ET041212888004,Kelo,ET041212
ET041212888003,Kulcha,ET041212
ET041212201001,Kulcha 01,ET041212
ET041212888018,Marmaro,ET041212
ET041212888014,Mekkanisa,ET041212
ET041212101001,Milami,ET041212
ET041212888011,Milami,ET041212
ET041212888001,Wayu Wando,ET041212
ET041210888011,Abunu,ET041216
ET041210888006,Arbore,ET041216
ET041210888001,Bildim,ET041216
ET041210888004,Buya,ET041216
ET041210888002,Deka Baru,ET041216
ET041210888013,Dembela Saden,ET041216
ET041210888005,Dese Gora,ET041216
ET041210888010,Haro Bake,ET041216
ET041210888003,Kela Kufa,ET041216
ET041210888012,Sele,ET041216
ET041210101001,Surupa,ET041216
ET041210888007,Surupa Badiya,ET041216
ET041210888009,Tula Wayu,ET041216
ET041210888008,Tulu Kobo,ET041216
ET041203888012,Anole,ET041219
ET041203888003,Arbala,ET041219
ET041203888009,Bokosa,ET041219
ET041203888002,Dokole,ET041219
ET041203101001,Dubluk,ET041219
ET041203888010,Fule Bika,ET041219
ET041203888004,Gale,ET041219
ET041203888001,Gobso,ET041219
ET041203888006,Goro Dada,ET041219
ET041203888011,Igo,ET041219
ET041203888008,Jigesa,ET041219
ET041203888005,Kersa Denbi,ET041219
ET041203888007,Lafto,ET041219
ET041207888001,Areri,ET041223
ET041207888003,Colkasa,ET041223
ET041207888005,Dareto,ET041223
ET041207888002,Dhadim,ET041223
ET041207888004,Dida Yabalo,ET041223
ET041207888011,Dikale,ET041223
ET041207888006,Gagna,ET041223
ET041207101001,Haro Bake,ET041223
ET041207888010,Harweyu,ET041223
ET041207888008,Obda,ET041223
ET041207888009,Utalo,ET041223
ET041207888007,Yubdo,ET041223
ET041209888015,Argane,ET041290
ET041209888004,Bede,ET041290
ET041209888002,Bokola,ET041290
ET041209888003,Buladi,ET041290
ET041209888008,Chamuk,ET041290
ET041209888013,Dambi,ET041290
ET041209888012,Harbale,ET041290
ET041209888006,Laga Sure,ET041290
ET041209888009,Mada Migo,ET041290
ET041209888001,Mado,ET041290
ET041209888007,Malabi,ET041290
ET041209888014,Mudhi Ambo,ET041290
ET041209888010,Qabanawa,ET041290
ET041209888011,Shawa Bari,ET041290
ET041209101001,Tuka Town,ET041290
ET041209888005,Xile Mado,ET041290
ET041205888012,Alo Taka,ET041291
ET041205888007,Arkeke,ET041291
ET041205888004,Danbala Amesa,ET041291
ET041205888002,Erder,ET041291
ET041205101001,Guchi,ET041291
ET041205888008,Guchi Badiya,ET041291
ET041205888006,Kala,ET041291
ET041205888001,Kalkalcha,ET041291
ET041205888003,Korma Ilu,ET041291
ET041205888011,Liboma,ET041291
ET041205888010,Saden,ET041291
ET041205888009,Saden Gofa,ET041291
ET041205888005,Ulaga,ET041291
ET041205888013,Wadamo Dodota,ET041291
ET041206101002,Yabelo 01,ET041295
ET041206101001,Yabelo 02,ET041295
ET041214888002,Cheri Rufay,ET041296
ET041214888003,Dhedhertu,ET041296
ET041214101001,El Waye 01,ET041296
ET041214888005,El Waye Golba,ET041296
ET041214888006,Hade Galchat,ET041296
ET041214888004,Hidi Alle,ET041296
ET041214888008,Orbate,ET041296
ET041214888001,Sabba,ET041296
ET041214888007,Sarite,ET041296
ET041301888018,Abadho Hole,ET041301
ET041301888030,Abuye Jabilali,ET041301
ET041301888015,Ajamo Kura,ET041301
ET041301888010,Ajo Baha,ET041301
ET041301888011,Ajo Gidu,ET041301
ET041301888012,Ajo Lita,ET041301
ET041301888028,Ali Babo,ET041301
ET041301888034,Aliye Gombore,ET041301
ET041301888019,Arbe Saden Kura,ET041301
ET041301888027,Aroji Ejersa Nadhi,ET041301
ET041301888026,Ashute Telgo Gambela,ET041301
ET041301888023,Bareda Chilalo Hudada_10,ET041301
ET041301888021,Baro Muri Yaha,ET041301
ET041301888016,Bere Tirtira,ET041301
ET041301888005,Bero Salen,ET041301
ET041301888033,Chahakase,ET041301
ET041301301001,Dalidak,ET041301
ET041301888006,Dhankaka Odo Baru,ET041301
ET041301888008,Dire Aroji,ET041301
ET041301888032,Eteya Jefti,ET041301
ET041301101001,Gindo01,ET041301
ET041301101002,Gindo_02,ET041301
ET041301888036,Gudura Hudad 2 Ena 3,ET041301
ET041301888004,Gulti Bola,ET041301
ET041301888009,Gute Iteya,ET041301
ET041301888014,Jibati Kuchulo,ET041301
ET041301888017,Kaba Leku,ET041301
ET041301888001,Kechema Jiren,ET041301
ET041301888002,Kersa Kile,ET041301
ET041301888024,Kono Kulit,ET041301
ET041301201001,Kota_01,ET041301
ET041301888003,Kura Bola,ET041301
ET041301888020,Lafto Tsige,ET041301
ET041301888025,Mari Sakala Kereyu,ET041301
ET041301888013,Mugno Jila,ET041301
ET041301888029,Muko Ujuba Kota,ET041301
ET041301888022,Shonke Abuko Hudad_ 9,ET041301
ET041301888035,Tiro Ilala,ET041301
ET041301888007,Tumi Sombo Bino,ET041301
ET041301888031,Waca Ilali Ketebire Dobi,ET041301
ET041302888006,Azer Kerensa,ET041302
ET041302888020,Balbala Bulbulo,ET041302
ET041302888003,Chabo Sansalat,ET041302
ET041302101001,Chitu01,ET041302
ET041302888017,Dagoye Galeyyii,ET041302
ET041302888008,Damudagale,ET041302
ET041302888009,Dhahi Wandimtu,ET041302
ET041302888018,Dimtu Godetti,ET041302
ET041302888015,Dulele Bilecha,ET041302
ET041302888010,Dulele Kore,ET041302
ET041302888023,Echa Didibe,ET041302
ET041302888012,Fite Wato,ET041302
ET041302201001,Haro 01,ET041302
ET041302888019,Haro Beseka,ET041302
ET041302888022,Haro Kono,ET041302
ET041302888002,Haro Wonchi,ET041302
ET041302888001,Hodo Fura,ET041302
ET041302888013,Kurfo Gute,ET041302
ET041302888016,Lemanmata Hora,ET041302
ET041302888014,Maraga Abayi,ET041302
ET041302888021,Metiwalga,ET041302
ET041302888007,Shagag Gafare,ET041302
ET041302888011,Sonkole Kake,ET041302
ET041302888005,Waldo Talfam,ET041302
ET041302888004,Warabu Masi,ET041302
ET041303888001,Abado Jawe,ET041303
ET041303888027,Abado Leman,ET041303
ET041303888010,Adami Gotu,ET041303
ET041303888003,Ale Koya,ET041303
ET041303888019,Bada Kero,ET041303
ET041303888016,Badesa Koricha,ET041303
ET041303888032,Birbirsa Kentero,ET041303
ET041303888031,Bukasa Kata,ET041303
ET041303888028,Chafe Mekana,ET041303
ET041303888029,Chirecha Wanbari,ET041303
ET041303888009,Danbali Kata,ET041303
ET041303888035,Darara Ebicha,ET041303
ET041303888002,Dese Jabo,ET041303
ET041303888034,Dildila Mangura,ET041303
ET041303101001,Dilela 01,ET041303
ET041303888025,Dire Duleti,ET041303
ET041303888004,Doyo Kora,ET041303
ET041303888026,Fodu Gora,ET041303
ET041303888020,Gadu Kistana,ET041303
ET041303301001,Garbo 01,ET041303
ET041303888030,Gurura Baka,ET041303
ET041303888008,Gute Godeti,ET041303
ET041303888022,Jelisa Cheka,ET041303
ET041303888013,Karo Simala,ET041303
ET041303888023,Kono Kile,ET041303
ET041303888033,Kono Lafe Arba,ET041303
ET041303201001,Korke 01,ET041303
ET041303888018,Lemana Ayetu,ET041303
ET041303888006,Maru Babali,ET041303
ET041303888014,Maru Fake,ET041303
ET041303888015,Obi Koji,ET041303
ET041303888005,Sankale Hale Marami,ET041303
ET041303888021,Sodo Garbo,ET041303
ET041303888012,Sombo Yabata,ET041303
ET041303888007,Walu Soma,ET041303
ET041303888011,Warabu Bariyo,ET041303
ET041303888024,Waranan Magnako,ET041303
ET041303888017,Xonbe Anchabi,ET041303
ET041304888005,Balci Kencara,ET041304
ET041304888006,Bashi Kiltu,ET041304
ET041304888012,Burka Gode,ET041304
ET041304101001,Buusa 01,ET041304
ET041304888001,Dawo Karra,ET041304
ET041304888002,Dawo Sadden,ET041304
ET041304888003,Dera Elanso,ET041304
ET041304888015,Dimma Jalliwan,ET041304
ET041304888013,Dimmitu Abba,ET041304
ET041304888008,Gombesa Kusaye,ET041304
ET041304888018,Gora Rooge,ET041304
ET041304888016,Jiddu Kaa'aa,ET041304
ET041304888009,Kalacho Garbi,ET041304
ET041304888017,Kencara Alito,ET041304
ET041304201001,KERSA,ET041304
ET041304888011,Kersa Adeyi,ET041304
ET041304888014,Kersa Bombi,ET041304
ET041304888010,Maket Suntare,ET041304
ET041304888022,Nanno Gebreali,ET041304
ET041304888004,Racce Kusho,ET041304
ET041304888007,Sedare Harbu,ET041304
ET041304888019,Tajeb Gora Sakeyo,ET041304
ET041304888021,Tute Kunce,ET041304
ET041304888020,Ulmaa Buusa,ET041304
ET041305888004,Alengo Tulu,ET041305
ET041305888005,Amdo Kuncho,ET041305
ET041305201001,Asgory 01,ET041305
ET041305888006,Bantu Alito,ET041305
ET041305888009,Bili,ET041305
ET041305888008,Buti Talgo,ET041305
ET041305888007,Dugda Lugo,ET041305
ET041305888003,Jigdu Mida,ET041305
ET041305888013,Keta Asgory,ET041305
ET041305888014,Kule Gefersa,ET041305
ET041305888001,Mulo Satey,ET041305
ET041305101001,Taji 01,ET041305
ET041305888010,Tulu Mangora,ET041305
ET041305888002,Werarso Kelina,ET041305
ET041305888012,Wesarbi Basi,ET041305
ET041305888011,Weserbi Nado,ET041305
ET041307201001,Adadi 01,ET041307
ET041307888004,Adadi Mariam,ET041307
ET041307888024,Alga Galeyi,ET041307
ET041307888013,Arifata,ET041307
ET041307888005,Awash Falte,ET041307
ET041307888016,Baye Gice,ET041307
ET041307888009,Chancho Robe,ET041307
ET041307888027,Cheleba Medeni,ET041307
ET041307888025,Choba Mesido,ET041307
ET041307888023,Damota Sekekelo,ET041307
ET041307888006,Dembi Roge,ET041307
ET041307888031,Deweli Dera,ET041307
ET041307301001,Gibiso 01,ET041307
ET041307888007,Godeti Wenbera,ET041307
ET041307888001,Goro Gebriel,ET041307
ET041307888018,Gutu Urji,ET041307
ET041307888002,Harbu Wenbera,ET041307
ET041307888028,Hawa Dengego,ET041307
ET041307888029,Hawa Wayu,ET041307
ET041307888022,Ilala Saden,ET041307
ET041307888030,Ilala Wako,ET041307
ET041307888012,Kersa Werko,ET041307
ET041307888017,Kerso Mame,ET041307
ET041307888010,Kusaye Boda,ET041307
ET041307888014,Kusaye Xiro,ET041307
ET041307101002,Leman Kasoo,ET041307
ET041307101001,Melka Leman,ET041307
ET041307888015,Mezoria Golba,ET041307
ET041307888011,Muxi Alibo,ET041307
ET041307888008,Muxi Deyu,ET041307
ET041307888003,Qore Sabi,ET041307
ET041307888019,Taha Gola,ET041307
ET041307888026,Tuka Godeti,ET041307
ET041307888021,Tume Wato,ET041307
ET041307888020,Werebo Haro,ET041307
ET041308888006,Abebe Gichila Silase,ET041308
ET041308888002,Ale,ET041308
ET041308888014,Alenu Shenkora,ET041308
ET041308101001,Bantu 01,ET041308
ET041308888018,Bantu Boda,ET041308
ET041308888004,Basi Abukeku,ET041308
ET041308888005,Basi Bilida,ET041308
ET041308888011,Bilimalima,ET041308
ET041308888016,Dhokat,ET041308
ET041308888001,Dowa Bise,ET041308
ET041308888021,Gonan Bubisa,ET041308
ET041308201001,Habebe 01,ET041308
ET041308888020,Harmofa Sole,ET041308
ET041308888019,Harmufo Taji,ET041308
ET041308888007,Jawaro Kora,ET041308
ET041308888017,Koche Maryam,ET041308
ET041308888012,Kura Luku,ET041308
ET041308888010,Kursiti Aredaleka,ET041308
ET041308888023,Malimaf Tume Chirfa,ET041308
ET041308888015,Malimagolole Tamsaaha,ET041308
ET041308888024,Malimasedenbotono,ET041308
ET041308888003,Sobof Chancho,ET041308
ET041308888009,Tulu Teji,ET041308
ET041308888022,Tume Wayu,ET041308
ET041308888013,Tume Yaya,ET041308
ET041308888008,Weserbi Megeredi,ET041308
ET041309888002,Awash Bune,ET041309
ET041309888016,Babali Dabegna,ET041309
ET041309888006,Basa,ET041309
ET041309888012,Batu Ciracha,ET041309
ET041309888017,Boji Gafare,ET041309
ET041309888009,Daga Guda,ET041309
ET041309888015,Hurago Tadde,ET041309
ET041309888003,Jato,ET041309
ET041309888010,Kara Sadeka,ET041309
ET041309888013,Kata Insilale,ET041309
ET041309888008,Kobo,ET041309
ET041309888001,Lenca Keshame,ET041309
ET041309888018,Made Tufisa,ET041309
ET041309888019,Shankur Tarako,ET041309
ET041309888007,Simbiro Ciracha,ET041309
ET041309888014,Sodo Liban,ET041309
ET041309888011,Soyama,ET041309
ET041309101002,Tulubolo 01,ET041309
ET041309101001,Tulubolo 02,ET041309
ET041309888004,Wasarbi Abati,ET041309
ET041309888005,Wasarbi Gna,ET041309
ET041310301001,Aceber Cafe,ET041310
ET041310888005,Adadi Borale,ET041310
ET041310888021,Adare Kotobe,ET041310
ET041310888019,Ajooy Iska Idooy,ET041310
ET041310888009,Algawo Wesarbi,ET041310
ET041310888017,Alle Abeban,ET041310
ET041310888014,Cawa Fesawo Qetero,ET041310
ET041310888004,Ebisa Lakku Gedano,ET041310
ET041310888011,Gedano Dalote,ET041310
ET041310888015,Goda Dulla Yabeta,ET041310
ET041310101001,Harbu Cululle,ET041310
ET041310888001,Ilala Kersa,ET041310
ET041310888012,Illo,ET041310
ET041310888013,Ireso Alle Abayi,ET041310
ET041310888018,Ireso Cawa Daragot,ET041310
ET041310888003,Kegnira Labu,ET041310
ET041310888002,Legay,ET041310
ET041310888016,Molahun Sarity,ET041310
ET041310888007,Mudana Ibayu,ET041310
ET041310201001,Qeshit Kogne Jate,ET041310
ET041310888023,Qeshit Kogne Jate,ET041310
ET041310888006,Tole Balekasi,ET041310
ET041310888010,Tole Dalote,ET041310
ET041310888008,Urago Kellecha,ET041310
ET041310888020,Xonocha Wecencher,ET041310
ET041310888022,Yemaranba Weshenba,ET041310
ET041306888017,Abado Bukasa,ET041312
ET041306888014,Adami Wadesa,ET041312
ET041306888013,Bakise,ET041312
ET041306888006,Burka Bido,ET041312
ET041306888010,Canco Soyoma,ET041312
ET041306888002,Ciracha Tadira,ET041312
ET041306888009,Dambal Dildila,ET041312
ET041306888003,Dambi Kono,ET041312
ET041306888001,Didibe Abado,ET041312
ET041306888004,Dogima Dambi,ET041312
ET041306888016,Fenchir Ambabesa,ET041312
ET041306888008,Fugo Oda Mala,ET041312
ET041306888019,Galeyi Rogda,ET041312
ET041306888015,Gambela Goro,ET041312
ET041306101001,Goro 01,ET041312
ET041306201001,Gurura 01,ET041312
ET041306888005,Kentero Bido,ET041312
ET041306888011,Leman Abu,ET041312
ET041306888007,Sinano Amagna Gute,ET041312
ET041306888012,Sololiya Kore Abote,ET041312
ET041306888018,Wayu,ET041312
ET041311888005,Badu Sombo,ET041314
ET041311888016,Becaki,ET041314
ET041311888015,Burkuke Robale,ET041314
ET041311888012,Ceka,ET041314
ET041311888013,Gagno Golam,ET041314
ET041311888014,Gala Molicha,ET041314
ET041311888003,Gara Gatesa,ET041314
ET041311888011,Gatira Sotal,ET041314
ET041311888009,Guye,ET041314
ET041311888007,Haro Oma,ET041314
ET041311888001,Haya Weradi,ET041314
ET041311888004,Langano,ET041314
ET041311888010,Meja Qimxa,ET041314
ET041311888018,Merami Sire,ET041314
ET041311888017,Qacama Dawe,ET041314
ET041311888006,Saden Mucucata,ET041314
ET041311101001,Tare 01,ET041314
ET041311888002,Tare Shino,ET041314
ET041311888008,Weni Odo Leka,ET041314
ET041401888001,Bali Bore,ET041401
ET041401888029,Danse Mormora,ET041401
ET041401888018,Dida Hora Burqa,ET041401
ET041401888016,Dida Hora Hadha Raro,ET041401
ET041401888003,Gadio Gurratu,ET041401
ET041401888004,Gadio Siko,ET041401
ET041401888026,Gomoro Kola,ET041401
ET041401888015,Goro Dimtu,ET041401
ET041401401001,Haro Wachu_01,ET041401
ET041401401002,Haro Wachu_02,ET041401
ET041401201001,Harsu,ET041401
ET041401888021,Harsu Haro Muda,ET041401
ET041401888008,Harsu Sala,ET041401
ET041401888011,Harsu Wakilo,ET041401
ET041401888022,Hawata Harsu Hanqu,ET041401
ET041401101001,Kooba,ET041401
ET041401888006,Laco Torka,ET041401
ET041401888010,Layo Teraga,ET041401
ET041401888005,Majo Nensebo,ET041401
ET041401888007,Raro Boda,ET041401
ET041401301001,Raro Nensebo,ET041401
ET041401888009,Sala Gajaba,ET041401
ET041401888002,Sankole Kalato,ET041401
ET041401888014,Sonkole Hora,ET041401
ET041401501001,Suke Burka,ET041401
ET041401888020,Suke Kudhansa,ET041401
ET041401888023,Suke Werketa,ET041401
ET041401888013,Tabe Haro Wacu,ET041401
ET041401888030,Tarbe Guduba,ET041401
ET041401888028,Tobitu Tuta,ET041401
ET041401888024,Xabe Burka,ET041401
ET041401888019,Xabe Haro Wato,ET041401
ET041401888012,Xabe Malge,ET041401
ET041401888017,Yabitu Haro Labattu,ET041401
ET041401888025,Yabitu Koba,ET041401
ET041401888027,Yabitu Tome,ET041401
ET041402888014,Abayi Kutere,ET041402
ET041402888012,Ano Qernsa,ET041402
ET041402888026,Ano Watie,ET041402
ET041402101001,Bore 01,ET041402
ET041402101002,Bore 02,ET041402
ET041402888013,Bore Bidika,ET041402
ET041402888011,Dabo Gongoma,ET041402
ET041402888001,Dara Orone,ET041402
ET041402888003,Dara Tibiro,ET041402
ET041402888023,Eshdo Aleyyo,ET041402
ET041402888021,Furfursa Kalecha,ET041402
ET041402888004,Gerbicho Guticha,ET041402
ET041402888019,Gonbiso Debisa,ET041402
ET041402888010,Gutu Reji,ET041402
ET041402888007,Haro Milki,ET041402
ET041402888006,Higete,ET041402
ET041402888002,Injiro Deyaso,ET041402
ET041402888020,Kara Qebeno,ET041402
ET041402888005,Keya Tula,ET041402
ET041402888027,Komolcha Watie,ET041402
ET041402888022,Litu Goda,ET041402
ET041402888018,Muri Murato,ET041402
ET041402201001,Qorecha,ET041402
ET041402888008,Songo Baricha,ET041402
ET041402888017,Suke Lafto,ET041402
ET041402888025,Suta Gindisa,ET041402
ET041402888030,Tatisa Deneba,ET041402
ET041402888029,Tatisa Hanchule,ET041402
ET041402888031,Tatisa Qorcha,ET041402
ET041402888028,Turo Midide,ET041402
ET041402888024,Wate Borate,ET041402
ET041402888016,Watiko Rasa,ET041402
ET041402888015,Watiko Shuna,ET041402
ET041402888009,Welena Jarota,ET041402
ET041403888018,Abulorukessa,ET041403
ET041403888017,Abuloudotu,ET041403
ET041403888022,Admadiba,ET041403
ET041403888012,Anfarara,ET041403
ET041403101001,Anfarara 01,ET041403
ET041403888005,Bechara,ET041403
ET041403888003,Biloya,ET041403
ET041403888024,Bilu,ET041403
ET041403888021,Bokebulala,ET041403
ET041403888002,Chambe,ET041403
ET041403888019,Dande,ET041403
ET041403888008,Dedelechana,ET041403
ET041403888014,Derartu,ET041403
ET041403888007,Dilalessa,ET041403
ET041403888013,Dole,ET041403
ET041403888027,Dugdagoromsa,ET041403
ET041403888020,Erbora,ET041403
ET041403888023,Gobicha,ET041403
ET041403888025,Gunacho,ET041403
ET041403888015,Kiltu Sorsa,ET041403
ET041403888004,Kola,ET041403
ET041403888010,Maleka Tibiro,ET041403
ET041403301001,Meleka 01,ET041403
ET041403888016,Melka Shali,ET041403
ET041403888011,Mesina,ET041403
ET041403888001,Michicha,ET041403
ET041403888006,Odabuta,ET041403
ET041403201001,Odo Uraga,ET041403
ET041403888026,Orone,ET041403
ET041403888009,Sakaro,ET041403
ET041403888028,Tiro,ET041403
ET041404888004,Borama Galeso,ET041404
ET041404888019,Bulala Korcha,ET041404
ET041404888018,Burka Waba,ET041404
ET041404888014,Calo Segida,ET041404
ET041404888008,Denisa Hursiti,ET041404
ET041404888005,Derba Hida Dima,ET041404
ET041404888013,Gadamso Hida,ET041404
ET041404888006,Handoya Hanchoka,ET041404
ET041404888007,Handoya Haro,ET041404
ET041404888011,Handoya Kino,ET041404
ET041404888012,Heba Hida,ET041404
ET041404888002,Kune Anono,ET041404
ET041404888003,Kune Koromi,ET041404
ET041404888001,Kuni Ula Ulo,ET041404
ET041404888017,Sokora Gerbi,ET041404
ET041404888009,Sokora Harte,ET041404
ET041404888010,Sokora Jide,ET041404
ET041404888016,Sokora Legu,ET041404
ET041404888015,Tulem,ET041404
ET041404101001,Wadara town,ET041404
ET041405888006,Ale Tuta,ET041405
ET041405888010,Alona,ET041405
ET041405888008,Banti Korbo,ET041405
ET041405888011,"Bobe,a Uke",ET041405
ET041405888001,Denbi Udo,ET041405
ET041405888020,Didola,ET041405
ET041405888018,Eba Beti,ET041405
ET041405888012,Gale Dega,ET041405
ET041405888013,Gale Denbi,ET041405
ET041405888003,Hangadhi,ET041405
ET041405888005,Jirmtiti,ET041405
ET041405888019,Korba,ET041405
ET041405888014,Korcha,ET041405
ET041405888015,Megado Badya,ET041405
ET041405888017,Reje,ET041405
ET041405888016,Seba Gudba,ET041405
ET041405888009,Sewana,ET041405
ET041405888002,Suke Quto,ET041405
ET041405888004,Tero Badiya,ET041405
ET041405101001,Tero Ketema_01,ET041405
ET041405888007,Welebo,ET041405
ET041408888006,Anfele Chelale,ET041408
ET041408101001,Anfile,ET041408
ET041408888009,Anole Arda Bela,ET041408
ET041408888010,Anole Dugda Dara,ET041408
ET041408888011,Anole Sodu,ET041408
ET041408888017,Belo Kedida,ET041408
ET041408888016,Borsa Dokata,ET041408
ET041408888003,Dugo Guticha,ET041408
ET041408888013,Gadio Lusha,ET041408
ET041408888015,Gagama Dgo,ET041408
ET041408888014,Gagama Golja,ET041408
ET041408888005,Hada Gurati,ET041408
ET041408888001,Hanku Chabi,ET041408
ET041408201001,Haro Haru,ET041408
ET041408888019,Ilalicha Haru,ET041408
ET041408888018,Kedo Dimtu,ET041408
ET041408888002,Kufi Dama,ET041408
ET041408888007,Licho Multity,ET041408
ET041408888012,Sikicha Sorgo,ET041408
ET041408888008,Turo Tuta,ET041408
ET041408888004,Uraga Guchi,ET041408
ET041410888016,Arbo Jigesa,ET041410
ET041410888002,Bar Melka Aleti,ET041410
ET041410888006,Bilu Tibro,ET041410
ET041410888003,Dhadhatu Muja,ET041410
ET041410888007,Dida Guda,ET041410
ET041410888013,Genale Korcha,ET041410
ET041410888012,Gewisa,ET041410
ET041410888017,Gura Hirboro,ET041410
ET041410888005,Gura Korke,ET041410
ET041410888004,Gura Mojo,ET041410
ET041410888018,Gurabankata,ET041410
ET041410888008,Haranfama Dhebisa,ET041410
ET041410888014,Haranfama Kalina,ET041410
ET041410101001,Harenfema,ET041410
ET041410888015,Kalina Gobu,ET041410
ET041410888011,Kebenawa Dima,ET041410
ET041410888010,Oda Kelecha,ET041410
ET041410888001,Tuta Mata,ET041410
ET041410888009,Wele Megado,ET041410
ET041415888021,Ababa Hobone,ET041411
ET041415888009,Ababa Kobo,ET041411
ET041415888020,Ababa Onkora,ET041411
ET041415888007,Anole Wadamo,ET041411
ET041415101001,Barsisa,ET041411
ET041415888017,Boltu Girisa,ET041411
ET041415888016,Bu'e Unta,ET041411
ET041415888012,Bubekorsa,ET041411
ET041415888008,Chichu Burasisa,ET041411
ET041415888010,Erba Buliyo,ET041411
ET041415888003,Gelasho Gajaba,ET041411
ET041415888019,Gidicho Chabi,ET041411
ET041415888002,Gosa Helu,ET041411
ET041415888014,Hiyo Komole,ET041411
ET041415201001,Irba Muda,ET041411
ET041415888022,Kilenso Babicho,ET041411
ET041415888015,Kochore Barsisa,ET041411
ET041415888005,Koticha Kulubi,ET041411
ET041415888004,Kuku Salato,ET041411
ET041415401001,Mea Boko,ET041411
ET041415888013,Melka Dimtu,ET041411
ET041415888025,Mie Melka Galma,ET041411
ET041415888011,Rayaboda,ET041411
ET041415301001,Robale,ET041411
ET041415888006,Robale Dabaye,ET041411
ET041415888018,Sa'e Chichu,ET041411
ET041415888024,Samahindhale,ET041411
ET041415888023,Sololokobo,ET041411
ET041415888026,Wacho Sololo,ET041411
ET041415888001,Wamashela,ET041411
ET041409888011,Daba Loko,ET041412
ET041409888015,Daka Ilalcha,ET041412
ET041409101001,Darme,ET041412
ET041409888014,Dire Saphansa,ET041412
ET041409888008,Figa Bike,ET041412
ET041409888013,Haragesa,ET041412
ET041409888016,Haro Gari,ET041412
ET041409888001,Harobora,ET041412
ET041409888010,Kenticha,ET041412
ET041409888012,Loko Hurbukesa,ET041412
ET041409888004,Lolotu,ET041412
ET041409888006,Ode Kalala,ET041412
ET041409888003,Sebalole Lemu,ET041412
ET041409888009,Sebichu,ET041412
ET041409888005,Sire Buke,ET041412
ET041409888002,Tenbo Gedemso,ET041412
ET041409888007,Utulu,ET041412
ET041406888002,Bedesa Olaulo Kebele,ET041482
ET041406888004,Bure Kero Kebele,ET041482
ET041406888001,Bure Obiti Kebele,ET041482
ET041406888006,Bureejersa Kebele,ET041482
ET041406888005,Cheketa Kojiwa Kebele,ET041482
ET041406101001,Haydima,ET041482
ET041406888003,Meda Sodu Kebele,ET041482
ET041413888018,Bekeka Gogogo,ET041490
ET041413888009,Bochesa Dango,ET041490
ET041413888003,Bura Jaro,ET041490
ET041413888013,Burkitu Marmara,ET041490
ET041413888010,Elale Dango,ET041490
ET041413888005,Gora Borawa,ET041490
ET041413888001,Haro Gutu,ET041490
ET041413888007,Harsu Mermara,ET041490
ET041413888012,Homocho Dogicho,ET041490
ET041413888011,Hurfa Dango,ET041490
ET041413101001,Kofele,ET041490
ET041413888015,Ogo Bagne,ET041490
ET041413201001,Sakero Lebetu,ET041490
ET041413888008,Seraji Bochesa,ET041490
ET041413888004,Udesa Mudhi,ET041490
ET041413888006,Udesa Shato,ET041490
ET041413888002,Udesa Shute,ET041490
ET041413888014,Urufa Korchisa,ET041490
ET041413888017,Wate Gogogo,ET041490
ET041413888016,Wate Musuka,ET041490
ET041412101003,Adola Wayu 01,ET041492
ET041412101002,Adola Wayu 02,ET041492
ET041412101001,Adola Wayu 03,ET041492
ET041414101001,Shakiso 01,ET041499
ET041414101002,Shakiso 02,ET041499
ET041414101003,Shakiso 03,ET041499
ET041506888031,Bardaye Chebiti,ET041501
ET041506888034,Buda Megada,ET041501
ET041506888032,Bule Kagna,ET041501
ET041506888019,Burka Ebela,ET041501
ET041506888008,Cheri Gololcha,ET041501
ET041506888001,Cheri Sepelisa,ET041501
ET041506888021,Dibisa Ogo,ET041501
ET041506888006,Dogo Bulchani,ET041501
ET041506888010,Dogo Sodu,ET041501
ET041506301001,Galesa Negeso,ET041501
ET041506888026,Galesa Negeso,ET041501
ET041506888003,Gedu Yeba Sire,ET041501
ET041506101001,Gerba 01,ET041501
ET041506101002,Gerba _02,ET041501
ET041506888011,Gerbicha Rogicha,ET041501
ET041506888013,Hartume Lema,ET041501
ET041506888005,Here Kuto,ET041501
ET041506888004,Here Lipitu,ET041501
ET041506888029,Kelaltu Sewo,ET041501
ET041506888028,Kelecha Ache,ET041501
ET041506201001,Kilenso Mokonisa,ET041501
ET041506888023,Kilenso Mokonisa,ET041501
ET041506888015,Kilenso Rasa,ET041501
ET041506888033,Kuya,ET041501
ET041506888016,Mate Lema,ET041501
ET041506888017,Mate Toma,ET041501
ET041506888030,Mirgo Korobo,ET041501
ET041506888018,Muri Turkuma,ET041501
ET041506888027,Murtu Tilisa,ET041501
ET041506888002,Oda Loga,ET041501
ET041506888007,Oda Muda,ET041501
ET041506888020,Ogo Dembi,ET041501
ET041506888035,Ropi Megada,ET041501
ET041506888014,Rusa Hanku,ET041501
ET041506888012,Sakicha,ET041501
ET041506888024,Sareji Ela Bedesa,ET041501
ET041506888022,Sareji Habude Medana,ET041501
ET041506888025,Sorile Wachu,ET041501
ET041506888009,Tome Meti,ET041501
ET041505888022,Badesa Fugnankawa,ET041502
ET041505201001,Badessa Fugnankawa 01,ET041502
ET041505888003,Banko Baya,ET041502
ET041505888010,Banko Guduba,ET041502
ET041505888009,Banko Michicha,ET041502
ET041505888008,Bilida Bukisa,ET041502
ET041505888007,Bilida Kojowa,ET041502
ET041505301001,Bilida Kojowa 01,ET041502
ET041505888006,Bilida Saba,ET041502
ET041505888017,Chiga Kebicha,ET041502
ET041505401001,Ela Farda 01,ET041502
ET041505888016,Elafarda,ET041502
ET041505888018,Galesa Burka,ET041502
ET041505888019,Galesa Dibisa,ET041502
ET041505888023,Galesa Soke,ET041502
ET041505888020,Goro Mie,ET041502
ET041505501001,Gurachu 01,ET041502
ET041505888014,Gurachu Jaldo,ET041502
ET041505888013,Hebo Molicha,ET041502
ET041505888021,Hegu Abayi,ET041502
ET041505888012,Karcha Inshe,ET041502
ET041505101001,Kercha 01,ET041502
ET041505101002,Kercha 02,ET041502
ET041505888015,Layo Kuni,ET041502
ET041505888001,Lemi Irba,ET041502
ET041505888011,Lemi Karcha,ET041502
ET041505888005,Sare Saba,ET041502
ET041505888002,Suke Chiga,ET041502
ET041505888004,Tedho Tora,ET041502
ET041503888012,Benti Nenka,ET041509
ET041503888006,Buko Hurufa,ET041509
ET041503888008,Buko Sayisa,ET041509
ET041503888010,Bule Hambala,ET041509
ET041503888002,Corso Bule,ET041509
ET041503888003,Corso Golja,ET041509
ET041503888004,Corso Sodu,ET041509
ET041503888024,Dame Dabaye,ET041509
ET041503888007,Danse Sayisa,ET041509
ET041503401001,Dekibor 01,ET041509
ET041503888016,Dekibor Lebetu,ET041509
ET041503888020,Deri Bishanfugu,ET041509
ET041503888023,Deri Kidame,ET041509
ET041503101001,Deri Kidame 01,ET041509
ET041503888021,Deri Kojowa,ET041509
ET041503888025,Deri Wamena,ET041509
ET041503301001,Deri Wamena 01,ET041509
ET041503201001,Dimtu 01,ET041509
ET041503888009,Dimtu Hambala,ET041509
ET041503888013,Dimtu Tirtira,ET041509
ET041503888026,Geshe Bomitu,ET041509
ET041503888011,Goro Bedessa,ET041509
ET041503888018,Gute Sodu,ET041509
ET041503888022,Habas Tulicha,ET041509
ET041503888019,Halaka Korchana,ET041509
ET041503888005,Haro Haya,ET041509
ET041503888017,Haro Sorsa,ET041509
ET041503888001,Sike Bokoksa,ET041509
ET041503888015,Tirtira Damu,ET041509
ET041503888014,Tirtira Gayo,ET041509
ET041501301001,Biyu 01,ET041513
ET041501888018,Biyu Geter,ET041513
ET041501888020,Bochesa,ET041513
ET041501888012,Boye Chare,ET041513
ET041501201001,Bukisa 01,ET041513
ET041501888021,Bukisa Geter,ET041513
ET041501888006,Bunata,ET041513
ET041501888009,Debaka Dobobesa,ET041513
ET041501888001,Dibicha,ET041513
ET041501888022,Doko Chare,ET041513
ET041501888026,Foge,ET041513
ET041501888017,Gelo,ET041513
ET041501888002,Gololcha,ET041513
ET041501101001,Guangua 01,ET041513
ET041501888005,Guangua Geter,ET041513
ET041501888023,Hafursa Bangasa,ET041513
ET041501888025,Hafursa Waro,ET041513
ET041501888008,Hase Gola,ET041513
ET041501888007,Kalaltu,ET041513
ET041501888015,Kosoricha,ET041513
ET041501888016,Lado,ET041513
ET041501888014,Michicha,ET041513
ET041501888004,Odo Mike,ET041513
ET041501888003,Samaro,ET041513
ET041501888024,Shaara,ET041513
ET041501888011,Wodiye Kajima,ET041513
ET041501888019,Wotamba,ET041513
ET041501888013,Xokicha,ET041513
ET041501888010,Xure Kajima,ET041513
ET041508888001,Biyo Kuni,ET041515
ET041508888010,Bokko Goro Balli,ET041515
ET041508888003,Burka Arbicho,ET041515
ET041508888005,Burkitu Magada,ET041515
ET041508888011,Came Kura,ET041515
ET041508888009,Chabbit Magada,ET041515
ET041508888012,Deru Danfile,ET041515
ET041508888008,Dukisa Magada,ET041515
ET041508101002,Finchawa_01,ET041515
ET041508101001,Finchawa_02,ET041515
ET041508888002,Hema Kinsho,ET041515
ET041508888006,Jigessa Nannessa,ET041515
ET041508888004,Mokonisa Magada,ET041515
ET041508888007,Wal Gahi Medano,ET041515
ET041502888007,Adado,ET041517
ET041502888011,Barty,ET041517
ET041502888003,Bore,ET041517
ET041502888004,Chalbesa,ET041517
ET041502888005,Chekata,ET041517
ET041502888006,Dango,ET041517
ET041502888001,Ergesa,ET041517
ET041502888010,Girm,ET041517
ET041502201001,Giwe,ET041517
ET041502888008,Giwe Badiya,ET041517
ET041502888015,Karsa,ET041517
ET041502888014,Metary,ET041517
ET041502888017,Sama'lo,ET041517
ET041502888012,Shamole Oda,ET041517
ET041502888013,Shamole Shida,ET041517
ET041502101001,Tore,ET041517
ET041502888016,Tore Badiya,ET041517
ET041502888009,Wacu,ET041517
ET041502888002,Wodo Derba,ET041517
ET041509888001,Baya Gundi,ET041518
ET041509201001,Baya Gundi Katama,ET041518
ET041509888007,Burqa Degaga,ET041518
ET041509888011,Dada Oda Budhu,ET041518
ET041509888005,Daya Bicho,ET041518
ET041509888003,Daya Dimtu,ET041518
ET041509888002,Daya Dowa,ET041518
ET041509888008,Galo Bokola,ET041518
ET041509888006,Gubata Bicho,ET041518
ET041509888009,Hadha Gora,ET041518
ET041509888012,Halo Madhedha,ET041518
ET041509888010,Hida Negele,ET041518
ET041509101001,Soda 01,ET041518
ET041509888004,Soda Germama,ET041518
ET041510101001,01 Kebele,ET041587
ET041510101002,02 Kebele,ET041587
ET041510101003,03 Kebele,ET041587
ET041507888010,Barguda,ET041594
ET041507888003,Dambala Hara,ET041594
ET041507888002,Didole Hara,ET041594
ET041507888001,Gelana Mentari,ET041594
ET041507888009,Hidha Korma,ET041594
ET041507888007,Medhiba,ET041594
ET041507888004,Motokoma Hara,ET041594
ET041507888006,Sororo Melka,ET041594
ET041507101001,Suro 01,ET041594
ET041507888005,Suro Badiya,ET041594
ET041507888008,Welina Bokoksa,ET041594
ET041504888010,Adadi Kojowa,ET041596
ET041504888006,Aruse Darsa,ET041596
ET041504888007,Birbirsa Chabi,ET041596
ET041504888011,Chabicha Araba,ET041596
ET041504888003,Dambi Adama,ET041596
ET041504888001,Dambi Burka,ET041596
ET041504888002,Darsa Edera,ET041596
ET041504888005,Darsa Sake,ET041596
ET041504101001,Darsa Sake 01,ET041596
ET041504888009,Ela Dima,ET041596
ET041504201001,Ela Dima 01,ET041596
ET041504888004,Saka Udotu,ET041596
ET041504888008,Sokoricha,ET041596
ET041603888002,Amuma Bubisa Dunburi,ET041603
ET042006888027,Asendabo Alemgena,ET041603
ET042006888026,Asendabo Chora,ET041603
ET042006888022,Bido Doma,ET041603
ET042006888025,Bido Galiko,ET041603
ET042006888024,Bido Jiren,ET041603
ET042006888031,Boreta,ET041603
ET041603888003,Boro Tiro Doroba,ET041603
ET042006201001,Chara,ET041603
ET042006888009,Chara,ET041603
ET042006888004,Chitu Bosena,ET041603
ET042006888020,Chona,ET041603
ET042006888008,Choptu,ET041603
ET042006888021,Delo,ET041603
ET042006888005,Didesa,ET041603
ET042006888028,Dike Bekale,ET041603
ET042006888023,Doriya Jiren,ET041603
ET041603888007,Eka Jarso Gabeta,ET041603
ET042006888015,Emboro,ET041603
ET042006101001,Gechi,ET041603
ET042006888017,Gito,ET041603
ET042006888011,Gole Kora,ET041603
ET042006888012,Gole Maya,ET041603
ET042006888016,Gole Seka,ET041603
ET042006888006,Haro,ET041603
ET041603101001,Hoja Dure_01,ET041603
ET042006888030,Hurufa,ET041603
ET042006888032,Jisa,ET041603
ET041603201001,Kamisa_01,ET041603
ET042006888013,Kobakela,ET041603
ET042006888029,Konbolcha,ET041603
ET042006888007,Kunuso,ET041603
ET041603888008,Kura Kamale,ET041603
ET042006888003,Menisa,ET041603
ET042006888014,Mine,ET041603
ET042006888010,Mucha,ET041603
ET041603888001,Mulo Fale,ET041603
ET041603888004,Mulo Kersa,ET041603
ET041603888006,Mulo Silo,ET041603
ET041603888005,Mulo Tita,ET041603
ET042006888019,Seko,ET041603
ET042006888018,Sema Seka,ET041603
ET042006888002,Wekale,ET041603
ET042006888001,Yabelo,ET041603
ET041604888004,Achani Kelate,ET041604
ET042008888015,Adis_alem,ET041604
ET042008888005,Bilkum,ET041604
ET042008888024,Bumba,ET041604
ET041604888003,Bura Aleltu,ET041604
ET041604888005,Bura Berak,ET041604
ET041604888006,Bura Dibidibe Kike,ET041604
ET041604888007,Bura Maru Tulu Korphecha,ET041604
ET042008888016,Burqa_jalala,ET041604
ET042008888018,Busi,ET041604
ET041604888002,Chafe Kulo,ET041604
ET042008888020,Chello,ET041604
ET042008888017,Chiracha,ET041604
ET041604888011,Dabe Muda Godo,ET041604
ET042008888014,Dagaga,ET041604
ET042008888012,Damocha,ET041604
ET042008101001,Danbi_01,ET041604
ET042008888019,Dingo,ET041604
ET041604101001,Dire 01,ET041604
ET041604888009,Dire Sokoru,ET041604
ET042008888011,Garacho,ET041604
ET042008888030,Garado,ET041604
ET042008888022,Gella,ET041604
ET042008888027,Gepa,ET041604
ET042008888025,Geshe,ET041604
ET042008888008,Gibe,ET041604
ET041604888010,Girar Berak,ET041604
ET042008888023,Goro,ET041604
ET042008888010,Harbu,ET041604
ET042008888007,Haro,ET041604
ET042008888031,Isiya,ET041604
ET042008888001,Jamia,ET041604
ET041604888001,Jate Mugno,ET041604
ET042008888021,Jilo_gibe,ET041604
ET042008888003,Kemeche,ET041604
ET041604888022,Kontoba Wadesa,ET041604
ET041604888020,Kura Gida,ET041604
ET041604888012,Lege Bolo Lege Bari,ET041604
ET041604888016,Lencha Choba Bululta,ET041604
ET042008888013,Mada_misoma,ET041604
ET042008888029,Masara,ET041604
ET041604888017,Meta Guta Kombolle,ET041604
ET041604888019,Mugaro Habiru Aba Mala,ET041604
ET042008888009,Ogo,ET041604
ET041604888018,Ripha Dambel,ET041604
ET041604888021,Roge Abu,ET041604
ET042008888028,Saso,ET041604
ET042008888002,Sata,ET041604
ET042008888006,Sineso,ET041604
ET041604888015,Sire Goyo,ET041604
ET042008888026,Sobo,ET041604
ET041604888013,Walgawo,ET041604
ET041604888008,Warabi Tankole,ET041604
ET041604888014,Yeka Sedan,ET041604
ET042008201001,Yembero,ET041604
ET042008888004,Yembero,ET041604
ET042007888007,Beleka,ET041605
ET042007888020,Birkicha,ET041605
ET042007888024,Bobecho,ET041605
ET042007888010,Buko,ET041605
ET042007888002,Chewo,ET041605
ET042007888005,Chulu,ET041605
ET042007888019,Dana Teko,ET041605
ET042007888027,Delo,ET041605
ET042007888033,Deneba,ET041605
ET042007888012,Dera Siden,ET041605
ET042007888026,Gambo,ET041605
ET042007888014,Godana,ET041605
ET042007888006,Goljo,ET041605
ET042007888031,Gosu,ET041605
ET042007888032,Guba Hora,ET041605
ET042007888025,Gubito,ET041605
ET042007888001,Hate,ET041605
ET042007888011,Kaba,ET041605
ET042007888017,Kerima,ET041605
ET042007888029,Kersa Yasini,ET041605
ET042007888023,Kitewo,ET041605
ET042007888015,Kodo,ET041605
ET042007888018,Leke Siden,ET041605
ET042007888008,Markefo,ET041605
ET042007888013,Medale,ET041605
ET042007888009,Mereto,ET041605
ET042007888003,Natero,ET041605
ET042007888004,Oda Arba,ET041605
ET042007888021,Rasa,ET041605
ET042007888028,Reji,ET041605
ET041605101001,Sendafa Bake 01,ET041605
ET041605101002,Sendafa Bake 02,ET041605
ET041605101003,Sendafa Bake 03,ET041605
ET042007888016,Shunka,ET041605
ET042007888030,Somacho,ET041605
ET042007888022,Togo Getema,ET041605
ET042007101001,Yanfa,ET041605
ET041606888036,Akale,ET041606
ET041606888016,Atabala Gudisa,ET041606
ET041606888022,Awash Balo,ET041606
ET041606101001,Awash Melka,ET041606
ET041606888031,Balci Jimjima,ET041606
ET041606888008,Barga Goro,ET041606
ET042010101002,Bedelle_01,ET041606
ET042010101001,Bedelle_02,ET041606
ET041606888004,Bole,ET041606
ET041606888021,Bonde,ET041606
ET041606888018,Borof Hiro,ET041606
ET041606888028,Buro Finca,ET041606
ET041606888024,Dabal Kajima,ET041606
ET041606888019,Dabala Yohanis,ET041606
ET041606888034,Dibe Bakante,ET041606
ET041606888014,Dika Angago,ET041606
ET041606888006,Dima Magno,ET041606
ET041606888027,Dobi,ET041606
ET041606888013,Galan Guda,ET041606
ET041606888010,Geja Gadanba,ET041606
ET041606888009,Geja Kajima,ET041606
ET041606888011,Geja Migira,ET041606
ET041606888032,Geja Qoye,ET041606
ET041606888007,Gora Harkiso,ET041606
ET041606888005,Haro Jila Fulaso,ET041606
ET041606888012,Ilamu Tagab,ET041606
ET041606888001,Jamo,ET041606
ET041606888025,Kalacha Guda,ET041606
ET041606888026,Kalacha Kala,ET041606
ET041606401001,Kalech,ET041606
ET041606888017,Kontoma,ET041606
ET041606888002,Korke,ET041606
ET041606301001,Lakule Geja01,ET041606
ET041606301002,Lakule Geja02,ET041606
ET041606888003,Mogle,ET041606
ET041606888030,Mogoro Simbiro,ET041606
ET041606888015,Nano Jawe,ET041606
ET041606888020,Nano Tefki,ET041606
ET041606888035,Oda Guda,ET041606
ET041606888033,Sago Kabi,ET041606
ET041606888029,Tamse Roban Jirecha,ET041606
ET041606201001,Tefki,ET041606
ET041606888023,Wale Yeka,ET041606
ET042004888014,Adosa Baru,ET041607
ET042004101001,Dega,ET041607
ET042004888016,Dima Jila,ET041607
ET042004888003,Dima Togo,ET041607
ET042004888001,Dimma Mekko,ET041607
ET042004888015,Dukeche Kusaye,ET041607
ET042004888002,Ganji Dubena,ET041607
ET042004888009,Haro Dogi,ET041607
ET042004888010,Haro Yajjo,ET041607
ET042004888007,Homi Dabena,ET041607
ET042004888008,Homi Qarsa,ET041607
ET042004888004,Sanaga Fato,ET041607
ET042004888005,Sanaga Wucale,ET041607
ET042004888006,Senaga Harawe,ET041607
ET042004888011,Sotelo Addo,ET041607
ET042004888013,Sotelo Gawa,ET041607
ET042004888012,Sotelo Jimate,ET041607
ET042009888010,Busano-gnagno,ET041608
ET042009888007,Busano_yaro,ET041608
ET042009888004,Danbal_sope,ET041608
ET042009888006,Doro_abu,ET041608
ET042009888009,Haro_gute,ET041608
ET042009888001,Homa_calte,ET041608
ET042009888012,Homa_sariti,ET041608
ET042009888002,Kodi_gas,ET041608
ET042009101001,Makko_01,ET041608
ET042009888005,Maneti_salgan,ET041608
ET042009888008,Mucuco_canco,ET041608
ET042009888003,Unta_makko,ET041608
ET042009888011,Wato_golbe,ET041608
ET042002888036,Abalo Sota,ET041618
ET042002888017,Abu Kombolcha,ET041618
ET042002888006,Ambelta,ET041618
ET042002888002,Banshure,ET041618
ET042002888022,Bechera Obolo,ET041618
ET042002888004,Bekelcha Biftu,ET041618
ET042002888003,Bilidima Deru,ET041618
ET042002888010,Bilidima Gobecha,ET041618
ET042002888040,Boseke Dakil,ET041618
ET042002888005,Chefe Jalela,ET041618
ET042002888009,Chilalo Bilidima,ET041618
ET042002888031,Dabena Deru,ET041618
ET042002888020,Digaja,ET041618
ET042002888029,Dika Dabena,ET041618
ET042002888030,Dika Gudru,ET041618
ET042002888033,Dorena Tiba,ET041618
ET042002888024,Elke Kerero,ET041618
ET042002888037,Gima Gemeda,ET041618
ET042002888018,Gube Kaba,ET041618
ET042002888012,Haro Gefere,ET041618
ET042002888008,Haro Tatesa,ET041618
ET042002888019,Haroo Tore,ET041618
ET042002888027,Kegn Mute,ET041618
ET042002888001,Kere Lilo,ET041618
ET042002888007,Kolosiri,ET041618
ET042002888032,Lelistu,ET041618
ET042002888035,Mallo,ET041618
ET042002888013,Medale,ET041618
ET042002888016,Mentemro,ET041618
ET042002888039,Miliko Yura,ET041618
ET042002888026,Mirge Mute,ET041618
ET042002888021,Odo,ET041618
ET042002888038,Raso Yura,ET041618
ET042002888028,Secho Mickeal,ET041618
ET042002888015,Shene Badro,ET041618
ET042002888011,Shobe,ET041618
ET042002888025,Sidisa,ET041618
ET042002888034,Tiba Chebeli,ET041618
ET042002888014,Urgesa,ET041618
ET042002888041,Yaya Sota,ET041618
ET042002888023,Yebela,ET041618
ET042003888022,Beha Biftu,ET041621
ET042003888017,Biftu Ayana,ET041621
ET042003888020,Boniya,ET041621
ET042003888008,Burka Aneni,ET041621
ET042003888023,Burka Bereka,ET041621
ET042003888026,Chamen,ET041621
ET042003888012,Chefe Megertu,ET041621
ET042003201001,Chekorsa 01,ET041621
ET042003888001,Dabena,ET041621
ET042003888014,Demekisa,ET041621
ET042003888006,Dire Misoma,ET041621
ET042003888010,Dirisitu Misoma,ET041621
ET042003888018,Duki,ET041621
ET042003888024,Gebina,ET041621
ET042003888013,Haro Chewacha,ET041621
ET042003101001,Ilu Harer 01,ET041621
ET042003888007,Jegen,ET041621
ET042003888004,Jiru Belina,ET041621
ET042003888021,Keneni Jeneta,ET041621
ET042003888025,Mirigisa,ET041621
ET042003888003,Oda Kebena,ET041621
ET042003888016,Shimel Toke,ET041621
ET042003888005,Siri Guda,ET041621
ET042003888019,Terkemfeta Misoma,ET041621
ET042003888015,Tokuma Harer,ET041621
ET042003888011,Urji Oromiya,ET041621
ET042003888002,Welda Jalela,ET041621
ET042003888009,Weltasis,ET041621
ET042001888018,Ababora,ET041622
ET042001888002,Abagoro,ET041622
ET042001201001,Abdela,ET041622
ET042001888010,Aleedabaso,ET041622
ET042001888030,Aleseredo,ET041622
ET042001888031,Baja,ET041622
ET042001888011,Bejaharo,ET041622
ET042001888005,Bero Seriti,ET041622
ET042001888006,Beromure,ET041622
ET042001888017,Chga,ET041622
ET042001888028,Dabo Tobo,ET041622
ET042001888016,Dalaksa,ET041622
ET042001888007,Deboso Soro,ET041622
ET042001888029,Dilibe,ET041622
ET042001888009,Embero Bonga,ET041622
ET042001888015,Geda,ET041622
ET042001888004,Gefo Digeja,ET041622
ET042001888003,Gefokorbu,ET041622
ET042001888022,Guji,ET041622
ET042001888024,Haleluhadesa,ET041622
ET042001888027,Hawageba,ET041622
ET042001888026,Hawayamber,ET041622
ET042001888012,Humbe,ET041622
ET042001888023,Ilala,ET041622
ET042001888013,Kodo,ET041622
ET042001888008,Kuye Dabena,ET041622
ET042001101001,Qunbabee_01,ET041622
ET042001888001,Sese Dukechi,ET041622
ET042001888021,Shengela,ET041622
ET042001888014,Simbo Nego,ET041622
ET042001888025,Sololo,ET041622
ET042001888020,Tepacha,ET041622
ET042001888019,Tulu Mute,ET041622
ET042001888032,Utanone,ET041622
ET042005888014,Alife Gobicha,ET041623
ET042005888006,Ayino Gamoji,ET041623
ET042005888001,Caamman Bareda,ET041623
ET042005888002,Chora Kanebo,ET041623
ET042005888010,Dhaye,ET041623
ET042005888008,Dhidhesa,ET041623
ET042005888007,Gero Digeja,ET041623
ET042005888012,Gute Amuma,ET041623
ET042005888003,Kepho Dabana,ET041623
ET042005101001,Lalisa Kone,ET041623
ET042005888013,Lilo Sato,ET041623
ET042005888009,Loko,ET041623
ET042005888011,Temmo Dhekko,ET041623
ET042005888004,Wachale Fato,ET041623
ET042005888005,Wangare Babali,ET041623
ET041712101002,Anole,ET041700
ET041712101001,Mada Wabe,ET041700
ET041701301001,Alem Tena,ET041701
ET041701888015,Alem Tena Sirbo,ET041701
ET041701888006,Bareda Ashoka,ET041701
ET041701888003,Basa Maja,ET041701
ET041701888019,Bilacha Laman,ET041701
ET041701888008,Bitana Kubi,ET041701
ET041701888017,Bonkaya Kacacilo,ET041701
ET041701888013,Boye Awarkasa,ET041701
ET041701888002,Damina Lamina,ET041701
ET041701888018,Dongoro Bonkoya,ET041701
ET041701888025,Honogo Bonkicha,ET041701
ET041701888007,Jarti Bakula,ET041701
ET041701888022,Kala Lalima,ET041701
ET041701888005,Keta Shirkano,ET041701
ET041701888010,Kite Tesisa,ET041701
ET041701888016,Kubi Dimtu,ET041701
ET041701888021,Loka Hada,ET041701
ET041701888011,Loka Sifo,ET041701
ET041701401001,Loke,ET041701
ET041701888012,Nuna Raba,ET041701
ET041701101001,Rophi,ET041701
ET041701888001,Rophi Sints,ET041701
ET041701888009,Sanbata Lancho,ET041701
ET041701201001,Sanbate,ET041701
ET041701888024,Shasha Goike,ET041701
ET041701888026,Shelo_abore,ET041701
ET041701888027,Shelo_belela,ET041701
ET041701888028,Shelo_elancho,ET041701
ET041701888004,Sherkano Keta,ET041701
ET041701888014,Sherko Kubi,ET041701
ET041701888020,Siraro Bilacha,ET041701
ET041701888023,Torban Hansawe,ET041701
ET041702101001,Ajje,ET041702
ET041702888020,Ajje Dida,ET041702
ET041702888023,Albula Geto,ET041702
ET041702888024,Albula Lenca,ET041702
ET041702888037,Algi Rima,ET041702
ET041702888011,Anshokala Hiro,ET041702
ET041702888028,Arjo,ET041702
ET041702888030,Awara Gama,ET041702
ET041702888014,Bedena Rophi,ET041702
ET041702888029,Bekele Daya`a,ET041702
ET041702888031,Chefa Kerensa,ET041702
ET041702888003,Citicha Kuntufa,ET041702
ET041702888019,Danisa Bunge,ET041702
ET041702888015,Debula Bedena,ET041702
ET041702888027,Fande Ejersa,ET041702
ET041702888009,Galo Ilala,ET041702
ET041702888010,Harago Lemano,ET041702
ET041702888013,Kirensa Kubi,ET041702
ET041702888001,Kobo Leman,ET041702
ET041702888036,Korbeti,ET041702
ET041702888007,Labu Subuka,ET041702
ET041702888026,Lajo Kartafa,ET041702
ET041702888032,Lale,ET041702
ET041702888025,Lenca Laman,ET041702
ET041702888006,Macafara,ET041702
ET041702888004,Mutu Binsho,ET041702
ET041702888005,Ore Shibibo,ET041702
ET041702888033,Sade Guge,ET041702
ET041702888002,Sadecha Kamale,ET041702
ET041702888018,Sanbate Gobu,ET041702
ET041702201001,Sanbate Shala,ET041702
ET041702888008,Saro Mi Oftu,ET041702
ET041702888034,Shako Arsi,ET041702
ET041702888035,Sinkile Guri,ET041702
ET041702888022,Solicha Waka Bute,ET041702
ET041702888017,Sondi,ET041702
ET041702888021,Waka Bute,ET041702
ET041702888016,Wal Ilalti,ET041702
ET041702888012,Wobane Leman,ET041702
ET041702888038,Wondo Kosha,ET041702
ET041703888023,Adaba,ET041703
ET041703888034,Aga,ET041703
ET041703888001,Alge,ET041703
ET041703888012,Ali Woyo,ET041703
ET041703888027,Ashoka,ET041703
ET041703101001,Beseku Elala,ET041703
ET041703888026,Beseku Elala,ET041703
ET041703888028,Bonbaso Reji,ET041703
ET041703888005,Daka Dalu Harengema,ET041703
ET041703888004,Daka Hora Kaleho,ET041703
ET041703888030,Danshe,ET041703
ET041703201001,Dole,ET041703
ET041703888013,Edo Jigesa 13,ET041703
ET041703888016,Edo Jigesa 16,ET041703
ET041703888006,Gale Ena Kelo,ET041703
ET041703888024,Gembeltoi,ET041703
ET041703501001,Gode,ET041703
ET041703888033,Gode,ET041703
ET041703888029,Gonde Gurate,ET041703
ET041703888011,Gorbi Arba,ET041703
ET041703888014,Gorbi Darera,ET041703
ET041703888009,Gubeta Arjo,ET041703
ET041703888007,Hada Boso,ET041703
ET041703301001,Kelo,ET041703
ET041703888008,Keraru,ET041703
ET041703888019,Kersa Gera,ET041703
ET041703888020,Kersa Ilala,ET041703
ET041703888018,Kersa Meja,ET041703
ET041703401001,Lepis,ET041703
ET041703888025,Lepis,ET041703
ET041703888017,Meko Oda,ET041703
ET041703888032,Meraro Hawulo,ET041703
ET041703888031,Motera,ET041703
ET041703888002,Mudi Arjo,ET041703
ET041703888010,Rafu Hergisa.,ET041703
ET041703888022,Sayo Meja,ET041703
ET041703888003,Shala Bila,ET041703
ET041703888015,Sirba Lenda,ET041703
ET041703888021,Turge Galo,ET041703
ET041704888014,Abosa Adamogne,ET041704
ET041704888029,Achakate,ET041704
ET041704888025,Benjo Ashoka,ET041704
ET041704888028,Bonbota Haro,ET041704
ET041704888024,Boro_galama,ET041704
ET041704888021,Catimana_kerensa,ET041704
ET041704888020,Catimana_welensu,ET041704
ET041704888002,Chatimana Jangala,ET041704
ET041704888015,Dare Danisa,ET041704
ET041704888003,Germama,ET041704
ET041704888011,Guchi,ET041704
ET041704888006,Gurmicho,ET041704
ET041704888001,Hase Halke,ET041704
ET041704888010,Hulebera,ET041704
ET041704888038,Ilka Bebe,ET041704
ET041704888034,Jiru Abiyu,ET041704
ET041704888012,Kabate,ET041704
ET041704401001,Kabate 01,ET041704
ET041704101001,Kofele 01,ET041704
ET041704101002,Kofele 02,ET041704
ET041704888009,Koma Afamo,ET041704
ET041704888008,Koma Bitacha,ET041704
ET041704888004,Koma Mamo,ET041704
ET041704888007,Moke Borko,ET041704
ET041704888027,Negow Bolo,ET041704
ET041704301001,Robe Ashoka,ET041704
ET041704888017,Robe Ashoka,ET041704
ET041704888018,Samena Mudi,ET041704
ET041704888022,Tullo,ET041704
ET041704888023,Tulu Boke,ET041704
ET041704201001,Wabe Gefersa,ET041704
ET041704888019,Wamegne Abosa,ET041704
ET041704888005,Wamegne Alkaso,ET041704
ET041704888033,Wege Abiyu,ET041704
ET041704888031,Wege Abosa,ET041704
ET041704888016,Wege Bendelicho,ET041704
ET041704888032,Wege Bulchana,ET041704
ET041704888030,Wege Kanku,ET041704
ET041704888026,Wege Wolu,ET041704
ET041704888037,Woshirmina Basho,ET041704
ET041704888013,Woshirmina Burara,ET041704
ET041704888035,Woshirmina Hegana,ET041704
ET041704888036,Woshirmina Uta,ET041704
ET041705888003,Beta Wentesha,ET041705
ET041705888011,Bole Hilensa,ET041705
ET041705888019,Bulchana Huluko,ET041705
ET041705888012,Dayu,ET041705
ET041705888006,Dogeta Beseko,ET041705
ET041705888014,Eka Deyu,ET041705
ET041705888015,Gofengira Coca,ET041705
ET041705888002,Jema Sardo,ET041705
ET041705888001,Koma Sede,ET041705
ET041705101001,Kore,ET041705
ET041705888017,Lencha Ansha,ET041705
ET041705888005,Meja Yedele,ET041705
ET041705888018,Seymena Gedala,ET041705
ET041705888016,Seymena Shifa,ET041705
ET041705201001,Shire,ET041705
ET041705888008,Shire Haragesa,ET041705
ET041705888009,Shire Kombolcha,ET041705
ET041705888010,Shire Obensa,ET041705
ET041705888020,Tulu Kore,ET041705
ET041705888004,Uduga Kumbi,ET041705
ET041705888013,Waji Ibsana,ET041705
ET041705888007,Webo Kaka,ET041705
ET041706101002,01 Kebele,ET041706
ET041706101003,02 Kebele,ET041706
ET041706101001,03 Kebele,ET041706
ET041706888020,Bucho,ET041706
ET041706888003,Chofira Shashe,ET041706
ET041706888011,Dabera Bubura,ET041706
ET041706888009,Dabera Waltahi,ET041706
ET041706888001,Dalati Burqitu,ET041706
ET041706888018,Ela,ET041706
ET041706888004,Fucho Kaka,ET041706
ET041706888013,Gonosa Burqitu,ET041706
ET041706888012,Hidheti Gedera,ET041706
ET041706888007,Hinja Burqitu,ET041706
ET041706501001,Huluqo,ET041706
ET041706888002,Huluqo Ititu,ET041706
ET041706888022,Huruba Hanxo,ET041706
ET041706888023,Huruba Walqite,ET041706
ET041706888005,Ido Balo,ET041706
ET041706888006,Ido Nageya,ET041706
ET041706888010,Kakawa,ET041706
ET041706888021,Meda Batu,ET041706
ET041706201001,Nagele,ET041706
ET041706888025,Qeransa Donge,ET041706
ET041706601001,Shashe,ET041706
ET041706888008,Tamela Burqitu,ET041706
ET041706401001,Waltayi,ET041706
ET041706888024,Waqachila,ET041706
ET041706301001,Waqenxira,ET041706
ET041706888015,Waqenxira Burqitu,ET041706
ET041706888019,Waqenxira Ido,ET041706
ET041706888016,Witago Sira,ET041706
ET041706888014,Xijo Qeransa,ET041706
ET041706888017,Xijo Sema,ET041706
ET041707888016,Alantu Dubado,ET041707
ET041707888011,Aluma Shifa,ET041707
ET041707888021,Amba Hole Qanqu,ET041707
ET041707888014,Ashana Robii,ET041707
ET041707888008,Baka,ET041707
ET041707888006,Barisa,ET041707
ET041707888013,Bikika Makalitu,ET041707
ET041707888009,Bura Adele,ET041707
ET041707888020,Dama Chalko,ET041707
ET041707888004,Danaba,ET041707
ET041707888002,Edo Gateri,ET041707
ET041707101001,Edoo,ET041707
ET041707888001,Fifota Washaribi,ET041707
ET041707888022,Gafarisa Kara,ET041707
ET041707888019,Gare Serofta,ET041707
ET041707888018,Gariba Tarura,ET041707
ET041707888015,Hara Ganata,ET041707
ET041707201001,Heraro,ET041707
ET041707888010,Kata Baranda,ET041707
ET041707888017,Koro Doyo,ET041707
ET041707888023,Morke,ET041707
ET041707401001,Nagele Mexama,ET041707
ET041707888012,Ose Birole,ET041707
ET041707888003,Qachama Chare,ET041707
ET041707301001,Serofta,ET041707
ET041707888005,Tulu Aliwanso,ET041707
ET041707888007,Wabe Burkitu,ET041707
ET041708888018,Ararso,ET041708
ET041708888004,Bokore,ET041708
ET041708888007,Bore Ilka,ET041708
ET041708888011,Boro,ET041708
ET041708888010,Busa Silo,ET041708
ET041708888020,Ciqo Nagaho,ET041708
ET041708888006,Danshe,ET041708
ET041708888013,Dayu,ET041708
ET041708888019,Diki,ET041708
ET041708888005,Dula Nagaho,ET041708
ET041708888014,Garba Hurufa,ET041708
ET041708301001,Gaxa 01,ET041708
ET041708888021,Gutu,ET041708
ET041708888022,Hade Bulchana,ET041708
ET041708888003,Haro Shifa,ET041708
ET041708888002,Hebano,ET041708
ET041708201001,Hogiso 01,ET041708
ET041708888008,Hogiso Geter,ET041708
ET041708888001,Hora Sabu,ET041708
ET041708888012,Jafaro,ET041708
ET041708888017,Jida,ET041708
ET041708888015,Kawo Tullu,ET041708
ET041708101001,Kokossa 01,ET041708
ET041708888009,Omba,ET041708
ET041708888016,Wayo Kombolcha,ET041708
ET041709888011,Bedesa,ET041709
ET041709888015,Bohera Hayo,ET041709
ET041709888008,Bulga,ET041709
ET041709888019,Fecha,ET041709
ET041709888001,Gemechu,ET041709
ET041709201001,Gerembamo,ET041709
ET041709888002,Geta,ET041709
ET041709888018,Habera,ET041709
ET041709888003,Harewa Kuni,ET041709
ET041709888006,Huro Bero,ET041709
ET041709888009,Korema,ET041709
ET041709888010,Melka Dambi,ET041709
ET041709888005,Mendoyu,ET041709
ET041709888004,Nano Gerembamo,ET041709
ET041709888013,Nensebo Chebi,ET041709
ET041709888012,Nensebo Gorte,ET041709
ET041709888014,Refisa,ET041709
ET041709888017,Riripa,ET041709
ET041709888016,Roricho,ET041709
ET041709888007,Tulu Gola,ET041709
ET041709101001,Werka,ET041709
ET041710888010,Abamo,ET041710
ET041710101002,Adaba_01,ET041710
ET041710101001,Adaba_02,ET041710
ET041710888021,Bubisa,ET041710
ET041710888017,Bucha Raya,ET041710
ET041710888005,Chofira Amalama,ET041710
ET041710888016,Ejersa Chumlugo,ET041710
ET041710888003,Ellasa,ET041710
ET041710888002,Fonsho Mudda,ET041710
ET041710888013,Furuna,ET041710
ET041710888007,Gadedo Ganat,ET041710
ET041710888020,Gama Walele,ET041710
ET041710888006,Garadilo Misra,ET041710
ET041710888008,Hako Karra,ET041710
ET041710301001,Hako Ketema,ET041710
ET041710888015,Haro Hunte,ET041710
ET041710888014,Hunte Alola,ET041710
ET041710888018,Koma Waticho,ET041710
ET041710201001,Lajo Keteme,ET041710
ET041710888012,Lencha Wash,ET041710
ET041710888009,Maskel Darkina,ET041710
ET041710888022,Ose'e Tonsicho,ET041710
ET041710888004,Saka Nagele,ET041710
ET041710888001,Shaya Jibo,ET041710
ET041710888011,Sole,ET041710
ET041710888019,Wege Herena,ET041710
ET041715888035,Abaro,ET041712
ET041715888023,Aleche Harabate,ET041712
ET041715888013,Alelu Elu,ET041712
ET041715888029,Aredeno Shefa,ET041712
ET041715888025,Awasho Denku,ET041712
ET041715888022,Bulichana Deneba,ET041712
ET041715888016,Bura Borama,ET041712
ET041715888012,Bute Filiche,ET041712
ET041715888015,Chabi Dida Gnata,ET041712
ET041715888019,Chalaleka,ET041712
ET041715888006,Chefe Guta,ET041712
ET041715888001,Culule Abera,ET041712
ET041715888031,Denesa,ET041712
ET041715888034,Ebicha,ET041712
ET041715888024,Edola Burka,ET041712
ET041715888008,Faji Goba,ET041712
ET041715888005,Faji Gole,ET041712
ET041715888033,Faji Sole,ET041712
ET041715888030,Gonde Kerso,ET041712
ET041715888009,Hegugeta Kunde,ET041712
ET041715888036,Hurso Simbo,ET041712
ET041715888010,Ilela Korke,ET041712
ET041715888037,Jangala Wandare,ET041712
ET041715888004,Jelo Deda,ET041712
ET041715888026,Jigesa Korke,ET041712
ET041715888011,Kerera Felech,ET041712
ET041715888018,Kore Borjota,ET041712
ET041715888007,Kore Rogicha,ET041712
ET041715888002,Kubi Guta,ET041712
ET041715888021,Maja Dema,ET041712
ET041715888032,Merero,ET041712
ET041715888003,Obenso Jelo,ET041712
ET041715888014,Oine Chefo Umbere,ET041712
ET041715888017,Tatesa Dedesa,ET041712
ET041715888020,Toga,ET041712
ET041715888027,Turufe Wetera Elemo,ET041712
ET041715888028,Wetera Shegule,ET041712
ET041713888002,Ambo Goda Sede,ET041783
ET041713888007,Argeda Shaldo,ET041783
ET041713888006,Buku Weldaya,ET041783
ET041713888004,Dawe,ET041783
ET041713888005,Degaga,ET041783
ET041713101001,Goljota 01,ET041783
ET041713101002,Goljota 02,ET041783
ET041713888009,Kelo Tulu,ET041783
ET041713201001,Meti 01,ET041783
ET041713888003,Senbero Rogicha,ET041783
ET041713888008,Shoba Bultum,ET041783
ET041713888001,Tufa,ET041783
ET041711888009,Bacila Gigesa,ET041797
ET041711888007,Busa Badeya,ET041797
ET041711201001,Busa_01,ET041797
ET041711888006,Entaye Badeya,ET041797
ET041711101001,Entaye_01,ET041797
ET041711888008,Gina Atoye,ET041797
ET041711888004,Gotu Unama,ET041797
ET041711888003,Mado,ET041797
ET041711888005,Shasha Qaqalii,ET041797
ET041711888002,Shera Borera,ET041797
ET041711888001,Weransa,ET041797
ET041714101003,1,ET041799
ET041714101002,2,ET041799
ET041714101001,3,ET041799
ET041801888013,Ambala,ET041801
ET041801888022,Arere,ET041801
ET041801888020,Awuchokorsa,ET041801
ET041801888029,Boke,ET041801
ET041801888023,Botoso,ET041801
ET041801888006,Burqajalala,ET041801
ET041801888007,Burqatokuma,ET041801
ET041801888003,Chirobadeyi,ET041801
ET041801888028,Chirotulama,ET041801
ET041801101001,Gabarobi_01,ET041801
ET041801888021,Gabasanbatdura,ET041801
ET041801888010,Gudinawacho,ET041801
ET041801888009,Haramachara,ET041801
ET041801888012,Hawa Fincho,ET041801
ET041801888011,Hawa Moyi,ET041801
ET041801888014,Hawababo,ET041801
ET041801888008,Hibrebrihan,ET041801
ET041801888017,Ifabas,ET041801
ET041801888001,Ifajiru,ET041801
ET041801888015,Kela,ET041801
ET041801888016,Lemlem,ET041801
ET041801888031,Machara/madawalqixuma,ET041801
ET041801201001,Machara_01,ET041801
ET041801888026,Madajalala,ET041801
ET041801888018,Madatalila,ET041801
ET041801888027,Masala,ET041801
ET041801888005,Mender17,ET041801
ET041801888025,Modjo,ET041801
ET041801888002,Odamagarsa,ET041801
ET041801888019,Odamoti,ET041801
ET041801888024,Qore,ET041801
ET041801888030,Tulama,ET041801
ET041801888004,Waltagamachu,ET041801
ET041802888005,Arbeshi,ET041802
ET041802888008,Burka Lomicha,ET041802
ET041802888014,Burka Welel,ET041802
ET041802888010,Dalle Sasii,ET041802
ET041802888013,Dereri Chabi,ET041802
ET041802888015,Gudina Mucho,ET041802
ET041802888001,Gurati Walal,ET041802
ET041802888009,Hawusa Sasi,ET041802
ET041802888011,Hordof Seba,ET041802
ET041802888006,Igu Yaya,ET041802
ET041802888012,Kalli Kanchi,ET041802
ET041802888003,Lalo Koyi,ET041802
ET041802888002,Lalo Udo,ET041802
ET041802888004,Lomicha Chabal,ET041802
ET041802201001,Masara,ET041802
ET041802101001,Tajo,ET041802
ET041802888007,Tulu Soma,ET041802
ET041803888006,Adanowalbata,ET041803
ET041803888021,Alchawachebel,ET041803
ET041803888009,Aleguma,ET041803
ET041803888003,Bonigalashe,ET041803
ET041803888012,Dalebururi,ET041803
ET041803888020,Dalegeto,ET041803
ET041803888010,Darbowabara,ET041803
ET041803888022,Denta Chabal,ET041803
ET041803888013,Dhayegomi,ET041803
ET041803888017,Doganobile,ET041803
ET041803888018,Fogekombolsha,ET041803
ET041803888004,Gankawale,ET041803
ET041803888002,Gawul,ET041803
ET041803888005,Harojihobo,ET041803
ET041803101002,Kake 01,ET041803
ET041803101001,Kake 02,ET041803
ET041803888015,Karrajano,ET041803
ET041803888014,Mikidinbar,ET041803
ET041803888007,Omowale,ET041803
ET041803888016,Sagoadami,ET041803
ET041803888001,Tulugopho,ET041803
ET041803888019,Wajugari,ET041803
ET041803888011,Waledhaba,ET041803
ET041803888008,Wandegabreil,ET041803
ET041804888011,Bata Dale,ET041804
ET041804888022,Bejo Kobecha,ET041804
ET041804888005,Biftu Chiro,ET041804
ET041804888031,Buko,ET041804
ET041804888003,Dila Wayu,ET041804
ET041804888032,Dirki Chabal,ET041804
ET041804888009,Ganka Ico,ET041804
ET041804888013,Gawa Ico,ET041804
ET041804888029,Genji Kebe,ET041804
ET041804888002,Gudatu Dila,ET041804
ET041804888027,Gudatu Kebe,ET041804
ET041804888034,Gurimariyami,ET041804
ET041804888001,Habiro,ET041804
ET041804888006,Hanchar Ifa,ET041804
ET041804888033,Haro Ginje,ET041804
ET041804201001,Haroji Town,ET041804
ET041804888018,Haroji Wado,ET041804
ET041804888012,Haroji Wato,ET041804
ET041804888021,Hunde Gudina,ET041804
ET041804888014,Ifa Gudina,ET041804
ET041804888017,Ilala Jida,ET041804
ET041804888023,Ilu Gonde,ET041804
ET041804888008,Jida Ico,ET041804
ET041804888025,Joge Bedaso,ET041804
ET041804888028,Joge Walwalo,ET041804
ET041804888004,Katisa Hobo,ET041804
ET041804101001,Kebe Town,ET041804
ET041804888016,Kunbabe Golbo,ET041804
ET041804888019,Leka Golbo,ET041804
ET041804888020,Leka Kobecha,ET041804
ET041804888015,Melka Gudina,ET041804
ET041804888026,Qore Same,ET041804
ET041804301001,Sichaow Town,ET041804
ET041804888010,Sichawo Wera Babo,ET041804
ET041804888024,Sokore Migna,ET041804
ET041804888007,Toko Tane,ET041804
ET041804888030,Wera Jiru,ET041804
ET041805888016,Abichu Shogo,ET041805
ET041805888017,Ado Sako,ET041805
ET041805888012,Aleku Aba Jarra,ET041805
ET041805888006,Aleku Abbo,ET041805
ET041805888002,Aleku Bedeso,ET041805
ET041805888013,Aleku Bele,ET041805
ET041805888007,Aleku Gambi,ET041805
ET041805888001,Aleku Senega,ET041805
ET041805888004,Aleku Soti,ET041805
ET041805888003,Alekukusaye,ET041805
ET041805888009,Anno Mikael,ET041805
ET041805201001,Dorgome,ET041805
ET041805888005,Dorgome Badiya,ET041805
ET041805101001,Dulli,ET041805
ET041805888024,Dulli Badiya,ET041805
ET041805888023,Humbi Karo,ET041805
ET041805888018,Ifa Galano,ET041805
ET041805888022,Karo Baha,ET041805
ET041805888021,Kure Geyib,ET041805
ET041805888026,Laga Lomi,ET041805
ET041805888015,Mata,ET041805
ET041805888008,Menko,ET041805
ET041805888019,Ripha Gute Soyoma,ET041805
ET041805888011,Tabor,ET041805
ET041805888020,Walgayi Bubuka,ET041805
ET041805888025,Yabo Sillase,ET041805
ET041805888014,Yahama,ET041805
ET041805888010,Yangi,ET041805
ET041806101002,Biftu,ET041806
ET041806101004,Dollo,ET041806
ET041806101003,Lafto,ET041806
ET041806101001,Yabalo,ET041806
ET041807201001,Ashi,ET041807
ET041807888014,Ashi,ET041807
ET041807888011,Dalashor,ET041807
ET041807888009,Dalle Kolli,ET041807
ET041807888001,Dawo Tobbi,ET041807
ET041807888018,Dolla,ET041807
ET041807888007,Dulli,ET041807
ET041807888006,Fandacha,ET041807
ET041807301001,Garjeda,ET041807
ET041807888003,Gayi,ET041807
ET041807888017,Gerecho,ET041807
ET041807888015,Gobi Michael,ET041807
ET041807888016,Gobi Shari,ET041807
ET041807888008,Henache,ET041807
ET041807888004,Kolla Hena,ET041807
ET041807888010,Kolli,ET041807
ET041807888022,Kuro,ET041807
ET041807101001,Mugi 01,ET041807
ET041807101002,Mugi 02,ET041807
ET041807888020,Shebel Fana,ET041807
ET041807888013,Suddi,ET041807
ET041807888012,Ubbur Shola,ET041807
ET041807888023,Waba Eba,ET041807
ET041807888005,Waro Kola,ET041807
ET041807888021,Yalli,ET041807
ET041807888002,Yarer,ET041807
ET041807888019,Yetti Konki,ET041807
ET041808888014,0giyo Jaro,ET041808
ET041808888022,Arere Chole,ET041808
ET041808888007,Arere Gabi,ET041808
ET041808888017,Arere Laku,ET041808
ET041808888015,Arere Ogiyo,ET041808
ET041808888006,Arere Tulu,ET041808
ET041808888025,Awetu Birbir,ET041808
ET041808888023,Awetu Gendaso,ET041808
ET041808888002,Babo Tulu Aba Bor,ET041808
ET041808888013,Badesa Gute Anani,ET041808
ET041808888011,Badesa Kasho,ET041808
ET041808201001,Bellam,ET041808
ET041808888027,Bikila Birbir,ET041808
ET041808888021,Chamo,ET041808
ET041808888001,Dalle Suchi Yayu,ET041808
ET041808888010,Ganka Yayu Wankir,ET041808
ET041808888018,Gonsi Dereba,ET041808
ET041808101001,Haro Sabu 01,ET041808
ET041808101002,Haro Sabu 02,ET041808
ET041808888005,Ido Wara Wale,ET041808
ET041808888008,Imo,ET041808
ET041808888020,Jajo Akakil,ET041808
ET041808888016,Jarso Ajabul,ET041808
ET041808888012,Lalo Kera,ET041808
ET041808888026,Mender14,ET041808
ET041808888024,Mender19,ET041808
ET041808888019,Semero Baro,ET041808
ET041808888003,Seteno Dima,ET041808
ET041808888009,Seteno Gura,ET041808
ET041808888004,Wara Wale Suchi,ET041808
ET041809888006,Abono Komatir,ET041809
ET041809888019,Alchaya Jilo,ET041809
ET041809888022,Amarti Kumbo,ET041809
ET041809888016,Bata Mukarba,ET041809
ET041809888010,Bikiltu Abote,ET041809
ET041809888024,Boti Akayu,ET041809
ET041809888015,Buri,ET041809
ET041809888017,Choman Kala,ET041809
ET041809888027,Dale Gare,ET041809
ET041809888002,Dayito Warabo,ET041809
ET041809888009,Gaba Fachasa,ET041809
ET041809888003,Gara Korma,ET041809
ET041809101002,Gidami 01,ET041809
ET041809101001,Gidami 02,ET041809
ET041809888013,Girayi Bisha,ET041809
ET041809888014,Girayi Horo,ET041809
ET041809888012,Girayi Sonka,ET041809
ET041809888025,Horo Kundi,ET041809
ET041809888007,Huluto Wara Boran,ET041809
ET041809888018,Komi Koji,ET041809
ET041809888008,Kumbabi Shapi,ET041809
ET041809888028,Kuri,ET041809
ET041809888026,Lalo Gare,ET041809
ET041809888004,Maleko Mana Hamo,ET041809
ET041809888020,Mole Daga Roba,ET041809
ET041809888001,Qellem Gater Kebale,ET041809
ET041809201001,Qellem Ketama,ET041809
ET041809888011,Soyi Gamiche,ET041809
ET041809888023,Une Horo Daye,ET041809
ET041809888021,Wara Abayi Maleko,ET041809
ET041809888005,Waro Koyan,ET041809
ET041810888008,Abono,ET041810
ET041810888019,Ako Jiru,ET041810
ET041810888002,Burka Gudina,ET041810
ET041810888016,Dambal,ET041810
ET041810888017,Gile Michael,ET041810
ET041810888005,Gombo,ET041810
ET041810888021,Ilu Gabi,ET041810
ET041810888013,Ilu Kitaye,ET041810
ET041810888004,Jiru Gudina,ET041810
ET041810888011,Kaba Sayo,ET041810
ET041810888001,Koyan,ET041810
ET041810888009,Koye,ET041810
ET041810888007,Makanisa,ET041810
ET041810888003,Nadi Gudina,ET041810
ET041810101001,Nunu 01,ET041810
ET041810888014,Nunu Inaro,ET041810
ET041810888018,Seb,ET041810
ET041810888012,Tibe Ale,ET041810
ET041810888020,Tonfi Chari,ET041810
ET041810888015,Une,ET041810
ET041810888006,Wara Babo,ET041810
ET041810888010,Wera Leka,ET041810
ET041811888021,Adama,ET041811
ET041811888002,Amarakucho,ET041811
ET041811888008,Bilebuba,ET041811
ET041811888007,Bilekela,ET041811
ET041811888016,Bonsakuyu,ET041811
ET041811888022,Darajarso,ET041811
ET041811888009,Dogonodumuga,ET041811
ET041811888019,Furdisajawi,ET041811
ET041811888006,Gna,ET041811
ET041811888017,Hidabuabote,ET041811
ET041811888011,Kutalalube,ET041811
ET041811101001,Lalo_01,ET041811
ET041811888020,Madalekalisa,ET041811
ET041811888010,Manjosojiru,ET041811
ET041811888013,Marfo,ET041811
ET041811888005,Nanojeno,ET041811
ET041811888004,Sago,ET041811
ET041811888001,Sarba,ET041811
ET041811888014,Udo,ET041811
ET041811888015,Wabera,ET041811
ET041811888012,Wankir,ET041811
ET041811888003,Wayubadas,ET041811
ET041811888018,Wayudibaba,ET041811
ET041812101001,Chanka_01,ET041812
ET041812101002,Chanka_02,ET041812
ET041812888008,Chankabururi,ET041812
ET041812888004,Chiracha,ET041812
ET041812888001,Dentabile,ET041812
ET041812888003,Doganoadami,ET041812
ET041812888002,Doganobururi,ET041812
ET041812888007,Igukofale,ET041812
ET041812888006,Ketomender_1,ET041812
ET041812888011,Ketomender_11,ET041812
ET041812888009,Ketomender_5,ET041812
ET041812888010,Ketomender_6,ET041812
ET041812888012,Ketomender_7,ET041812
ET041812888005,Kombo,ET041812
ET041812888013,Midhagabirbir,ET041812
ET041901888010,Abe Dulecha,ET041901
ET041901888004,Akeji Sebet,ET041901
ET041901888011,Burkitu Obora,ET041901
ET041901888006,Combolcha Chancho,ET041901
ET041901888005,Didibe Kistana,ET041901
ET041901888007,Doyo Beriso,ET041901
ET041901888002,Geber Igum,ET041901
ET041901888008,Gitilo Dale,ET041901
ET041901888003,Laku Igu,ET041901
ET041901888009,Loti Ano,ET041901
ET041901888001,Rifenti Geber,ET041901
ET041902101001,Shambu_01,ET041902
ET041902101002,Shambu_02,ET041902
ET041903888016,Alemin Hachalu,ET041903
ET041903401001,Baro,ET041903
ET041903888010,Bikiltu Feyine,ET041903
ET041903888006,Dilalo Baro,ET041903
ET041903888002,Gobbu,ET041903
ET041903888014,Gudane Gamane,ET041903
ET041903888013,Gudane Kobbo,ET041903
ET041903888004,Gudane Sirba,ET041903
ET041903888011,Guto Abay,ET041903
ET041903888005,Hula Guto,ET041903
ET041903888007,Ilamu Tereko,ET041903
ET041903888017,Inni Ama Tolera,ET041903
ET041903101001,Kombosha 01,ET041903
ET041903101002,Kombosha 02,ET041903
ET041903301001,Loya Kidame,ET041903
ET041903888012,Qanani,ET041903
ET041903888008,Qanate Dhinsa,ET041903
ET041903888009,Reftoko Tane Iticha,ET041903
ET041903201001,Shunke,ET041903
ET041903888015,Wal Jalachisa Biya,ET041903
ET041903888003,Wal Jalachisa Sirba,ET041903
ET041903888018,Walin Tane Guba Dembi,ET041903
ET041903888001,Yeron Amsa Tole,ET041903
ET041904888006,Biftunnubateqidame,ET041904
ET041904888005,Bikiltuimbabo,ET041904
ET041904888004,Chalafoka,ET041904
ET041904101001,Dadu_01,ET041904
ET041904888008,Gudanedadu,ET041904
ET041904888010,Ilamumalole,ET041904
ET041904201001,Kanate_01,ET041904
ET041904888009,Kotichamalole,ET041904
ET041904888007,Lalistuloya,ET041904
ET041904888012,Loyamalole,ET041904
ET041904888002,Motiqawo,ET041904
ET041904888003,Motumankankegna,ET041904
ET041904888001,Refutokotanehamle,ET041904
ET041904888011,Sirbaloya,ET041904
ET041905888010,Achane,ET041905
ET041905888006,Alaku,ET041905
ET041905888005,Boti,ET041905
ET041905888002,Canani,ET041905
ET041905888008,Dembal Gobaya,ET041905
ET041905888018,Diga Arbasi,ET041905
ET041905888012,Dino Berama,ET041905
ET041905101002,Fincha_01,ET041905
ET041905101001,Fincha_02,ET041905
ET041905888014,Ganji Haro,ET041905
ET041905888011,Ganji Kare,ET041905
ET041905888016,Ganji Ketala,ET041905
ET041905888007,Gudane,ET041905
ET041905888009,Gutane Migiru,ET041905
ET041905888003,Homa Kulula,ET041905
ET041905888017,Homi,ET041905
ET041905301002,Homi_01,ET041905
ET041905888015,Jare,ET041905
ET041905888013,Kolobo,ET041905
ET041905201001,Migiru_01,ET041905
ET041905888004,Sandabo Dongoro,ET041905
ET041905888001,Sulula Finca,ET041905
ET041906888008,Adilekatulucali,ET041906
ET041906888006,Balbalasorgo,ET041906
ET041906201002,Biqiltuqidame,ET041906
ET041906888007,Carogoban,ET041906
ET041906888009,Damugenbo,ET041906
ET041906888005,Gamonagaro,ET041906
ET041906888004,Gidamidaabsho,ET041906
ET041906888001,Gudatugenate,ET041906
ET041906888002,Gudatujimma,ET041906
ET041906888011,Hagaya,ET041906
ET041906101001,Haretotown,ET041906
ET041906888012,Hundegudina,ET041906
ET041906888003,Kalaladidimtu,ET041906
ET041906888010,Lalisabiya,ET041906
ET041907888010,Badawarke,ET041907
ET041907888006,Bikila Erer,ET041907
ET041907888002,Burka Loge,ET041907
ET041907888009,Dilekolba,ET041907
ET041907888005,Gamada Daragoti,ET041907
ET041907201001,Goben,ET041907
ET041907888011,Gudetadobi,ET041907
ET041907888018,Haroguta,ET041907
ET041907888008,Hundejiregnababala,ET041907
ET041907888007,Ibsa Illamu,ET041907
ET041907888012,Ifabiya,ET041907
ET041907888003,Jara Shumbo,ET041907
ET041907888001,Kalo Guracha,ET041907
ET041907888015,Karakonte,ET041907
ET041907888016,Kekukalo,ET041907
ET041907888014,Lenchaguracha,ET041907
ET041907888017,Misoma Dangago,ET041907
ET041907888004,Sochosa Gamachisa,ET041907
ET041907888013,Tatafatatulumara,ET041907
ET041907101001,Wayu,ET041907
ET041908888002,Abdidandi,ET041908
ET041908888003,Agamsa,ET041908
ET041908101001,Alibo01,ET041908
ET041908101002,Alibo02,ET041908
ET041908888017,Anfaredarge,ET041908
ET041908888021,Dargekoticha,ET041908
ET041908888015,Dimajoke,ET041908
ET041908888018,Harbunagaso,ET041908
ET041908888007,Harodadi,ET041908
ET041908888006,Harolago,ET041908
ET041908888001,Ifagudina,ET041908
ET041908888011,Irro,ET041908
ET041908888005,Janjimar,ET041908
ET041908201001,Jarmat,ET041908
ET041908888008,Jarosire,ET041908
ET041908888020,Kiltuceka,ET041908
ET041908888016,Kobidinsa,ET041908
ET041908888014,Kunaco,ET041908
ET041908888019,Lagamica,ET041908
ET041908888012,Sago,ET041908
ET041908888004,Sombo Wato,ET041908
ET041908888010,Sombokumi,ET041908
ET041908888013,Suxekatale,ET041908
ET041908888009,Tulunono,ET041908
ET041909201001,Agemsa,ET041909
ET041909888008,Agemsa,ET041909
ET041909888014,Cidhati,ET041909
ET041909888017,Ejeregoromti,ET041909
ET041909888009,Gobusirba,ET041909
ET041909888020,Gulufa,ET041909
ET041909888013,Hamusgabeya,ET041909
ET041909888015,Hararjarso,ET041909
ET041909888011,Harogudina,ET041909
ET041909888012,Harowalo,ET041909
ET041909888005,Hawalilo,ET041909
ET041909888006,Jabodoban,ET041909
ET041909888003,Jawaj,ET041909
ET041909888001,Lukimawali,ET041909
ET041909888016,Mekeno,ET041909
ET041909888002,Migir,ET041909
ET041909888018,Nafuro,ET041909
ET041909101001,Obora 01,ET041909
ET041909101002,Obora 02,ET041909
ET041909888004,Samoilamo,ET041909
ET041909888021,Sidankiltubarkale,ET041909
ET041909888007,Tombedangab,ET041909
ET041909888022,Walage,ET041909
ET041909888010,Walkite,ET041909
ET041909888019,Warabera,ET041909
ET041910888006,Botorobora,ET041910
ET041910888004,Cheru,ET041910
ET041910888016,Dalacho,ET041910
ET041910888007,Debisi,ET041910
ET041910888003,Garero,ET041910
ET041910888015,Gorte,ET041910
ET041910888011,Gulante,ET041910
ET041910888002,Homagalesa,ET041910
ET041910888005,Idoboti,ET041910
ET041910888012,Idokusa,ET041910
ET041910888010,Koticha,ET041910
ET041910888001,Lomicha,ET041910
ET041910888020,Mender15,ET041910
ET041910888018,Mender20,ET041910
ET041910888019,Mender21,ET041910
ET041910888017,Mender25,ET041910
ET041910888009,Tige,ET041910
ET041910201001,Tulugana_01,ET041910
ET041910888014,Tulumoti,ET041910
ET041910101001,Tuluwayu01,ET041910
ET041910888008,Walage,ET041910
ET041910888013,Wirtusenta,ET041910
ET041911888010,Aagaa,ET041911
ET041911101001,Ayale 01,ET041911
ET041911888011,Gamachisa Barji,ET041911
ET041911201001,Gebete 01,ET041911
ET041911888013,Gudane Chala Sibare,ET041911
ET041911888004,Gudane Sombo Wako,ET041911
ET041911888002,Ifa Bane Abbo,ET041911
ET041911888007,Nubariye Ife,ET041911
ET041911888008,Ref Toko Tane Watiyo,ET041911
ET041911888009,Refgudane,ET041911
ET041911888005,Tokuma Biya,ET041911
ET041911888001,Tokuma Djarso,ET041911
ET041911888012,Wa Jalane Bilif Djarso,ET041911
ET041911888006,Wal Kituma,ET041911
ET041911888003,Wal Kituma Arbu Taha,ET041911
ET041912888008,Abile Igu,ET041912
ET041912888007,Alshaya Dado,ET041912
ET041912888005,Alshaya Igu,ET041912
ET041912888001,Bone Abuna,ET041912
ET041912888010,Decha Chabir,ET041912
ET041912888006,Ejersa Mecha,ET041912
ET041912888002,Gudina Abuna,ET041912
ET041912888003,Haro Aga,ET041912
ET041912888004,Lalo Igu,ET041912
ET041912888009,Oda Buluk,ET041912
ET041912888011,Rifenti Chabir,ET041912
ET041912101001,Sekela,ET041912
ET042402101002,Ane Dima,ET042001
ET042402101004,Chafe Tuma,ET042001
ET042402101003,Dire Tiyara,ET042001
ET042402101005,Yasa,ET042001
ET042405101010,Gafarsa Lake,ET042005
ET042405101014,Seriti,ET042005
ET042401101001,Corrisa,ET042006
ET042401101016,Gojobo,ET042006
ET042401101015,Sire,ET042006
ET042404101012,Bero,ET042010
ET042404101011,Burka Gulale,ET042010
ET042404101013,Kusaye,ET042010
ET042404101010,Malka Oda,ET042010
ET043030101008,Furi 08,ET042011
ET043030101009,Furi 09,ET042011
ET043030101001,Sabata 01,ET042011
ET043030101002,Sabata 02,ET042011
ET043030101003,Sabata 03,ET042011
ET043030101103,Sabata 03,ET042011
ET043030101004,Sabata 04,ET042011
ET043030101005,Sabata 05,ET042011
ET043030101006,Sabata 06,ET042011
ET043030101007,Sabata 07,ET042011
ET043232101001,Guto Nono Mana Abichu,ET0420112
ET043232101004,Kaso Wasarbi,ET0420112
ET043232101002,Sululta01,ET0420112
ET043232101003,Wale Lube,ET0420112
ET042626101001,Cafe_tuma,ET042094
ET042626101003,Gelan,ET042094
ET042626101004,Mereno,ET042094
ET042626101002,Tulu_gracha,ET042094
ET042101101009,06 Kebele,ET042101
ET042101101010,07 Kebele,ET042101
ET042101101011,08 Kebele,ET042101
ET042101101008,12 Kebele,ET042101
ET044001888025,Abogna,ET042101
ET044001888020,Amolicho Ayibsa Ataba(a3),ET042101
ET044001888015,Bereket Semedina,ET042101
ET044001888021,Borat,ET042101
ET044001888018,Bulala Furfursa,ET042101
ET044001888019,Bulala Harar,ET042101
ET044001888002,Bulala Kejawa,ET042101
ET044001888006,Buria,ET042101
ET044001888024,Darera,ET042101
ET044001888010,Dinsa,ET042101
ET044001201001,Dinsa01,ET042101
ET044001888011,Dire Gudo,ET042101
ET044001888003,Dire Shehusen,ET042101
ET044001888012,Dobi Bika,ET042101
ET044001888007,Gofa,ET042101
ET044001888013,Hamara,ET042101
ET044001101001,Jara01,ET042101
ET044001888009,Kenjila Waji,ET042101
ET044001888017,Ketiba,ET042101
ET044001888008,Kura Wada,ET042101
ET044001888022,Lamlam Halila,ET042101
ET044001888005,Matur,ET042101
ET044001888023,Safoge,ET042101
ET044001888016,Selam,ET042101
ET044001888014,Temamo,ET042101
ET044001888004,Urgessa,ET042101
ET044001888001,Wabe Seada,ET042101
ET042102102002,01 Kebele,ET042102
ET042102102102,01 Kebele,ET042102
ET042102102003,04 Kebele,ET042102
ET044002888016,Adele,ET042102
ET044002888025,Anegoye,ET042102
ET044002888011,Bahima,ET042102
ET044002888009,Barre,ET042102
ET044002101001,Beltu,ET042102
ET044002888005,Chefa Madina,ET042102
ET044002888007,Dalujeno Gubisa,ET042102
ET044002888019,Darraba,ET042102
ET042102102001,Dhaka Adi,ET042102
ET044002888024,Doya Abu,ET042102
ET044002888001,Dulacha,ET042102
ET044002888008,Elelu,ET042102
ET044002888013,Fiki,ET042102
ET044002888014,Gara Jalu,ET042102
ET044002888017,Goni,ET042102
ET044002888021,Hara Goro,ET042102
ET044002888010,Harkiso,ET042102
ET044002888012,Hero,ET042102
ET044002888022,Hidha Hunda,ET042102
ET044002888018,Ijajawe Burka,ET042102
ET044002888002,Korba,ET042102
ET044002888023,Luku Kiltu,ET042102
ET044002888006,Mumicha Nadhi,ET042102
ET044002888004,Odaa,ET042102
ET044002888003,Semma,ET042102
ET044002888026,Wadesa,ET042102
ET044002888020,Wanjisa,ET042102
ET044002888015,Yabalo,ET042102
ET042103103006,13 Kebele,ET042103
ET042103103004,14 Kebele,ET042103
ET044004888017,Akasha,ET042103
ET044004888018,Aloshe,ET042103
ET044004888020,Arda Kabso,ET042103
ET044004888013,Arda Tarie,ET042103
ET044004888022,Balle Kecha,ET042103
ET044004101001,Belo Sebro,ET042103
ET044004888024,Chaffe Negeya,ET042103
ET044004888014,Chancho,ET042103
ET042103103005,Dabe Soloke,ET042103
ET044004888011,Dhobu,ET042103
ET044004888016,Ebisa,ET042103
ET044004888015,Elani Doyo,ET042103
ET044004201001,Elbuko,ET042103
ET044004888002,Gafite,ET042103
ET044004888010,Gamo Duksi,ET042103
ET044004888028,Guberbaja,ET042103
ET044004888012,Harale,ET042103
ET044004888004,Harawa Misra,ET042103
ET044004888005,Harawa_1,ET042103
ET044004888003,Harawa_4,ET042103
ET044004888001,Harawa_6,ET042103
ET044004888006,Jame,ET042103
ET044004888026,Kara Adano,ET042103
ET044004888008,Katati,ET042103
ET044004888021,Kebena,ET042103
ET044004301001,Melka Oda,ET042103
ET044004888023,Mumicha,ET042103
ET044004888007,Oda Roba,ET042103
ET044004888025,Sabuna Hundo,ET042103
ET044004888027,Shewede,ET042103
ET044004888009,Tulicha,ET042103
ET044004888019,Waltai,ET042103
ET042104104017,02 Kebele,ET042104
ET042104104007,11 Kebele,ET042104
ET044005888003,Adala,ET042104
ET044005888005,Anole,ET042104
ET044005888009,Arda Kalo,ET042104
ET044005888013,Arda Nagaya,ET042104
ET044005888016,Bara Dimtu,ET042104
ET044005888018,Bokol,ET042104
ET042104104018,Boku Shanan,ET042104
ET044005888017,Borore,ET042104
ET044005888014,Falte,ET042104
ET044005888015,Fincho,ET042104
ET044005888007,Gurura,ET042104
ET044005888008,Halo Choma,ET042104
ET044005888004,Hara Adi,ET042104
ET044005888010,Hara Dube,ET042104
ET044005888011,Harbcha,ET042104
ET044005888001,Jara Torbi,ET042104
ET044005888002,Kare Tule,ET042104
ET044005101001,Rayitu 01,ET042104
ET044005888012,Tedecha Farda,ET042104
ET044005888006,Wuchiro,ET042104
ET042105105012,05 Kebele,ET042105
ET042105105014,09 Kebele,ET042105
ET044003888016,Adele,ET042105
ET044003888023,Ajokoyye,ET042105
ET044003888019,Arda Galma,ET042105
ET044003888008,Arele,ET042105
ET044003888013,Biliso,ET042105
ET044003888007,Biyohara Kile,ET042105
ET044003888004,Bodit,ET042105
ET044003888028,Burka Dharo,ET042105
ET044003888010,Chiracha,ET042105
ET044003888015,Chopi,ET042105
ET044003888009,Digalu,ET042105
ET044003888011,Dolcha,ET042105
ET044003888014,Gale,ET042105
ET044003888024,Hada,ET042105
ET044003888027,Hatawi,ET042105
ET044003888003,Kalkalcha,ET042105
ET044003888017,Kasho,ET042105
ET044003888001,Katta,ET042105
ET044003888020,Kore Korme,ET042105
ET044003888005,Laku,ET042105
ET042105105013,Malka Adama,ET042105
ET044003888002,Mandera,ET042105
ET044003101001,Micha,ET042105
ET044003888021,Obbere,ET042105
ET044003888012,Orosa,ET042105
ET044003888025,Rasa,ET042105
ET044003888018,Sale,ET042105
ET044003888022,Shaku,ET042105
ET044003888006,Sororo,ET042105
ET044003888026,Wangaya,ET042105
ET042106106016,03 Kebele,ET042106
ET042106106015,10 Kebele,ET042106
ET044006888011,Ade Hara Aga,ET042106
ET044006888003,Arda Oru,ET042106
ET044006888013,Bakaksa,ET042106
ET044006888009,Bake Kora,ET042106
ET044006888006,Dibe Kilofta,ET042106
ET044006888005,Dibe Mole,ET042106
ET044006888010,Didibisa Gale,ET042106
ET044006888008,Hantule Beseka,ET042106
ET044006888012,Hargadab,ET042106
ET044006888004,Kubi Walda,ET042106
ET044006888002,Magalo Serbo,ET042106
ET044006888007,Mantoke,ET042106
ET044006201001,Mio,ET042106
ET044006888001,Oda Didibisa,ET042106
ET044006101001,Sofomer,ET042106
ET044008101001,Ginir 01,ET042107
ET044008101002,Ginir 02,ET042107
ET042222101004,Arada,ET042222
ET042222101007,Burkitu,ET042222
ET042222101002,Buseta,ET042222
ET042222101006,Cilalo,ET042222
ET042222101008,Halila,ET042222
ET042222101003,Hanku,ET042222
ET042222101005,Kombolocha,ET042222
ET042222101001,Walkesa,ET042222
ET042323101001,Ganda Gorba,ET042323
ET042323101014,Garbicha,ET042323
ET042323101013,Kajimana,ET042323
ET042323101004,Kurkura Denb,ET042323
ET042323101002,Qaliti,ET042323
ET042323101006,Zero Amist,ET042323
ET042323101005,Zero Anid,ET042323
ET042323101012,Zero Hulet,ET042323
ET042323101010,Zero Sevat,ET042323
ET042323101008,Zero Sidist,ET042323
ET042323101009,Zero Simint,ET042323
ET042323101003,Zero Zetegn,ET042323
ET042323101007,Zero_arat,ET042323
ET042323101011,Zero_sosit,ET042323
ET042525101003,Dukam_01,ET042525
ET042525101004,Dukamkoticha,ET042525
ET042525101001,Gogecha,ET042525
ET042525101002,Tedecha,ET042525
ET042828101002,Bakannisa Qasse Kifle Astedader,ET042828
ET042828101006,Bake Jamma Kifle Astedader,ET042828
ET042828101004,Burka Jato Kifle Astedader,ET042828
ET042828101003,Chalalaki Kifle Astedader,ET042828
ET042828101005,Darge Kifle Astadader,ET042828
ET042828101007,Dune Kane Kifle Astedader,ET042828
ET042828101001,Keso Kifle Ketema Astedader,ET042828
ET042929101011,Awetu Mandara,ET042929
ET042929101009,Bacho Bore,ET042929
ET042929101008,Bore,ET042929
ET042929101002,Bosa Addis,ET042929
ET042929101016,Bosa Kito,ET042929
ET042929101006,Ginjo,ET042929
ET042929101010,Ginjo Guduru,ET042929
ET042929101013,Hermata Mentina,ET042929
ET042929101012,Hermata Merkato,ET042929
ET042929101014,Hirmata,ET042929
ET042929101007,Hora Gibe,ET042929
ET042929101001,Ifa Bula,ET042929
ET042929101005,Jiren,ET042929
ET042929101004,Mendera Kochi,ET042929
ET042929101015,Mentina,ET042929
ET042929101017,Qofe,ET042929
ET042929101003,Seto Semero,ET042929
ET043131101003,Abosto,ET043131
ET043131101001,Alelu,ET043131
ET043131101007,Arada,ET043131
ET043131101002,Awasho,ET043131
ET043131101005,Bulchana,ET043131
ET043131101006,Burka Gudina,ET043131
ET043131101004,Deda Boqa,ET043131
ET043131201001,Kuyera01,ET043131
ET043333101002,Baha Biftu,ET043333
ET043333101003,Chafe Donsaa,ET043333
ET043333101001,Oda Robe,ET043333
ET043434101001,Ambo 01,ET043434
ET043434101002,Ambo_02,ET043434
ET043434101003,Ambo_03,ET043434
ET043434101005,Ambo_05,ET043434
ET043434101006,Awaro,ET043434
ET043434101004,Sankale Faris,ET043434
ET043535101001,01_zeway Kebele,ET043535
ET043535101002,02 Zeway Kabele,ET043535
ET043636101001,Modjo 01,ET043636
ET043636101002,Modjo 02,ET043636
ET043737101008,Birbirsa Siba,ET043737
ET043737101002,Burka Harbu,ET043737
ET043737101005,Burka Welmera,ET043737
ET043737101003,Gelgel Kuyyu,ET043737
ET043737101004,Goro Keransa,ET043737
ET043737101007,Made Gudina,ET043737
ET043737101006,Sadamo,ET043737
ET043737101001,Tullu Harbu,ET043737
ET043838101001,Woliso_01,ET043838
ET043838101002,Woliso_02,ET043838
ET043838101003,Woliso_03,ET043838
ET043838101004,Woliso_04,ET043838
ET043939101001,Bishan Guracha 01,ET043939
ET043939101002,Bishan Guracha 02,ET043939
ET044007101001,Bared,ET044007
ET044007888015,Buta,ET044007
ET044007888002,Buttu,ET044007
ET044007888014,Denduba,ET044007
ET044007888005,Dhawa,ET044007
ET044007888011,Digilo,ET044007
ET044007888007,Dikey,ET044007
ET044007888013,Gadab,ET044007
ET044007888012,Garado,ET044007
ET044007888010,Gola Korma,ET044007
ET044007888003,Gora,ET044007
ET044007888009,Guracha,ET044007
ET044007888008,Hada,ET044007
ET044007888017,Hantutu,ET044007
ET044007888016,Hatura,ET044007
ET044007888001,Hofi Chachaba,ET044007
ET044007888006,Kuroftu,ET044007
ET044007888004,Mandoyu,ET044007
ET044101888019,Abasirba,ET044101
ET044101888009,Berisa,ET044101
ET044101101001,Bidre,ET044101
ET044101888003,Bube,ET044101
ET044101888005,Danisa Kerkero,ET044101
ET044101888015,Ela Bidre,ET044101
ET044101888016,Genale Melkachira,ET044101
ET044101888001,Gura Werka,ET044101
ET044101888007,Hara Haji,ET044101
ET044101888008,Hore Kore,ET044101
ET044101888011,Kerjul,ET044101
ET044101888002,Likimsa Bokore,ET044101
ET044101888020,Meda,ET044101
ET044101888013,Medicho,ET044101
ET044101888014,Nano Bidre,ET044101
ET044101888004,Nano Oborso,ET044101
ET044101201001,Oborso,ET044101
ET044101888006,Oda,ET044101
ET044101888017,Oda Boji,ET044101
ET044101888012,Waduma,ET044101
ET044101888010,Ware,ET044101
ET044101888018,Welteyi Bura,ET044101
ET044102888015,Adadi,ET044102
ET044102888016,Balanbal,ET044102
ET044102888009,Bitata,ET044102
ET044102888013,Bokola,ET044102
ET044102888006,Cana_mansa,ET044102
ET044102888003,Dilalesa_reba,ET044102
ET044102888018,Duqo,ET044102
ET044102201001,Genale,ET044102
ET044102888008,Gofyambo,ET044102
ET044102888002,Guduba_bururi,ET044102
ET044102888012,Hadha_dhadecha,ET044102
ET044102101001,Hare Kelo,ET044102
ET044102301001,Jidola,ET044102
ET044102888007,Mada Dunun,ET044102
ET044102888004,Mucho,ET044102
ET044102888014,Nurhumba,ET044102
ET044102888005,Qararo,ET044102
ET044102888017,Raro,ET044102
ET044102888011,Sirba,ET044102
ET044102888001,Sokora_diriba,ET044102
ET044102888010,Wato,ET044102
ET044103101401,41gna Kifle Tor Camp,ET044103
ET044103101001,Negele 01,ET044103
ET044103101002,Negele 02,ET044103
ET044103101003,Negele 03,ET044103
ET044104888008,Alge,ET044104
ET044104888003,Arda_bururi,ET044104
ET044104888001,Ardoti,ET044104
ET044104101001,Bulbul,ET044104
ET044104888011,Bura_dhera,ET044104
ET044104888010,Dhaka_kala,ET044104
ET044104888006,Gobicha,ET044104
ET044104888009,Kalada,ET044104
ET044104888002,Kersa_male,ET044104
ET044104888004,Koba_adi,ET044104
ET044104888007,Laga_gula,ET044104
ET044104888005,Miesa,ET044104
ET044104888012,Siminto,ET044104
ET044105888003,Boba,ET044105
ET044105888002,Bulbul,ET044105
ET044105888005,Hadhesa,ET044105
ET044105888004,Korati,ET044105
ET044105888001,Malka_guba,ET044105
ET044106888011,Alona,ET044106
ET044106888006,Bobela,ET044106
ET044106888002,Dhidhile,ET044106
ET044106888013,Fuldawa,ET044106
ET044106888010,Gada,ET044106
ET044106888001,Galaba,ET044106
ET044106888007,Guto,ET044106
ET044106888015,Haro Dimtu,ET044106
ET044106888003,Hirmaye,ET044106
ET044106888009,Kafara,ET044106
ET044106888008,Kara Gumata,ET044106
ET044106888004,Mader,ET044106
ET044106888005,Malka Halu,ET044106
ET044106101001,Mata Gafarsa 01,ET044106
ET044106888017,Oroto,ET044106
ET044106888012,Qawa,ET044106
ET044106888016,Renji,ET044106
ET044106888014,Silala,ET044106
ET044107888007,Boji,ET044107
ET044107888006,Garbi,ET044107
ET044107888012,Harjarte,ET044107
ET044107888010,Kakalo,ET044107
ET044107888003,Kala Diri,ET044107
ET044107888004,Malka Adi,ET044107
ET044107888005,Nine,ET044107
ET044107888002,Urgo,ET044107
ET044107101001,Wachile 01,ET044107
ET044107888008,Wachile Geter,ET044107
ET044107888009,Walensu,ET044107
ET044107888011,Web,ET044107
ET044108101001,Borbor,ET044108
ET044108888001,Dhas,ET044108
ET044108888004,Gayo,ET044108
ET044108888003,Gorile,ET044108
ET044108888002,Teso Qalo,ET044108
ET050101888004,Adele,ET050101
ET050101888003,Anajoke,ET050101
ET050101201001,Ayshsa,ET050101
ET050101888013,Biyo Badan,ET050101
ET050101888008,Biyo Gurgur,ET050101
ET050101888009,Biyo Kobobe,ET050101
ET050101888011,Daya,ET050101
ET050101888006,Degogo,ET050101
ET050101101001,Dewele,ET050101
ET050101888002,Dur-dur,ET050101
ET050101888010,Elele,ET050101
ET050101888005,Lasarat,ET050101
ET050101888007,Maradays,ET050101
ET050101888012,Sinijif,ET050101
ET050101888001,Umer Gulufi,ET050101
ET050102888014,Agerewoyin,ET050102
ET050102888010,Arabi,ET050102
ET050102888004,Biyo Bahe,ET050102
ET050102888013,Debrewoyin,ET050102
ET050102888002,Dure,ET050102
ET050102888011,Gilesa,ET050102
ET050102888005,Harawato,ET050102
ET050102888001,Harmukale,ET050102
ET050102888009,Jabanta,ET050102
ET050102888012,Jire,ET050102
ET050102888007,Lawanaji,ET050102
ET050102888006,Qarale,ET050102
ET050102888003,Semekab,ET050102
ET050102888008,Sondolol,ET050102
ET050102101001,Zero Anidi,ET050102
ET050103888003,Ayliso,ET050103
ET050103888010,Baraq,ET050103
ET050103888006,Bisle,ET050103
ET050103888018,Dike,ET050103
ET050103888017,Dilay,ET050103
ET050103888008,Gad,ET050103
ET050103888015,Gobley,ET050103
ET050103888013,Gomora,ET050103
ET050103888005,Harawa,ET050103
ET050103888002,Hare,ET050103
ET050103888001,Harkaly,ET050103
ET050103888016,Jedane,ET050103
ET050103888009,Kalabayid,ET050103
ET050103888011,Lasdere,ET050103
ET050103888012,Lastome,ET050103
ET050103888014,Marmarsa,ET050103
ET050103888007,Meto,ET050103
ET050103888004,Milo,ET050103
ET050103101001,Shinile 01,ET050103
ET050103101002,Shinile 02,ET050103
ET050103101003,Shinile 03,ET050103
ET050103101004,Shinile 04,ET050103
ET050104888002,Asibuli,ET050104
ET050104888003,Aydora,ET050104
ET050104888008,Bila,ET050104
ET050104888006,Dimitu,ET050104
ET050104101001,Erer 01,ET050104
ET050104101002,Erer 02,ET050104
ET050104101003,Erer 03,ET050104
ET050104888009,Garmam,ET050104
ET050104888001,Gedwoyne,ET050104
ET050104888010,Halisho,ET050104
ET050104888011,Hurso,ET050104
ET050104888012,Kelem,ET050104
ET050104888007,Kentires,ET050104
ET050104888005,Tebi,ET050104
ET050104888004,Urdela,ET050104
ET050106101002,Afdem 01,ET050105
ET050106101001,Afdem 02,ET050105
ET050106888002,Alijir,ET050105
ET050106888001,Asili,ET050105
ET050106888010,Biyoqebobe,ET050105
ET050106888005,Derela,ET050105
ET050106888008,Gobile,ET050105
ET050106888009,Harta,ET050105
ET050106888011,Qunajule,ET050105
ET050106888006,Riqe,ET050105
ET050106888003,Selahi,ET050105
ET050106888004,Sinsalu,ET050105
ET050106888007,Todobashi,ET050105
ET050107888009,Andobed,ET050106
ET050107888010,Berder,ET050106
ET050107888004,Biyo_gerea,ET050106
ET050107888002,Didle,ET050106
ET050107888008,Gebi,ET050106
ET050107888012,Gedehosh,ET050106
ET050107888005,Gedid_kate,ET050106
ET050107888003,Gediweyni,ET050106
ET050107888001,Gurgur,ET050106
ET050107101001,Hadigala 01,ET050106
ET050107101002,Hadigala 02,ET050106
ET050107101003,Hadigala 03,ET050106
ET050107888006,Har_nun,ET050106
ET050107888011,Jebenkelil,ET050106
ET050107888007,Waruf,ET050106
ET050105888002,Afase,ET050107
ET050105888004,Butuji,ET050107
ET050105888015,Geditosen,ET050107
ET050105888005,Gedugas,ET050107
ET050105888009,Hardim,ET050107
ET050105888013,Hulikadoba,ET050107
ET050105888014,Kababaha,ET050107
ET050105888001,Kaha,ET050107
ET050105888008,Kato,ET050107
ET050105888012,Kulimiye,ET050107
ET050105888011,Kurifasawa,ET050107
ET050105888006,Medane,ET050107
ET050105888010,Mencha,ET050107
ET050105101002,Mulu 01,ET050107
ET050105101001,Mulu 02,ET050107
ET050105888016,Sumadaye,ET050107
ET050105888007,Todobashi,ET050107
ET050105888003,Wujidila,ET050107
ET050109888007,Bareda,ET050198
ET050109101002,Bike-zero And,ET050198
ET050109101001,Bike-zero Hulet,ET050198
ET050109888006,Biyo-Kululi,ET050198
ET050109888010,Biyo-Man,ET050198
ET050109888003,Bokoli,ET050198
ET050109888002,Dinkorini,ET050198
ET050109888012,Eloday,ET050198
ET050109888008,Gofagab,ET050198
ET050109888009,Gota,ET050198
ET050109888001,Hanweela,ET050198
ET050109888013,Hilinkaad,ET050198
ET050109888005,Hula Bora,ET050198
ET050109888011,Kara-Biyo,ET050198
ET050109888004,Makora,ET050198
ET050108888013,Abona Kora,ET050199
ET050108888004,Agabad,ET050199
ET050108888001,Awda,ET050199
ET050108888007,Badu Daga,ET050199
ET050108888011,Bildiq,ET050199
ET050108888010,Fedeto,ET050199
ET050108888005,Garba Ad,ET050199
ET050108888002,Geblalu,ET050199
ET050108101001,Hariso,ET050199
ET050108888009,Hore,ET050199
ET050108888012,Lafjaad,ET050199
ET050108888003,Qalatu,ET050199
ET050108888008,Qaqile,ET050199
ET050108888006,Siliga Kora,ET050199
ET050202888003,Adada,ET050202
ET050202888011,Bekihalo,ET050202
ET050202888020,Berkele,ET050202
ET050202101001,Bombas 01,ET050202
ET050202101002,Bombas 02,ET050202
ET050202888012,Dufis,ET050202
ET050202888007,Elharlat,ET050202
ET050202201001,Fafan 01,ET050202
ET050202888005,Gerbah,ET050202
ET050202888006,Goljeno,ET050202
ET050202888018,Gurshine,ET050202
ET050202888019,Hadenita,ET050202
ET050202888004,Halahago,ET050202
ET050202888002,Keliyal,ET050202
ET050202888010,Megol,ET050202
ET050202888017,Noliye,ET050202
ET050202888014,Qore,ET050202
ET050202888001,Qubjara,ET050202
ET050202888008,Quda Metana,ET050202
ET050202888009,Shek Abduselam,ET050202
ET050202888013,Tekdem,ET050202
ET050202888021,Werable,ET050202
ET050202888016,Woreali,ET050202
ET050202888015,Woreguyo,ET050202
ET050201888012,Ali Ethiopia,ET050203
ET050201888004,Anodi,ET050203
ET050201888002,Biko,ET050203
ET050201888015,Burka,ET050203
ET050201888011,Dawrota,ET050203
ET050201101001,Dendema,ET050203
ET050201888005,Elbahe,ET050203
ET050201888009,Elgab,ET050203
ET050201888006,Elgeri,ET050203
ET050201888008,Elgobeya,ET050203
ET050201888013,Eresa,ET050203
ET050201888017,Fuyan Chebsa,ET050203
ET050201888007,Gerbe Dimo,ET050203
ET050201888003,Halobiyo,ET050203
ET050201888010,Hassen Guracha,ET050203
ET050203101001,Kebele01,ET050203
ET050203101002,Kebele02,ET050203
ET050203101003,Kebele03,ET050203
ET050203101004,Kebele04,ET050203
ET050203101005,Kebele05,ET050203
ET050203101006,Kebele06,ET050203
ET050203101007,Kebele07,ET050203
ET050203101008,Kebele08,ET050203
ET050201888001,Kora,ET050203
ET050201888016,Minadir,ET050203
ET050205888032,Abyfulan,ET050205
ET050205888039,Afarta,ET050205
ET050205888005,Agerewyne,ET050205
ET050205888009,Andedershe,ET050205
ET050205101002,Awobera 01 Kebele,ET050205
ET050205101001,Awobera 02 Kebele,ET050205
ET050205888019,Ayale,ET050205
ET050205888012,Beredo,ET050205
ET050205888038,Bidila,ET050205
ET050205888021,Bodlay,ET050205
ET050205888037,Dehan,ET050205
ET050205888023,Dere,ET050205
ET050205888028,Dumdumad,ET050205
ET050205888029,Gedeb,ET050205
ET050205888018,Gelawdeli,ET050205
ET050205888015,Gobable,ET050205
ET050205888031,Gobera Sara,ET050205
ET050205401001,Gobiyer,ET050205
ET050205888002,Gunade,ET050205
ET050205888017,Haliso,ET050205
ET050205888022,Hasedin,ET050205
ET050205888010,Hergele,ET050205
ET050205888016,Hilingab,ET050205
ET050205888008,Ilaladera,ET050205
ET050205888001,Jare and Gobiyer leyu got,ET050205
ET050205888006,Kalaruk,ET050205
ET050205888035,Kebrimalin,ET050205
ET050205888027,Kerendikot,ET050205
ET050205301001,Lefessa,ET050205
ET050205888033,Leftakadiga,ET050205
ET050205888013,Libaful,ET050205
ET050205888034,Megala Bute,ET050205
ET050205888036,Mehamed Ali,ET050205
ET050205888024,Qebrinun,ET050205
ET050205888026,Rujus,ET050205
ET050205888030,Sadiqali,ET050205
ET050205201001,Sheder,ET050205
ET050205888007,Shehasly,ET050205
ET050205888020,Shekale,ET050205
ET050205888025,Shekdewali,ET050205
ET050205888011,Turwali,ET050205
ET050205888004,Uduguwoyen,ET050205
ET050205888003,Wegerale,ET050205
ET050205888014,Werabyoure,ET050205
ET050206101002,1,ET050206
ET050206101003,2,ET050206
ET050206101001,3,ET050206
ET050206101004,4,ET050206
ET050206888023,Adady,ET050206
ET050206888003,Alaybadey,ET050206
ET050206888009,Birsle,ET050206
ET050206888006,Bushalie,ET050206
ET050206888011,Chingada,ET050206
ET050206888014,Danaba,ET050206
ET050206888005,Dibile,ET050206
ET050206888001,Duriya,ET050206
ET050206888025,Durwale,ET050206
ET050206888007,Egato,ET050206
ET050206888010,Fedega,ET050206
ET050206888020,Ferda,ET050206
ET050206888024,Garbile,ET050206
ET050206888017,Gerbi,ET050206
ET050206888012,Gilo,ET050206
ET050206888008,Goljeno,ET050206
ET050206888026,Gumer,ET050206
ET050206888013,Guyo,ET050206
ET050206888019,Hare,ET050206
ET050206201001,Hartishek_02,ET050206
ET050206201002,Hartlshek_01,ET050206
ET050206888022,Kaha,ET050206
ET050206888004,Kebrehantin,ET050206
ET050206888016,Lebesheg,ET050206
ET050206888018,Mergacho,ET050206
ET050206888015,Qotoroble,ET050206
ET050206888021,Risle,ET050206
ET050206888002,Werabajiru,ET050206
ET050207888018,Aboker Ahimed,ET050207
ET050207888011,Afufule,ET050207
ET050207888013,Arare,ET050207
ET050207888014,Beleaman,ET050207
ET050207888010,Belease,ET050207
ET050207888015,Beligubele,ET050207
ET050207888017,Burwako,ET050207
ET050207888003,Deblewoyni,ET050207
ET050207888007,Derbiga,ET050207
ET050207888006,Farahliben,ET050207
ET050207888002,Frewoyn,ET050207
ET050207888008,Gumerta,ET050207
ET050207101001,Harshin,ET050207
ET050207888016,Kamhashin,ET050207
ET050207888005,Kudamayle,ET050207
ET050207888012,Lankarta,ET050207
ET050207888001,Lefeslamot,ET050207
ET050207888004,Medewoyn,ET050207
ET050207888009,Mirmir,ET050207
ET050213888009,Amedle,ET050213
ET050213888001,Beledka,ET050213
ET050213888004,Biyade,ET050213
ET050213888015,Bodlie,ET050213
ET050213888020,Buladari,ET050213
ET050213888013,Dadi,ET050213
ET050213888012,Dudafe,ET050213
ET050213888008,Dulbit,ET050213
ET050213888016,Dusha,ET050213
ET050213888014,Gersale,ET050213
ET050213888003,Hadenta,ET050213
ET050213888002,Hadew,ET050213
ET050213888005,Hanjabi,ET050213
ET050213888010,Hare,ET050213
ET050213888017,Haro Hawud,ET050213
ET050213888018,Lef Medele,ET050213
ET050213888011,Lefta Gelolka,ET050213
ET050213888006,Shebele,ET050213
ET050213888007,Shek Abdi Selam,ET050213
ET050213888019,Sudan,ET050213
ET050209888004,Badelemo,ET050283
ET050209888008,Biyo,ET050283
ET050209888003,Chefe Bedy,ET050283
ET050209888001,Darim Derbile,ET050283
ET050209888002,Derbiga,ET050283
ET050209888007,Double Win,ET050283
ET050209888010,Elmal,ET050283
ET050209888009,Fed Ad,ET050283
ET050209888015,Gebigebo,ET050283
ET050209888011,Gilbob,ET050283
ET050209888014,Godene,ET050283
ET050209888006,Jidile,ET050283
ET050209888013,Kontoma,ET050283
ET050209101001,Tulu Guled,ET050283
ET050209888005,Tulu Guled,ET050283
ET050209888012,Ulaula,ET050283
ET050211888013,Anane,ET050290
ET050211888008,Beradeye,ET050290
ET050211888014,Daletiyown,ET050290
ET050211888015,Delesha,ET050290
ET050211888009,Denka,ET050290
ET050211888005,Elobo,ET050290
ET050211888003,Garsa,ET050290
ET050211888002,Genbesye,ET050290
ET050211888010,Gere,ET050290
ET050211101002,Golgeno 01 Kebele,ET050290
ET050211101001,Golgeno 02 Kebele,ET050290
ET050211888006,Gulufa,ET050290
ET050211888001,Melkedeas,ET050290
ET050211888004,Melkeka,ET050290
ET050211888012,Mersin,ET050290
ET050211888011,Qodihale,ET050290
ET050211888007,Senmedele,ET050290
ET050212101024,1,ET050293
ET050212101008,10,ET050293
ET050212101011,11,ET050293
ET050212101015,12,ET050293
ET050212101014,13,ET050293
ET050212101022,14,ET050293
ET050212101028,15,ET050293
ET050212101007,16,ET050293
ET050212101009,17,ET050293
ET050212101017,18,ET050293
ET050212101010,19,ET050293
ET050212101025,2,ET050293
ET050212101020,20,ET050293
ET050212101026,3,ET050293
ET050212101027,4,ET050293
ET050212101018,5,ET050293
ET050212101019,6,ET050293
ET050212101016,7,ET050293
ET050212101023,8,ET050293
ET050212101021,9,ET050293
ET050212101005,Blandere,ET050293
ET050212101013,Boledid,ET050293
ET050212101006,Dint Debele,ET050293
ET050212101001,Dud Hidi,ET050293
ET050212101003,Elbay,ET050293
ET050212101029,Eromedw,ET050293
ET050212101004,Farahole,ET050293
ET050212101012,Karamara,ET050293
ET050212101002,Korder,ET050293
ET050210888005,Dulkora,ET050297
ET050210888001,Golbet,ET050297
ET050210888002,Hagel,ET050297
ET050210888004,Hora Kelifo,ET050297
ET050210101002,Mula 01,ET050297
ET050210101001,Mula 02,ET050297
ET050210888003,Qoran,ET050297
ET050210888006,Qorati,ET050297
ET050210888008,Senhaskule,ET050297
ET050210888007,Wersuk,ET050297
ET050204888009,Abidy Kebecher,ET050298
ET050204888014,Akara,ET050298
ET050204888010,Ande Dirshe,ET050298
ET050204101001,Harores Ketema,ET050298
ET050204888006,Hert Albele,ET050298
ET050204888015,Jama Bohad,ET050298
ET050204888003,Keredle,ET050298
ET050204888002,Koretle,ET050298
ET050204888007,Lebedegan,ET050298
ET050204888013,Lefit Tonta,ET050298
ET050204888012,Qebry Ahimed,ET050298
ET050204888001,Rahigdere,ET050298
ET050204888011,Sahitle,ET050298
ET050204888005,Torwad,ET050298
ET050204888004,Welgo,ET050298
ET050204888008,Yosile,ET050298
ET050208888007,Arow,ET050299
ET050208888001,Bolol,ET050299
ET050208888014,Debi,ET050299
ET050208888008,Demel Bole,ET050299
ET050208888012,Dorewanje Gatere,ET050299
ET050208101001,Doronaj,ET050299
ET050208888002,Gogti,ET050299
ET050208888010,Haremo,ET050299
ET050208888009,Horef,ET050299
ET050208888005,Jirgir,ET050299
ET050208888013,Keynfalato,ET050299
ET050208888004,Lasanod,ET050299
ET050208888006,Lelikal,ET050299
ET050208888015,Qoton,ET050299
ET050208888011,Sererka,ET050299
ET050208888003,Shek Nebed Geliyo,ET050299
ET050301888001,Biyo Khadade,ET050301
ET050301888014,Biyo-jifi,ET050301
ET050301888007,Farso,ET050301
ET050301888012,Goray,ET050301
ET050301888003,Gujifika,ET050301
ET050301888013,Habas Dhowr,ET050301
ET050301888015,Hamudlay,ET050301
ET050301888006,Hedan,ET050301
ET050301888010,Hida Barwaqo,ET050301
ET050301888004,Kukita,ET050301
ET050301888002,Kusacawl,ET050301
ET050301888011,Mundulika,ET050301
ET050301888009,Ondehere,ET050301
ET050301888005,Qabri-adad,ET050301
ET050301888008,Tantomi,ET050301
ET050301101003,Zero Andi,ET050301
ET050301101002,Zero Hulet,ET050301
ET050301101001,Zero Sosit,ET050301
ET050302888014,Agasur,ET050302
ET050302888005,Boodley,ET050302
ET050302888024,Bulale,ET050302
ET050302888028,Dabile,ET050302
ET050302888004,Degehabaro,ET050302
ET050302888021,Diyar,ET050302
ET050302888027,Dogor Jir,ET050302
ET050302888018,Dumodka,ET050302
ET050302888017,Filfal,ET050302
ET050302888015,Ga-An,ET050302
ET050302888019,Garawo,ET050302
ET050302888003,Ged Adley,ET050302
ET050302888009,Golol Dere,ET050302
ET050302888011,Hajin,ET050302
ET050302888007,Higiloley,ET050302
ET050302888025,Hodale,ET050302
ET050302888013,Isenune,ET050302
ET050302888016,Labi Alen,ET050302
ET050302888020,Labiga,ET050302
ET050302888008,Lafta-At,ET050302
ET050302888023,Lasgalol,ET050302
ET050302888010,Mursel,ET050302
ET050302888002,Obile,ET050302
ET050302888012,Qowulid,ET050302
ET050302888006,Qumen,ET050302
ET050302888026,Sasemene,ET050302
ET050302888022,Senddahile,ET050302
ET050302888001,Sudi,ET050302
ET050303888006,Adaadley,ET050303
ET050303888010,Barita,ET050303
ET050303888004,Bukudhawa,ET050303
ET050303888007,Darandarmoje,ET050303
ET050303888008,Dhakabaharo,ET050303
ET050303888009,Gurdhumi,ET050303
ET050303888003,Harmukale,ET050303
ET050303888011,Kabog,ET050303
ET050303888005,Koore,ET050303
ET050303888002,Madhedhele,ET050303
ET050303888001,Mermersane,ET050303
ET050303888012,Wado Berwako,ET050303
ET050303101003,Zero Anid,ET050303
ET050303101002,Zero Hulet,ET050303
ET050303101001,Zero Sosit,ET050303
ET050304888001,Adaada,ET050304
ET050304888011,Ali Jama,ET050304
ET050304888007,Bali-dhaye,ET050304
ET050304888009,Bodadhere,ET050304
ET050304888005,Garanugule,ET050304
ET050304888008,Gorgor,ET050304
ET050304888003,Halixalis,ET050304
ET050304888010,Hashi Agole,ET050304
ET050304888006,Hayewayne,ET050304
ET050304888004,In Nuur Muse,ET050304
ET050304888012,Keydar-labile,ET050304
ET050304888014,Lankeyrta,ET050304
ET050304888002,Maanyare,ET050304
ET050304888013,Moholin,ET050304
ET050304888015,Raqida,ET050304
ET050304101001,Zero Anid,ET050304
ET050304101002,Zero Hulet,ET050304
ET050310888010,Adadiliyo,ET050305
ET050310888009,Belidure,ET050305
ET050310888011,Beliseredo,ET050305
ET050310888002,Bulhan,ET050305
ET050310888013,Firmedo,ET050305
ET050310888003,Gesedero,ET050305
ET050310888005,Goblay,ET050305
ET050310101004,Kebele Four,ET050305
ET050310101001,Kebele One,ET050305
ET050310101003,Kebele Three,ET050305
ET050310101002,Kebele Two,ET050305
ET050310888007,Kereri,ET050305
ET050310888006,Kortodere,ET050305
ET050310888001,Lefole,ET050305
ET050310888012,Magala Ad,ET050305
ET050310888008,Mirta,ET050305
ET050310888004,Qeloan,ET050305
ET050308888001,Arberis,ET050306
ET050308888003,Bohilelay,ET050306
ET050308888006,Gelil,ET050306
ET050308888002,Goselaly,ET050306
ET050308888004,Meduyely,ET050306
ET050308888005,Sondore,ET050306
ET050308101001,Zero Anid,ET050306
ET050308101002,Zero Hulet,ET050306
ET050312101006,Zero Amisit,ET050307
ET050312101009,Zero Anid,ET050307
ET050312101005,Zero Arat,ET050307
ET050312101001,Zero Asir,ET050307
ET050312101003,Zero Hulett,ET050307
ET050312101008,Zero Sebat,ET050307
ET050312101007,Zero Sidist,ET050307
ET050312101010,Zero Simnit,ET050307
ET050312101004,Zero Sosit,ET050307
ET050312101002,Zero Zetengi,ET050307
ET050309888015,Afiwayine,ET050382
ET050309888008,Awelkudel,ET050382
ET050309888009,Biyogududi,ET050382
ET050309888001,Dasigeniyo,ET050382
ET050309888002,Dibrowoyin,ET050382
ET050309888006,Dulibiyale,ET050382
ET050309888014,Dusimo,ET050382
ET050309888011,Golofadid,ET050382
ET050309888003,Masile,ET050382
ET050309888012,Qayidar Kadile,ET050382
ET050309888010,Ragi (dhiya),ET050382
ET050309888007,Ragi (dhiya) 1,ET050382
ET050309888004,Sahada,ET050382
ET050309888013,Shilibarka,ET050382
ET050309888005,Warta Hamdul,ET050382
ET050309101002,Zero Anidi,ET050382
ET050309101001,Zero Hulet,ET050382
ET050305888002,Adanwerabe,ET050392
ET050305888010,Balisur,ET050392
ET050305888006,Bordure,ET050392
ET050305888004,Esigoyiska,ET050392
ET050305888001,Gashanika,ET050392
ET050305888013,Gosse,ET050392
ET050305888003,Kamaaboker,ET050392
ET050305888005,Kamidile,ET050392
ET050305888008,Karosika,ET050392
ET050305888014,Kemeroyan,ET050392
ET050305888007,Rebaso,ET050392
ET050305888011,Shebele,ET050392
ET050305888009,Wabader,ET050392
ET050305888012,Wanik,ET050392
ET050305101001,Zero Anid,ET050392
ET050305101002,Zero Hulet,ET050392
ET050307888004,Aloldar,ET050394
ET050307888009,Beka,ET050394
ET050307888005,Canburale,ET050394
ET050307888008,Elhar,ET050394
ET050307888003,Gomar,ET050394
ET050307888001,Harade,ET050394
ET050307888010,Hergalol,ET050394
ET050307888007,Hilay,ET050394
ET050307888002,Husale,ET050394
ET050307888006,Kabile,ET050394
ET050307888011,Sanka Dane,ET050394
ET050307101001,Zero Anid,ET050394
ET050307101002,Zero Hulet,ET050394
ET050306888003,Alady Aley,ET050395
ET050306888006,Daresalam,ET050395
ET050306888011,Digiriley,ET050395
ET050306888008,Dintaab,ET050395
ET050306888010,Dulimigag,ET050395
ET050306888005,Garbodinley,ET050395
ET050306888002,Halijid,ET050395
ET050306888007,Lasgalol,ET050395
ET050306888012,Magalo Ada,ET050395
ET050306888001,Moyaha,ET050395
ET050306888004,Sangumare,ET050395
ET050306888009,Ubahile,ET050395
ET050306888013,Worgule,ET050395
ET050306101001,Zero Anid,ET050395
ET050306101002,Zero Hulet,ET050395
ET050311888002,Ananu,ET050399
ET050311888006,Balikalif,ET050399
ET050311888009,Detu,ET050399
ET050311888004,Garonka,ET050399
ET050311888001,Guran,ET050399
ET050311888007,Kedamero,ET050399
ET050311888008,Leftikelechan,ET050399
ET050311888005,Leku,ET050399
ET050311888003,Lobob,ET050399
ET050311888010,Wergatsen,ET050399
ET050311101002,Zero Anid,ET050399
ET050311101003,Zero Hulet,ET050399
ET050311101001,Zero Sosit,ET050399
ET050402888005,Aloosane,ET050402
ET050402888014,Awusimane(Cawsmacaan),ET050402
ET050402888008,Dhanqa,ET050402
ET050402888011,Dulgudud,ET050402
ET050402888002,Dundumad,ET050402
ET050402888017,Gebeya,ET050402
ET050402888004,Hardhegah,ET050402
ET050402888012,Hilaac,ET050402
ET050402888013,Hodanweyne,ET050402
ET050402888006,Jeerin,ET050402
ET050402888003,Misgmariha,ET050402
ET050402888010,Mugwane,ET050402
ET050402888009,Qorey(Koray),ET050402
ET050402888015,Qudamaydal (Qudhcmaydal),ET050402
ET050402888016,Salida,ET050402
ET050402888001,Simane,ET050402
ET050402888007,Tukale,ET050402
ET050402101003,Zero Anid,ET050402
ET050402101002,Zero Arat,ET050402
ET050402101004,Zero Hulet,ET050402
ET050402101001,Zero Sosit,ET050402
ET050404888010,Anfi,ET050404
ET050404888003,Debehunbeni,ET050404
ET050404888002,Debela,ET050404
ET050404888001,Dilan,ET050404
ET050404888011,Duruale,ET050404
ET050404888005,Galetuben,ET050404
ET050404888008,Gerbora,ET050404
ET050404888014,Gesanges,ET050404
ET050404888006,Gohdi,ET050404
ET050404888004,Hardegah,ET050404
ET050404888012,Keliadad,ET050404
ET050404888009,Legedhere,ET050404
ET050404888007,Selahkelifo,ET050404
ET050404888013,Tumeker,ET050404
ET050404101003,Zero Anidi,ET050404
ET050404101001,Zero Hulet,ET050404
ET050404101002,Zero Sosit,ET050404
ET050407888013,Afwyne,ET050407
ET050407888015,Arogi,ET050407
ET050407888011,Badiful,ET050407
ET050407888005,Busa,ET050407
ET050407888002,Eldberde,ET050407
ET050407888010,Eldere,ET050407
ET050407888017,Gabrile,ET050407
ET050407888016,Geldox,ET050407
ET050407888003,Gobdheere,ET050407
ET050407888004,Jaarsow,ET050407
ET050407888007,Kalabydad,ET050407
ET050407888006,Kuusbarwko,ET050407
ET050407888009,Lebagedi,ET050407
ET050407888001,Mudhi,ET050407
ET050407888012,Qodhere,ET050407
ET050407888008,Qudhacle,ET050407
ET050407888014,Subani,ET050407
ET050407101001,Zero Anid,ET050407
ET050407101002,Zero Arat,ET050407
ET050407101004,Zero Hulet,ET050407
ET050407101003,Zero Sosit,ET050407
ET050405888015,Ajusareb,ET050408
ET050405888018,Arustija,ET050408
ET050405888009,Dera,ET050408
ET050405888002,Dhobale,ET050408
ET050405888013,Dimtu,ET050408
ET050405888005,Finjawe,ET050408
ET050405888003,Gagure,ET050408
ET050405888017,Gemole,ET050408
ET050405888001,Hankarura,ET050408
ET050405888011,Harabura,ET050408
ET050405888008,Harahawiye,ET050408
ET050405888014,Harjano,ET050408
ET050405888010,Haroresa,ET050408
ET050405888020,Jidomisre,ET050408
ET050405888016,Kensa,ET050408
ET050405888004,Kulande,ET050408
ET050405888006,Labiga,ET050408
ET050405888019,Megalaad,ET050408
ET050405888012,Nadi,ET050408
ET050405888007,Sarka,ET050408
ET050405101002,Zero Anidi,ET050408
ET050405101003,Zero Hulet,ET050408
ET050405101001,Zero Sosit,ET050408
ET050406888003,Dulgobay,ET050497
ET050406888014,Gabagabe,ET050497
ET050406888011,Geraga,ET050497
ET050406888005,Gerboder,ET050497
ET050406888012,Gohdi,ET050497
ET050406888001,Hamo,ET050497
ET050406888013,Harelibaha,ET050497
ET050406888006,Harmelmal,ET050497
ET050406888016,Haryoa,ET050497
ET050406888010,Hijiji,ET050497
ET050406888015,Hodale,ET050497
ET050406888004,Kereri,ET050497
ET050406888008,Kodwanag,ET050497
ET050406888009,Magala Ad,ET050497
ET050406888002,Qudader,ET050497
ET050406888017,Saleg,ET050497
ET050406888007,Weshaqo,ET050497
ET050406101001,Zero Anid,ET050497
ET050406101002,Zero Hulet,ET050497
ET050403888001,Bashuro,ET050498
ET050403888005,Boodley,ET050498
ET050403888002,Buhiso,ET050498
ET050403888004,Demajo,ET050498
ET050403888008,Dirikley,ET050498
ET050403888007,Hangey,ET050498
ET050403888006,Hensarare,ET050498
ET050403888003,Nureda,ET050498
ET050403101001,Zero Anidi,ET050498
ET050403101002,Zero Hulet,ET050498
ET050408101002,1,ET050499
ET050408101001,2,ET050499
ET050408888005,Balisharif,ET050499
ET050408888004,Banan Dayured,ET050499
ET050408888007,Bardaley,ET050499
ET050408888006,Dulgudud,ET050499
ET050408888002,Hardurwa,ET050499
ET050408888003,Sanmadobe,ET050499
ET050408888001,Wiyiley,ET050499
ET050501101001,1,ET050501
ET050501101002,2,ET050501
ET050501101003,3,ET050501
ET050501888002,Biyole,ET050501
ET050501888006,Dumale,ET050501
ET050501888010,Herir,ET050501
ET050501888005,Kerenagag,ET050501
ET050501888004,Kerendab,ET050501
ET050501888009,Kururahey,ET050501
ET050501888003,Mera Gududushe,ET050501
ET050501888007,Qelad,ET050501
ET050501888008,Radoye,ET050501
ET050501888012,Sambole,ET050501
ET050501888001,Stooh,ET050501
ET050501888011,Wujiwaji,ET050501
ET050502888004,Dadin,ET050502
ET050502888005,Delat,ET050502
ET050502888003,Dudied,ET050502
ET050502888002,Elhar,ET050502
ET050502888009,Forche,ET050502
ET050502888001,Kerembiele,ET050502
ET050502888006,Melkafoyin,ET050502
ET050502888008,Merato,ET050502
ET050502888007,Tukale,ET050502
ET050503101001,1,ET050503
ET050503101003,2,ET050503
ET050503101002,3,ET050503
ET050503888006,Aftole,ET050503
ET050503888004,Allen,ET050503
ET050503888002,Biliwriri,ET050503
ET050503888010,Dalenbia,ET050503
ET050503888011,Denabad,ET050503
ET050503888012,Ergudebuen,ET050503
ET050503888003,Jalebo,ET050503
ET050503888009,Labbare,ET050503
ET050503888008,Lasa Ano,ET050503
ET050503888005,Lasole,ET050503
ET050503888001,Qersoni,ET050503
ET050503888007,Tuluawil,ET050503
ET050504101001,1,ET050504
ET050504101002,2,ET050504
ET050504101003,3,ET050504
ET050504888004,Awlesar,ET050504
ET050504888006,Delala,ET050504
ET050504888007,Derkenweid,ET050504
ET050504888003,Elemod,ET050504
ET050504888005,Harano,ET050504
ET050504888002,Harunta,ET050504
ET050504888001,Jidale,ET050504
ET050504888008,Negedwein,ET050504
ET050506101001,1,ET050586
ET050506201001,1,ET050586
ET050506301001,1,ET050586
ET050506101002,2,ET050586
ET050506201002,2,ET050586
ET050506301002,2,ET050586
ET050506201003,3,ET050586
ET050506301003,3,ET050586
ET050506201004,4,ET050586
ET050506301004,4,ET050586
ET050506888006,Bambase,ET050586
ET050506888013,Chea,ET050586
ET050506888002,Dekeyebor,ET050586
ET050506888004,Depahes,ET050586
ET050506888014,Eskudele,ET050586
ET050506888011,Gabogabo,ET050586
ET050506888009,Garwan,ET050586
ET050506888003,Gumbis,ET050586
ET050506888005,Guriyesamo,ET050586
ET050506888016,Hararkawar,ET050586
ET050506888012,Lander,ET050586
ET050506888015,Mirilander,ET050586
ET050506888007,Nusteric,ET050586
ET050506888010,Towonayile,ET050586
ET050506888008,Tullamber,ET050586
ET050506888001,Waysha,ET050586
ET050511101003,1,ET050592
ET050511101007,10,ET050592
ET050511101006,2,ET050592
ET050511101008,3,ET050592
ET050511101009,4,ET050592
ET050511101004,5,ET050592
ET050511101005,6,ET050592
ET050511101010,7,ET050592
ET050511101001,8,ET050592
ET050511101002,9,ET050592
ET050508101001,1,ET050595
ET050508888007,Ashalile,ET050595
ET050508888001,Badiad,ET050595
ET050508888004,Barajisile,ET050595
ET050508888008,Bube,ET050595
ET050508888009,Dure,ET050595
ET050508888005,Kuraweyine,ET050595
ET050508888002,Madamarush,ET050595
ET050508888006,Shinle,ET050595
ET050508888003,Smode,ET050595
ET050508888010,Tayin,ET050595
ET050505101001,1,ET050596
ET050505101002,2,ET050596
ET050505888001,Jugle,ET050596
ET050505888003,Kebtnag,ET050596
ET050505888002,Kelyal,ET050596
ET050505888004,Lankert,ET050596
ET050505888005,Serdale,ET050596
ET050510101002,1,ET050597
ET050510101001,2,ET050597
ET050510888003,Gadelan,ET050597
ET050510888002,Habaltir,ET050597
ET050510888001,Kalankale,ET050597
ET050507101002,1,ET050598
ET050507101001,2,ET050598
ET050507888001,Adele,ET050598
ET050507888002,Buches,ET050598
ET050507888005,Kelad,ET050598
ET050507888003,Kelankele,ET050598
ET050507888004,Sewein,ET050598
ET050509101001,1,ET050599
ET050509888004,Dawadaday,ET050599
ET050509888001,Dudu Fike,ET050599
ET050509888003,Gara,ET050599
ET050509888005,Geledede,ET050599
ET050509888007,Goska Obalay,ET050599
ET050509888002,Hada,ET050599
ET050509888009,Kosbalade,ET050599
ET050509888006,Warandab,ET050599
ET050509888008,Waylojogen,ET050599
ET050601101001,1,ET050601
ET050601101002,2,ET050601
ET050601888004,Ballaye,ET050601
ET050601888003,Boranka,ET050601
ET050601888005,Daiye,ET050601
ET050601888008,Dire,ET050601
ET050601888001,Gocho,ET050601
ET050601888002,Godius,ET050601
ET050601888011,Hidigta,ET050601
ET050601888012,Kudalle,ET050601
ET050601888013,Libahlle,ET050601
ET050601888010,Madina,ET050601
ET050601888007,Mukale,ET050601
ET050601888006,Muke,ET050601
ET050601888009,Sigadire,ET050601
ET050602888005,Biyole,ET050602
ET050602101001,Bohal Hagere,ET050602
ET050602888002,Burseredo,ET050602
ET050602888009,Debefid,ET050602
ET050602888003,Defdefe,ET050602
ET050602888001,Gebel,ET050602
ET050602888007,Halogududu,ET050602
ET050602888012,Harsug,ET050602
ET050602888008,Higlo,ET050602
ET050602888011,Jiyre,ET050602
ET050602888006,Melkeselah,ET050602
ET050602888014,Morodule,ET050602
ET050602888004,Sigole,ET050602
ET050602888013,Todob,ET050602
ET050602888010,Wardid,ET050602
ET050603101003,1,ET050603
ET050603101002,2,ET050603
ET050603101001,3,ET050603
ET050603888002,Ba'ad,ET050603
ET050603888009,Badias,ET050603
ET050603888004,Birkoyer,ET050603
ET050603888010,Denberweyine,ET050603
ET050603888001,Ferjano,ET050603
ET050603888008,Ijid,ET050603
ET050603888006,Kore,ET050603
ET050603888011,Lemu,ET050603
ET050603888005,Qora,ET050603
ET050603888003,Shinle,ET050603
ET050603888007,Welaligo,ET050603
ET050604888011,Bare,ET050604
ET050604888006,Bedilad,ET050604
ET050604888001,Degeno,ET050604
ET050604888010,Dudade,ET050604
ET050604888008,Elan,ET050604
ET050604888004,Gebias,ET050604
ET050604101001,Hadawe,ET050604
ET050604888007,Hedodole,ET050604
ET050604888002,Kayene,ET050604
ET050604888012,Kerinka,ET050604
ET050604888005,Kunka,ET050604
ET050604888003,Welisdik,ET050604
ET050604888009,Yehasjemal,ET050604
ET050605101001,1,ET050605
ET050605201001,1,ET050605
ET050605301001,1,ET050605
ET050605401001,1,ET050605
ET050605101002,2,ET050605
ET050605888003,Alogarisi,ET050605
ET050605888008,Bargun,ET050605
ET050605888009,Bolawos,ET050605
ET050605888006,Burado,ET050605
ET050605888004,Burgabo,ET050605
ET050605888002,Debeketure,ET050605
ET050605888007,Deriko,ET050605
ET050605888001,Gen,ET050605
ET050605888010,Jakdur,ET050605
ET050605888005,Lukdere,ET050605
ET050606101002,1,ET050606
ET050606101001,2,ET050606
ET050606888002,Ayoll,ET050606
ET050606888005,Budul,ET050606
ET050606888009,Dudumegaris,ET050606
ET050606888004,Fegug,ET050606
ET050606888006,Furug,ET050606
ET050606888008,Godarow,ET050606
ET050606888007,Jiia,ET050606
ET050606888010,Koben,ET050606
ET050606888011,Merdis,ET050606
ET050606888003,Qeboba,ET050606
ET050606888001,Sedah Bar,ET050606
ET050607101001,1,ET050607
ET050607101002,2,ET050607
ET050607888006,Aballe,ET050607
ET050607888005,Adale,ET050607
ET050607888001,Barmagog,ET050607
ET050607888003,Burukur,ET050607
ET050607888004,Debedare,ET050607
ET050607888002,Golasubo,ET050607
ET050608101001,01 Kebele,ET050608
ET050608101002,02 Kebele,ET050608
ET050608888001,Arbaraat,ET050608
ET050608888004,Durwale,ET050608
ET050608888005,Elder,ET050608
ET050608888002,Hagarad,ET050608
ET050608888007,Laborie,ET050608
ET050608888006,Megalaad,ET050608
ET050608888003,Siqaley,ET050608
ET050609101001,01 Kebele,ET050609
ET050609101002,02 Kebele,ET050609
ET050609888011,Berdah Qorah,ET050609
ET050609888012,Biyolow,ET050609
ET050609888010,Debaldag,ET050609
ET050609888003,Demeray,ET050609
ET050609888005,Dibudijin,ET050609
ET050609888007,Dudun,ET050609
ET050609888009,Herbrise,ET050609
ET050609888006,Hosweyne,ET050609
ET050609888001,Lab,ET050609
ET050609888002,Qorah,ET050609
ET050609888004,Raranle,ET050609
ET050609888008,Sengabar,ET050609
ET050610101002,1,ET050610
ET050610101001,2,ET050610
ET050610888004,Armale,ET050610
ET050610888002,Bargun,ET050610
ET050610888003,Dure,ET050610
ET050610888001,Hadi Hadeye,ET050610
ET050610888005,Hareweyen,ET050610
ET050611101005,1,ET050611
ET050611101001,10,ET050611
ET050611101004,2,ET050611
ET050611101003,3,ET050611
ET050611101002,4,ET050611
ET050611101008,5,ET050611
ET050611101007,6,ET050611
ET050611101009,7,ET050611
ET050611101006,8,ET050611
ET050611101010,9,ET050611
ET050701101002,1,ET050701
ET050701101001,2,ET050701
ET050701888007,Alibere,ET050701
ET050701888013,Bohedle,ET050701
ET050701888005,Elmoge,ET050701
ET050701888001,Garoon,ET050701
ET050701888006,Gole,ET050701
ET050701888008,Harsimaf,ET050701
ET050701888010,Hegale,ET050701
ET050701888009,Kerero,ET050701
ET050701888002,Korile,ET050701
ET050701888012,Qudadelan,ET050701
ET050701888003,Semu,ET050701
ET050701888011,Sererwein,ET050701
ET050701888004,Talole,ET050701
ET050702101001,1,ET050702
ET050702101002,2,ET050702
ET050702101003,3,ET050702
ET050702888015,Adimal,ET050702
ET050702888020,Afaridod,ET050702
ET050702888007,Agerbel,ET050702
ET050702888027,Aliale,ET050702
ET050702888011,Angelo,ET050702
ET050702888003,Beliad,ET050702
ET050702888012,Burburs,ET050702
ET050702888029,Dabehabel,ET050702
ET050702888013,Demariad,ET050702
ET050702888021,Demerjog,ET050702
ET050702888004,Derken,ET050702
ET050702888005,Domo`o,ET050702
ET050702888030,Fodiade,ET050702
ET050702888023,Gandale,ET050702
ET050702888028,Genbere,ET050702
ET050702888006,Gob,ET050702
ET050702888031,Godorwais,ET050702
ET050702888002,Hamerlugeher,ET050702
ET050702888016,Jermali,ET050702
ET050702888024,Jilale,ET050702
ET050702888010,Jingad,ET050702
ET050702888018,Kawane,ET050702
ET050702888001,Kerero,ET050702
ET050702888022,Madifile,ET050702
ET050702888025,Manet,ET050702
ET050702888009,Medahegel,ET050702
ET050702888014,Mirkan,ET050702
ET050702888008,Ombal,ET050702
ET050702888026,Raho,ET050702
ET050702888017,Shendaye,ET050702
ET050702888019,Wanegsen,ET050702
ET050703101002,1,ET050703
ET050703201003,1,ET050703
ET050703301004,1,ET050703
ET050703101001,2,ET050703
ET050703201002,2,ET050703
ET050703301003,2,ET050703
ET050703101003,3,ET050703
ET050703201001,3,ET050703
ET050703301002,3,ET050703
ET050703101004,4,ET050703
ET050703301001,4,ET050703
ET050703888010,Beal Tag,ET050703
ET050703888011,Beris Atte,ET050703
ET050703888004,Dageybor,ET050703
ET050703888008,Duban,ET050703
ET050703888012,Dudub,ET050703
ET050703888001,Hargagoes,ET050703
ET050703888003,Injiro,ET050703
ET050703888005,Libille,ET050703
ET050703888006,Mirofartag,ET050703
ET050703888002,Sarahaye,ET050703
ET050703888013,Turdubi,ET050703
ET050703888009,Urmadeeg,ET050703
ET050703888007,Yamergulle,ET050703
ET050704888002,Ado,ET050704
ET050704888008,Agareweyen,ET050704
ET050704888009,Belewinag,ET050704
ET050704888012,Betroldadis,ET050704
ET050704888011,Elale,ET050704
ET050704888010,Eldibir,ET050704
ET050704888003,Garlogube,ET050704
ET050704888005,Kurtule,ET050704
ET050704888006,Mire,ET050704
ET050704888001,Mirog,ET050704
ET050704888007,Odowa,ET050704
ET050704888004,Wafdug,ET050704
ET050705101002,1,ET050705
ET050705101001,2,ET050705
ET050705888004,Arwelo,ET050705
ET050705888007,Elg,ET050705
ET050705888003,Janole,ET050705
ET050705888001,Karkar,ET050705
ET050705888002,Lemedega,ET050705
ET050705888006,Tulo Bare,ET050705
ET050705888005,Woadi,ET050705
ET050706101001,1,ET050706
ET050706101002,2,ET050706
ET050706888003,Harf,ET050706
ET050706888005,Hozeledere,ET050706
ET050706888001,Kemuda,ET050706
ET050706888004,Nfk Ohele,ET050706
ET050706888002,Woberewako,ET050706
ET050706201001,Yuob,ET050706
ET050707101002,1,ET050707
ET050707101001,2,ET050707
ET050707888003,Aris,ET050707
ET050707888006,Degob,ET050707
ET050707888004,Derewda,ET050707
ET050707888005,Dudun,ET050707
ET050707888008,Megaley,ET050707
ET050707888007,Meygagle,ET050707
ET050707888002,Qorley,ET050707
ET050707888001,Sahder,ET050707
ET050708101004,1,ET050708
ET050708101003,2,ET050708
ET050708101002,3,ET050708
ET050708101001,4,ET050708
ET050802888008,Alen,ET050802
ET050802888018,Bale,ET050802
ET050802888013,Bander,ET050802
ET050802888009,Berdume,ET050802
ET050802888017,Bocco,ET050802
ET050802101001,Charati _01,ET050802
ET050802101002,Chereti_02,ET050802
ET050802888007,Dibeto,ET050802
ET050802888015,Dintu,ET050802
ET050802888006,Elahabsher,ET050802
ET050802888014,Gerare,ET050802
ET050802888002,Guro,ET050802
ET050802888001,Hararbo,ET050802
ET050802888012,Jenale,ET050802
ET050802888005,Kerari,ET050802
ET050802888010,Kuarder,ET050802
ET050802888004,Mesegebedan,ET050802
ET050802888016,Muqlere,ET050802
ET050802888011,Tofiq,ET050802
ET050802888003,Yahambar,ET050802
ET050804888001,Ademo,ET050804
ET050804888010,Awraga,ET050804
ET050804888005,Bedewu,ET050804
ET050804888014,Bile Buta,ET050804
ET050804888002,Dare Chorora,ET050804
ET050804101001,Elkere,ET050804
ET050804888015,Elmudo,ET050804
ET050804888011,Elod,ET050804
ET050804888013,Gololo,ET050804
ET050804888009,Harabukira,ET050804
ET050804888016,Kuturi,ET050804
ET050804888003,Lasbar,ET050804
ET050804888006,Mesile,ET050804
ET050804888012,Shakisa,ET050804
ET050804888008,Tewley,ET050804
ET050804888007,Unko,ET050804
ET050804888004,Weyan,ET050804
ET050805888014,Abakoroo,ET050805
ET050805888005,Barimili,ET050805
ET050805888008,Below,ET050805
ET050805888013,Berisiboo,ET050805
ET050805888006,Bia'De,ET050805
ET050805888002,Bola,ET050805
ET050805888011,Boridahor,ET050805
ET050805888003,Bulishe,ET050805
ET050805888001,Dale,ET050805
ET050805888017,Dare Selam,ET050805
ET050805888007,Down,ET050805
ET050805101001,Emiy Mazegaja,ET050805
ET050805888016,Finichawu,ET050805
ET050805888015,Gulibar Wakoo,ET050805
ET050805888010,Jikitaa,ET050805
ET050805888012,Majabee,ET050805
ET050805888004,Sufile,ET050805
ET050806888005,Afade,ET050806
ET050806888007,Bargele,ET050806
ET050806888010,Chew Bet,ET050806
ET050806888011,Dewale,ET050806
ET050806888012,Dirindir,ET050806
ET050806888004,Elimorane,ET050806
ET050806888006,Fashuke,ET050806
ET050806888015,Hayere,ET050806
ET050806888003,Jengabo,ET050806
ET050806888002,Jimba,ET050806
ET050806888009,Kerdik,ET050806
ET050806888016,Lebo Woren,ET050806
ET050806888001,Melkadur,ET050806
ET050806888008,Omani,ET050806
ET050806888014,Sogsog,ET050806
ET050806888013,Yo'o,ET050806
ET050806101001,Zero Ande,ET050806
ET050806101004,Zero Arat,ET050806
ET050806101002,Zero Hulet,ET050806
ET050806101003,Zero Soset,ET050806
ET050807101004,Bare 01,ET050807
ET050807101003,Bare 02,ET050807
ET050807101002,Bare 03,ET050807
ET050807101001,Bare 04,ET050807
ET050807888011,Bartoto,ET050807
ET050807888014,Benanea,ET050807
ET050807888007,Dabab,ET050807
ET050807888010,Denaadin,ET050807
ET050807888006,Ealharea,ET050807
ET050807888004,Easandurea,ET050807
ET050807888012,Egaro,ET050807
ET050807888016,Eldub,ET050807
ET050807888009,Girile,ET050807
ET050807888015,Harhoday,ET050807
ET050807888005,Hisala,ET050807
ET050807888008,Kabatero,ET050807
ET050807888002,Koreale,ET050807
ET050807888003,Masaladun,ET050807
ET050807888013,Sirsirea,ET050807
ET050807888001,Weytkal,ET050807
ET050808888011,Afare,ET050808
ET050808888006,Allen,ET050808
ET050808888015,Alole,ET050808
ET050808888008,Bukurale,ET050808
ET050808888002,Derso,ET050808
ET050808888003,Ededemi,ET050808
ET050808888010,Gerbe Guracha,ET050808
ET050808888009,Gubadle,ET050808
ET050808888004,Hilo Buli,ET050808
ET050808888005,Hilo Quran,ET050808
ET050808888014,Hintoy,ET050808
ET050808888016,Korehey,ET050808
ET050808888012,Kurale,ET050808
ET050808888001,Lakey,ET050808
ET050808888007,Medhar,ET050808
ET050808888013,Woldiya Gebere,ET050808
ET050808101001,Zero Aned,ET050808
ET050808101002,Zero Hulate,ET050808
ET050801101003,3,ET050809
ET050801888005,Afar Tegule,ET050809
ET050801888012,Algoye,ET050809
ET050801888010,Ban Afrik,ET050809
ET050801888006,Biyo Janale,ET050809
ET050801888004,Doha Yare,ET050809
ET050801888003,Gebi'as,ET050809
ET050801888001,Gulle,ET050809
ET050801888013,Hargesa Yeri,ET050809
ET050801888011,Hunbo Weyne,ET050809
ET050801888015,Kobow,ET050809
ET050801888014,Kolkola,ET050809
ET050801888007,Ledidey,ET050809
ET050801888002,Magala Kansa,ET050809
ET050801101001,Raso 01,ET050809
ET050801101002,Raso 02,ET050809
ET050801888009,Tigdere,ET050809
ET050801888008,Wadiley,ET050809
ET050803888006,Biad,ET050898
ET050803888002,Derhaye,ET050898
ET050803888001,Harder,ET050898
ET050803101001,Kohle 01,ET050898
ET050803101002,Kohle 02,ET050898
ET050803888005,Lebile,ET050898
ET050803888003,Mulato,ET050898
ET050803888004,Wedamago,ET050898
ET050809888001,Borsegno,ET050899
ET050809888003,Doget,ET050899
ET050809888005,Ferek,ET050899
ET050809888002,Gebrele,ET050899
ET050809101001,Godgod01,ET050899
ET050809101002,Godgod02,ET050899
ET050809888004,Sifan,ET050899
ET050901101001,1,ET050901
ET050901101002,2,ET050901
ET050901101003,3,ET050901
ET050901888011,Ahmedo Amin,ET050901
ET050901888018,Areseme,ET050901
ET050901888010,Aynle,ET050901
ET050901888008,Bander,ET050901
ET050901888002,Bekaka,ET050901
ET050901888016,Bifeto,ET050901
ET050901888024,Bud Bud,ET050901
ET050901888009,Gerbgel,ET050901
ET050901888019,Golbo,ET050901
ET050901888021,Harbele,ET050901
ET050901888001,Haydemtu,ET050901
ET050901888013,Hirin,ET050901
ET050901888022,Jeg Ad,ET050901
ET050901888007,Kelejah,ET050901
ET050901888023,Kulay,ET050901
ET050901888015,Kulun,ET050901
ET050901888005,Kure Ale,ET050901
ET050901888012,Lantiwer,ET050901
ET050901888004,Melka Hager,ET050901
ET050901888003,Melka Live,ET050901
ET050901888014,Mesajid,ET050901
ET050901888006,Raydeb,ET050901
ET050901888017,Usi Be,ET050901
ET050901888020,Willo,ET050901
ET050902101003,01 Dolo Addo Kebele,ET050902
ET050902201002,01 Suftu Kebele,ET050902
ET050902101002,02 Dolo Addo Kebele,ET050902
ET050902201001,02 Suftu Kebele,ET050902
ET050902101001,03 Dolo Addo Kebele,ET050902
ET050902888004,Amino,ET050902
ET050902888009,Bardaley,ET050902
ET050902888001,Biyole,ET050902
ET050902888011,Boryale,ET050902
ET050902888005,Bur Amino,ET050902
ET050902888013,Daytule,ET050902
ET050902888015,Driburis,ET050902
ET050902888012,Fikow,ET050902
ET050902888003,Helewoyin,ET050902
ET050902888010,Holmoge,ET050902
ET050902888007,Kilmisinge,ET050902
ET050902301001,Kole Kebele,ET050902
ET050902888016,Rama,ET050902
ET050902888006,Shanbel,ET050902
ET050902888008,Sigalow,ET050902
ET050902888002,Washakiber,ET050902
ET050902888014,Wedlohube,ET050902
ET050907888004,Afgoye,ET050903
ET050907888011,Ashead,ET050903
ET050907888014,Dahakur,ET050903
ET050907101002,Gorobekeksa 01,ET050903
ET050907101001,Gorobekeksa02,ET050903
ET050907888013,Hagermoker,ET050903
ET050907888009,Hagerwoyn,ET050903
ET050907888001,Haranno,ET050903
ET050907888008,Harefoma,ET050903
ET050907888003,Hargadeb,ET050903
ET050907888012,Hofi,ET050903
ET050907888005,Joke,ET050903
ET050907888010,Koyo,ET050903
ET050907888002,Turi,ET050903
ET050907888006,Wurgudud,ET050903
ET050907888007,Wutit,ET050903
ET050906888003,Adele,ET050904
ET050906888002,Alashume,ET050904
ET050904888014,Babul,ET050904
ET050904888008,Bala Ad,ET050904
ET050904888007,Bole,ET050904
ET050904888003,Chimba,ET050904
ET050904888011,Dare Selam,ET050904
ET050906888009,Dirdir,ET050904
ET050906888001,Dugdadu,ET050904
ET050906888010,Eligary,ET050904
ET050904888002,Galol Ali,ET050904
ET050906888012,Gelmi,ET050904
ET050906888013,Gobes,ET050904
ET050904888001,Hara Betun,ET050904
ET050904888006,Hara Nur,ET050904
ET050904888012,Hargesa,ET050904
ET050906101001,Haro Dibe,ET050904
ET050904101001,Huriye,ET050904
ET050906888007,Jirmo,ET050904
ET050906888011,Kersa Gebro,ET050904
ET050906888008,Kundi,ET050904
ET050904888004,Kura Abul,ET050904
ET050906888004,Libile,ET050904
ET050904888010,Medale,ET050904
ET050906888014,Selle,ET050904
ET050904888013,Semu,ET050904
ET050904888009,Sera,ET050904
ET050904888015,Sora,ET050904
ET050906888006,Sumeya,ET050904
ET050904101002,Tofik,ET050904
ET050906888005,Tuto,ET050904
ET050904888005,Yeroto,ET050904
ET050903888002,Adey,ET050991
ET050903888009,Ali Gaiye,ET050991
ET050903888001,Bondakeren,ET050991
ET050903888004,Debi,ET050991
ET050903101001,Deka-01,ET050991
ET050903101002,Deka-02,ET050991
ET050903888013,Galon,ET050991
ET050903888007,Gunway,ET050991
ET050903888010,Hay Softu,ET050991
ET050903888008,Higli,ET050991
ET050903888005,Kurabul,ET050991
ET050903888015,Lamberde,ET050991
ET050903888006,Sero,ET050991
ET050903888003,Sora,ET050991
ET050903888011,Teketager,ET050991
ET050903888012,Weleseleman,ET050991
ET050903888014,Weradi,ET050991
ET050905888008,Beadwoyin Kebele,ET050999
ET050905888007,Bereren Kebele,ET050999
ET050905888001,Dergalie Kebele,ET050999
ET050905888002,Durdurder Kebele,ET050999
ET050905888006,Hawalhaji Kebele,ET050999
ET050905101002,Kebele_01,ET050999
ET050905101001,Kebele_02,ET050999
ET050905888005,Kobe Kebele,ET050999
ET050905888004,Melkedida Kebele,ET050999
ET050905888003,Seblalie Kebele,ET050999
ET050905888009,Sedey Kebele,ET050999
ET051007101002,1,ET051001
ET051007101001,2,ET051001
ET051007888004,Anadebmer,ET051001
ET051007888005,Denamilehile,ET051001
ET051007888002,Dirida,ET051001
ET051007888001,Geldoh,ET051001
ET051007888007,Gelihare,ET051001
ET051007888006,Godiha,ET051001
ET051007888003,Gurihored,ET051001
ET051001101002,1,ET051002
ET051001101001,2,ET051002
ET051001888003,Alebyere,ET051002
ET051001888005,Bangorayo,ET051002
ET051001888004,Bugle,ET051002
ET051001888002,Elgab,ET051002
ET051001888006,Harokero,ET051002
ET051001888001,Kalenkele,ET051002
ET051001888007,Kelela,ET051002
ET051004101001,1,ET051003
ET051004101003,2,ET051003
ET051004101002,3,ET051003
ET051004888009,Derder,ET051003
ET051004888005,Dereselam,ET051003
ET051004888013,Eulag,ET051003
ET051004888004,Gelmejus,ET051003
ET051004888002,Goldebley,ET051003
ET051004888001,Gurmo,ET051003
ET051004888012,Hamero,ET051003
ET051004888011,Hedyore,ET051003
ET051004888006,Heldere,ET051003
ET051004888003,Kerenagag,ET051003
ET051004888014,Lehilewo,ET051003
ET051004888008,Maleko,ET051003
ET051004888007,Megewoyn,ET051003
ET051004888010,Yuale,ET051003
ET051002101002,1,ET051005
ET051002101001,2,ET051005
ET051002888015,Alifenad,ET051005
ET051002888012,Bediqa,ET051005
ET051002888005,Berkemal,ET051005
ET051002888009,Dutkofen,ET051005
ET051002888007,Eblad,ET051005
ET051002888006,Ededew,ET051005
ET051002888001,Fulnful,ET051005
ET051002888003,Godele,ET051005
ET051002888011,Horahuwud,ET051005
ET051002888002,Kerinbekele,ET051005
ET051002888008,Lander,ET051005
ET051002888013,Ribeda,ET051005
ET051002888014,Rohale,ET051005
ET051002888004,Sheter,ET051005
ET051002888010,Talo,ET051005
ET051003888010,Abesale,ET051006
ET051003888005,Bermil,ET051006
ET051003888004,Chechebel,ET051006
ET051003888012,Dawodid,ET051006
ET051003101002,Duhun_01,ET051006
ET051003101001,Duhun_02,ET051006
ET051003888002,Fejeno,ET051006
ET051003888003,Gensale,ET051006
ET051003888011,Girsile,ET051006
ET051003888009,Hadamuse,ET051006
ET051003888006,Herledy,ET051006
ET051003888001,Hilbah,ET051006
ET051003888007,Kerchechebo,ET051006
ET051003888008,Kurbubo,ET051006
ET051005888007,Bead,ET051095
ET051005888003,Dawale,ET051095
ET051005888005,Derbi,ET051095
ET051005888008,Dirmedew,ET051095
ET051005101001,Haroshegah,ET051095
ET051005888004,Higlale,ET051095
ET051005888002,Marmed,ET051095
ET051005888009,Shewuli,ET051095
ET051005888006,Shimbre,ET051095
ET051005888001,Wodel,ET051095
ET051006101002,1,ET051096
ET051006101001,2,ET051096
ET051006888007,Aganot,ET051096
ET051006888004,Birkot,ET051096
ET051006888008,Debesele,ET051096
ET051006888003,Dereh,ET051096
ET051006888005,Gerbaware,ET051096
ET051006888001,Hed Merodle,ET051096
ET051006888002,Rukumis,ET051096
ET051006888006,Shabah,ET051096
ET051103888015,Ale Uluko,ET051103
ET051103888014,Arda Ola,ET051103
ET051103888013,Bede,ET051103
ET051103888018,Chamuk,ET051103
ET051103888009,Daresalam,ET051103
ET051103888011,Dhugo,ET051103
ET051103888010,Dhukisa,ET051103
ET051103888007,Elgof,ET051103
ET051103888016,Galgalo Dimtu,ET051103
ET051103888006,Guchi,ET051103
ET051103888017,Haligan,ET051103
ET051103888003,Jima,ET051103
ET051103888002,Karaya,ET051103
ET051103888004,Kojowa,ET051103
ET051103888008,Ley,ET051103
ET051103888019,Malab,ET051103
ET051103888012,Nanawa,ET051103
ET051103888005,Raro,ET051103
ET051103888001,Sororo,ET051103
ET051101888021,Bima,ET051104
ET051101888015,Chekorsa,ET051104
ET051101888011,Dakawata,ET051104
ET051101888012,Dedertu,ET051104
ET051101888022,Dhera,ET051104
ET051101888003,Diredima,ET051104
ET051101888009,Dirir,ET051104
ET051101888017,Elben,ET051104
ET051101888001,Elensib,ET051104
ET051101888014,Elkela,ET051104
ET051101888016,Gal Hareri,ET051104
ET051101888013,Haloye,ET051104
ET051101101001,Hudet,ET051104
ET051101101002,Hudet 01,ET051104
ET051101101003,Hudet 03,ET051104
ET051101101004,Hudet 04,ET051104
ET051101888024,Kelay,ET051104
ET051101888020,Kiliwe,ET051104
ET051101888018,Kulkul,ET051104
ET051101888004,Lemi,ET051104
ET051101888005,Luchelel,ET051104
ET051101888019,Melka Gub,ET051104
ET051101888006,Melke Adey,ET051104
ET051101888023,Mersha,ET051104
ET051101888007,Nini,ET051104
ET051101888002,Roba,ET051104
ET051101888008,Tewekel,ET051104
ET051101888010,Welena,ET051104
ET051102888010,Anderaka,ET051187
ET051102888002,Bidru,ET051187
ET051102101002,Chilanko01,ET051187
ET051102101001,Chilanko02,ET051187
ET051102888005,Eliabo,ET051187
ET051102888012,Eyimole,ET051187
ET051102888006,Galgalo,ET051187
ET051102888007,Hawan,ET051187
ET051102888004,Hayguda,ET051187
ET051102888013,Jara,ET051187
ET051102888003,Melka Liben Tuylicha,ET051187
ET051102888009,Melka Mery,ET051187
ET051102888008,Melka Wili,ET051187
ET051102888001,Odadima,ET051187
ET051102888011,Wariwalo,ET051187
ET051104888012,Ade,ET051198
ET051104888010,Boji,ET051198
ET051104888009,Bururi,ET051198
ET051104888003,Elehri,ET051198
ET051104888001,Elfatu,ET051198
ET051104888007,Elkuri,ET051198
ET051104888005,Hadhuri,ET051198
ET051104888002,Halali,ET051198
ET051104888011,Harshilime,ET051198
ET051104888004,K.k Bagna,ET051198
ET051104101002,Kadaduma 01,ET051198
ET051104101001,Kadaduma 02,ET051198
ET051104888008,Ketema,ET051198
ET051104888006,Magiri,ET051198
ET060108101001,Ketena Amist,ET060108
ET060108101005,Ketena And,ET060108
ET060108101002,Ketena Arat,ET060108
ET060108101004,Ketena Hulet,ET060108
ET060108101003,Ketena Sost,ET060108
ET060109101002,Ketena Amist,ET060109
ET060109101005,Ketena And,ET060109
ET060109101001,Ketena Arat,ET060109
ET060109101004,Ketena Hulet,ET060109
ET060109101003,Ketena Sost,ET060109
ET060201101001,1,ET060201
ET060201101002,2,ET060201
ET060201888001,Abay Dar,ET060201
ET060201888003,Anjakuya,ET060201
ET060201888005,Ankesha Burj,ET060201
ET060201888016,Aypapa,ET060201
ET060201888018,Azarti Kitli,ET060201
ET060201888026,Bawula,ET060201
ET060201888024,Bengez,ET060201
ET060201888008,Bizr,ET060201
ET060201888015,Borenja,ET060201
ET060201888004,Chamch,ET060201
ET060201888022,Chdanguya,ET060201
ET060201888014,Daboh Cokil,ET060201
ET060201888009,Dangur Mchael,ET060201
ET060201888011,Datush Aysica,ET060201
ET060201888023,Dibate,ET060201
ET060201888025,Dichimiya,ET060201
ET060201888021,Dilsambi,ET060201
ET060201888019,Dimtsatsi Beles Kutir 2,ET060201
ET060201888020,Gisti,ET060201
ET060201201001,Gublak,ET060201
ET060201888002,Java,ET060201
ET060201888013,Jimthya,ET060201
ET060201888012,Juraysis,ET060201
ET060201888010,Kota,ET060201
ET060201888017,Misreta Kitli,ET060201
ET060201888006,Niguse Dawit,ET060201
ET060201888007,Sanja Barktoch,ET060201
ET060202888001,Ablehors,ET060202
ET060202888003,Achichi Ena Abulta,ET060202
ET060202201001,Almehal,ET060202
ET060202888007,Aswar,ET060202
ET060202888002,Aynishimish,ET060202
ET060202888008,Aysid,ET060202
ET060202888006,Babishenkor,ET060202
ET060202888010,Babizenda,ET060202
ET060202301001,Bamza,ET060202
ET060202888009,Bashata,ET060202
ET060202888005,Bengo,ET060202
ET060202888013,Fanguso,ET060202
ET060202888012,Jadiya,ET060202
ET060202101001,Mankush,ET060202
ET060202888004,Wedelbahit,ET060202
ET060202888011,Yarenja,ET060202
ET060203888019,Addis Alem,ET060203
ET060203888021,Ambifeta,ET060203
ET060203888012,Ashebnet,ET060203
ET060203888010,Begondi,ET060203
ET060203888018,Bollele,ET060203
ET060203888009,Chancho Bedesa,ET060203
ET060203101002,Debrezeyt 01,ET060203
ET060203101001,Debrezeyt 02,ET060203
ET060203888031,Dura,ET060203
ET060203888007,Ebech,ET060203
ET060203888020,Etishemo,ET060203
ET060203888024,Gawla,ET060203
ET060203888026,Gesengesa,ET060203
ET060203888028,Gocher,ET060203
ET060203888013,Gojjam Sise,ET060203
ET060203888014,Harbu,ET060203
ET060203888002,Jadiya,ET060203
ET060203888001,Jemira,ET060203
ET060203888030,Kisiya,ET060203
ET060203888022,Kitar,ET060203
ET060203888005,Mango,ET060203
ET060203888006,Melkan,ET060203
ET060203888017,Menesibu,ET060203
ET060203888016,Minjo,ET060203
ET060203888011,Muz,ET060203
ET060203888029,Neger Qompa,ET060203
ET060203888003,Pire,ET060203
ET060203888008,Sanki,ET060203
ET060203888023,Senkora,ET060203
ET060203888025,Tumi,ET060203
ET060203888004,Ubi,ET060203
ET060203888032,Wabo Abbay,ET060203
ET060203888027,Wogdi,ET060203
ET060203888015,Zematya,ET060203
ET060204888006,Babissa,ET060204
ET060204888011,Bahus,ET060204
ET060204888005,Dabuh,ET060204
ET060204888014,Dach Lumbiya,ET060204
ET060204888009,Daho Angubash,ET060204
ET060204888008,Daho Anzbaguna,ET060204
ET060204888010,Daho Maksegnit,ET060204
ET060204888007,Dekul,ET060204
ET060204888013,Ejanta,ET060204
ET060204888001,Foto Manjary,ET060204
ET060204201001,Genete Mariyam,ET060204
ET060204888016,Gidm Dafili,ET060204
ET060204101001,Gilgel Beles 01 kebele & Gilgel Beles Memhran coll,ET060204
ET060204101002,Gilgel Beles 02,ET060204
ET060204888004,Gumade,ET060204
ET060204888003,Jigda,ET060204
ET060204888002,Kutire 2,ET060204
ET060204888017,Sah Dah,ET060204
ET060204888015,Tuni Dadush,ET060204
ET060204888012,Wudit,ET060204
ET060205888022,Albassa,ET060205
ET060205888007,Ang Tok,ET060205
ET060205888015,Bechati,ET060205
ET060205301001,Berber,ET060205
ET060205888020,Chancho,ET060205
ET060205101002,Debate 01,ET060205
ET060205101001,Debate 02,ET060205
ET060205888016,Doban,ET060205
ET060205401001,Galessa,ET060205
ET060205888003,Geses,ET060205
ET060205888018,Gipo,ET060205
ET060205888010,Girz,ET060205
ET060205888001,Goncha,ET060205
ET060205888019,Gulfen,ET060205
ET060205888014,Jan,ET060205
ET060205888006,Kedoh,ET060205
ET060205888021,Korka,ET060205
ET060205888013,Laga Buna,ET060205
ET060205888008,Moga,ET060205
ET060205888012,Mondormo,ET060205
ET060205888023,Muzan,ET060205
ET060205888011,Par Zeyte,ET060205
ET060205888009,Sas Manden,ET060205
ET060205888024,Simbo Sire,ET060205
ET060205888002,Sirben,ET060205
ET060205888017,Tuski Gambela,ET060205
ET060205888004,Wubgish,ET060205
ET060205888005,Yamp,ET060205
ET060205201001,Zegeh,ET060205
ET060206888012,Abat Beles,ET060206
ET060206888015,Abayber,ET060206
ET060206888005,Adis Zemen,ET060206
ET060206201001,Almu,ET060206
ET060206888006,Debre Work,ET060206
ET060206301001,Felege Selam,ET060206
ET060206888014,Hidase,ET060206
ET060206888010,Medhn,ET060206
ET060206888017,Mender 104,ET060206
ET060206888016,Mender 127,ET060206
ET060206888011,Mender 134,ET060206
ET060206888001,Mender 17,ET060206
ET060206888002,Mender 21,ET060206
ET060206888007,Mender 23/45,ET060206
ET060206888004,Mender 24,ET060206
ET060206888003,Mender 26,ET060206
ET060206888008,Mender 28/29,ET060206
ET060206888009,Mender 30,ET060206
ET060206888013,Mender 49,ET060206
ET060206101001,Pawe,ET060206
ET060207888012,Addis Alem,ET060207
ET060207888004,Aygalina Mozambis,ET060207
ET060207888008,Azemina Bonosh,ET060207
ET060207888005,Badorena Gishimishinda,ET060207
ET060207888014,Bakujina Godarare,ET060207
ET060207301001,Baruda,ET060207
ET060207101001,Bulen Zero And,ET060207
ET060207101002,Bulen Zero Hulet,ET060207
ET060207401001,Chalenko,ET060207
ET060207201001,Dobi,ET060207
ET060207888006,Doshina Moch,ET060207
ET060207888007,Emanjina Goja,ET060207
ET060207888002,Ephar,ET060207
ET060207888013,Gongo,ET060207
ET060207888001,Koshe Gonja,ET060207
ET060207888011,Matana Bapuri,ET060207
ET060207888009,Metina Gisa,ET060207
ET060207888003,Mojimob,ET060207
ET060207888010,Morana Ekusaki,ET060207
ET060101888012,Abijindu Ashimen,ET060301
ET060101888008,Abora,ET060301
ET060101888016,Alahmer,ET060301
ET060301888005,Ayane,ET060301
ET060101888003,Baneshegol,ET060301
ET060101888021,Belafida,ET060301
ET060101888006,Belduwesu,ET060301
ET060101888007,Belmeguwa,ET060301
ET060301888008,Boji Tebala,ET060301
ET060301888001,Dibe Arangama,ET060301
ET060301888009,Dibi Dhaga Guracha,ET060301
ET060101888010,Fatseqo,ET060301
ET060101888020,Fdundu,ET060301
ET060101888005,Ferdose,ET060301
ET060101888001,Gize Metema,ET060301
ET060301888003,Hallo,ET060301
ET060301888006,Karsa Dalit,ET060301
ET060101888009,Keshaf,ET060301
ET060101888018,Ketema,ET060301
ET060301888002,Lugo Bokka,ET060301
ET060101888002,Malo,ET060301
ET060101888019,Ondil Oria,ET060301
ET060101888011,Op Megele,ET060301
ET060101101001,Qudiyu,ET060301
ET060101888015,Selama,ET060301
ET060101888023,Shaga Demazin,ET060301
ET060101888022,Signor,ET060301
ET060301888007,Tekesha,ET060301
ET060301888004,Temijo,ET060301
ET060101888013,Tumet Beria,ET060301
ET060101888014,Tumet Jeberona,ET060301
ET060101888004,Tumet Mukar,ET060301
ET060101888017,Undulu,ET060301
ET060301101001,Yasso_01,ET060301
ET060102888005,Abadi,ET060302
ET060102888009,Adengez,ET060302
ET060102888003,Agubela,ET060302
ET060102888012,Akendiyu,ET060302
ET060102888007,Ashishire,ET060302
ET060102888010,Belehu Jibila,ET060302
ET060102888001,Belumu,ET060302
ET060102101002,Beshir,ET060302
ET060102888002,Dilashe,ET060302
ET060102888008,Dul Hode,ET060302
ET060102888011,Dul Shitalo,ET060302
ET060102888006,Famatsere,ET060302
ET060102101003,Hoazab,ET060302
ET060102888004,Hushur Guma,ET060302
ET060102101001,Kurmuk,ET060302
ET060102888013,Salima,ET060302
ET060104888007,Abalegnantsa,ET060304
ET060304888004,Abata Lencha,ET060304
ET060104888012,Abenierie,ET060304
ET060104888010,Agatsi Ashashal,ET060304
ET060104888005,Amurima,ET060304
ET060104888006,Ashesheqo,ET060304
ET060304888012,Ate Meti,ET060304
ET060104888008,Awolbegu,ET060304
ET060304888005,Bedeso Meti,ET060304
ET060304888007,Burka Chochi,ET060304
ET060304888002,Burka Genty,ET060304
ET060304888001,Degena Chemero,ET060304
ET060104888013,Elatajor Fashal,ET060304
ET060104888003,Faduersei Fa Begu,ET060304
ET060104888002,Gemed Mitsi Mitsi Narei,ET060304
ET060104888015,Gemed Sherqolie,ET060304
ET060104888017,Gizen Tariya,ET060304
ET060104101002,Halmo Bebe,ET060304
ET060104888001,Humbe Shude,ET060304
ET060304888003,Kenbo Kelisi,ET060304
ET060304888009,Kersa Desesa,ET060304
ET060304888013,Kilitu Abadinsa,ET060304
ET060304888010,Kutala Beda Tino,ET060304
ET060104888004,Mekazen,ET060304
ET060304888006,Mekerba Meti,ET060304
ET060304101001,Meti,ET060304
ET060104888014,Obe Ishe Fa Begu,ET060304
ET060104888016,Obie Farbiegu,ET060304
ET060104888009,Qolohu,ET060304
ET060304888008,Salba Jangara,ET060304
ET060104101001,Sherqolie Belmiye Tenze Goje,ET060304
ET060304888011,Shimala Kono,ET060304
ET060104888011,Tumet Ubei,ET060304
ET060105888005,Afa Buldaru,ET060305
ET060105888002,Afa Ganaro,ET060305
ET060105888001,Afafir Bnare,ET060305
ET060105888004,Amba 16,ET060305
ET060305888005,Angar Meti,ET060305
ET060305888003,Angar Shenkor,ET060305
ET060305888004,Angar Waja,ET060305
ET060305888001,Balo Didesa,ET060305
ET060305888006,Balo Didiga,ET060305
ET060105101001,Bambasi_01,ET060305
ET060105101002,Bambasi_02,ET060305
ET060105888040,Boshima Maikel 2,ET060305
ET060105888039,Boshima Qergege,ET060305
ET060105888007,Buda Salga,ET060305
ET060105888032,Dabus,ET060305
ET060105888008,Eda Dabus,ET060305
ET060105888015,Garebiche Matama,ET060305
ET060105888014,Garebiche Welega,ET060305
ET060105888006,Jematsa,ET060305
ET060305888002,Jiganfoyi,ET060305
ET060305888009,Kutamuri,ET060305
ET060105888003,Matahara,ET060305
ET060105888020,Mender 40,ET060305
ET060105888028,Mender 41,ET060305
ET060105888026,Mender 42,ET060305
ET060105888025,Mender 43,ET060305
ET060105888029,Mender 44,ET060305
ET060105888021,Mender 45,ET060305
ET060105888018,Mender 46,ET060305
ET060105888017,Mender 47,ET060305
ET060105888016,Mender 48,ET060305
ET060105888019,Mender 49,ET060305
ET060105888022,Mender 51,ET060305
ET060105888023,Mender 52,ET060305
ET060105888024,Mender 53,ET060305
ET060105888011,Mender 55,ET060305
ET060105888013,Mendre 50,ET060305
ET060105888033,Mutsa Mado,ET060305
ET060105888034,Nebar Qeshimando,ET060305
ET060105888038,Qeshimando Qutsir 2,ET060305
ET060105888037,Qeshimando Qutsir 3,ET060305
ET060105888035,Qeshimando Qutsir 4,ET060305
ET060105888036,Qeshimando Qutsir 5,ET060305
ET060105888009,Salama Dabus,ET060305
ET060305888007,Sayidelacha,ET060305
ET060305888010,Sene,ET060305
ET060105888031,Shebora,ET060305
ET060105888041,Shiyo Bergosh,ET060305
ET060105888010,Sisa 1,ET060305
ET060105888012,Sisa 2,ET060305
ET060305101001,Soge 01,ET060305
ET060105888030,Sonka,ET060305
ET060305888008,Tankara,ET060305
ET060105888027,Wemba,ET060305
ET060106888006,Abango,ET060306
ET060106301001,Alfashir,ET060306
ET060106888015,Badessa,ET060306
ET060106888014,Beladaro,ET060306
ET060106888004,Belaganda,ET060306
ET060106888011,Belfudi,ET060306
ET060106888002,Blindu,ET060306
ET060106888017,Boka Dambi,ET060306
ET060106888009,Buchi,ET060306
ET060106101001,Buldgilu 01,ET060306
ET060106101002,Buldgilu 02,ET060306
ET060106888003,Bulinjaro,ET060306
ET060106201001,Daleti,ET060306
ET060106888001,Faduni,ET060306
ET060106888005,Gambela Dale,ET060306
ET060106301002,Godare,ET060306
ET060106888013,Gunfi Araba,ET060306
ET060106888020,Hursitu,ET060306
ET060106888016,Jinjibla,ET060306
ET060106888018,Kambo Dusho,ET060306
ET060106888010,Kdshoshilan,ET060306
ET060106888008,Kobi,ET060306
ET060106888007,Tuli,ET060306
ET060106888019,Yongi,ET060306
ET060106888012,Zumba,ET060306
ET060107888011,Akendo Afafiri,ET060307
ET060107888003,Alfashir,ET060307
ET060107101001,Algela,ET060307
ET060107888007,Ashura,ET060307
ET060107888001,Bamadon,ET060307
ET060107888009,Daresegia,ET060307
ET060107888008,Dareselam,ET060307
ET060107888012,Dunga Arumela,ET060307
ET060107888013,Gumu Abushu,ET060307
ET060107888004,Jima,ET060307
ET060107888006,Molo Megele,ET060307
ET060107888005,Sherkole,ET060307
ET060107888002,Shula,ET060307
ET060107888010,Tsore Almatama,ET060307
ET060107101002,Tumet,ET060307
ET060103888023,Abende Amengida,ET060309
ET060103888022,Abrahamo,ET060309
ET060103888038,Afa Mengele,ET060309
ET060103888034,Afazizm,ET060309
ET060103888058,Afidonsho,ET060309
ET060103888002,Agole,ET060309
ET060103888008,Agusha,ET060309
ET060103888006,Ahansha,ET060309
ET060103888053,Akuda Tumet,ET060309
ET060103888003,Alubo,ET060309
ET060103888047,Amba 6,ET060309
ET060103888049,Amba_1,ET060309
ET060103888050,Amba_10,ET060309
ET060103888051,Amba_11,ET060309
ET060103888044,Amba_12,ET060309
ET060103888040,Amba_13,ET060309
ET060103888042,Amba_14,ET060309
ET060103888013,Amba_2,ET060309
ET060103888014,Amba_3,ET060309
ET060103888046,Amba_4,ET060309
ET060103888048,Amba_5,ET060309
ET060103888009,Amba_7,ET060309
ET060103888015,Amba_8,ET060309
ET060103888010,Amba_9,ET060309
ET060103888043,Ateto,ET060309
ET060103888052,Aurra,ET060309
ET060103888061,Barro,ET060309
ET060103888057,Basha Buda,ET060309
ET060103888060,Belmilli,ET060309
ET060103888027,Budur,ET060309
ET060103888026,Buldadine,ET060309
ET060103888033,Buldiglu Gembeshri,ET060309
ET060103888072,Comishga_27,ET060309
ET060103888066,Comishiga_25,ET060309
ET060103888071,Comishiga_26,ET060309
ET060103888074,Comishiga_28,ET060309
ET060103888056,Dabus Atenbako,ET060309
ET060103888016,Enzi Shederia,ET060309
ET060103888028,Fufur,ET060309
ET060103888041,Gambella,ET060309
ET060103888001,Gengen,ET060309
ET060103888054,Gumba,ET060309
ET060103888012,Hoha_15,ET060309
ET060103888011,Hoha_18,ET060309
ET060103888025,Kushmegani,ET060309
ET060103888004,Kushmengel,ET060309
ET060103888065,Manage Selga,ET060309
ET060103888055,Megefude,ET060309
ET060103888017,Megele_29,ET060309
ET060103888020,Megele_31,ET060309
ET060103888019,Megele_32,ET060309
ET060103888021,Megele_33,ET060309
ET060103888036,Megele_34,ET060309
ET060103888035,Megele_35,ET060309
ET060103888029,Megele_36,ET060309
ET060103888037,Megele_37,ET060309
ET060103888031,Megele_38,ET060309
ET060103888030,Megele_39,ET060309
ET060103888018,Mengele_30,ET060309
ET060103888073,Nebar Comishiga,ET060309
ET060103888039,Rubalageda,ET060309
ET060103888045,Rubyu,ET060309
ET060103888070,Selega_17,ET060309
ET060103888069,Selega_19,ET060309
ET060103888068,Selga_20,ET060309
ET060103888067,Selga_21,ET060309
ET060103888064,Selga_22,ET060309
ET060103888062,Selga_23,ET060309
ET060103888063,Selga_24,ET060309
ET060103888024,Sherkole Ahofendu,ET060309
ET060103888007,Sherkole Enje,ET060309
ET060103888059,Tsentsehalu,ET060309
ET060103888005,Tsetse Adurnunu,ET060309
ET060103888032,Yembazizm,ET060309
ET060303888002,Cicha Cugi,ET060400
ET060303888001,Damosiga Oda,ET060400
ET060303888008,Deguba Bedesa,ET060400
ET060303888009,Dimtu,ET060400
ET060303888005,Gilgila,ET060400
ET060303888011,Hena Dugda Gibe,ET060400
ET060303888010,Hunda Darba,ET060400
ET060303888006,Jaja Leku,ET060400
ET060303888004,Jalo Leka,ET060400
ET060303101002,Kamashi 01,ET060400
ET060303101001,Kamashi 02,ET060400
ET060303888003,Kobi Bedesa,ET060400
ET060303888007,Miurimita,ET060400
ET060303888013,Sire Soyoma,ET060400
ET060303888012,Soyoma Gawula,ET060400
ET060302888001,Adenqish,ET060402
ET060302888002,Bantiras,ET060402
ET060302888009,Chesiga,ET060402
ET060302101001,Diza,ET060402
ET060302888005,Estegeda,ET060402
ET060302888010,Gichijal,ET060402
ET060302888007,Gishizhina,ET060402
ET060302888012,Gokiya,ET060402
ET060302888006,Kogna,ET060402
ET060302888011,Madale,ET060402
ET060302888013,Muguchayi,ET060402
ET060302888003,Papararo,ET060402
ET060302888014,Shewa,ET060402
ET060302888008,Tinga,ET060402
ET060302888004,Zanphe,ET060402
ET060401888002,Banga,ET060508
ET060401888027,Bedese Sherma,ET060508
ET060401888013,Bobose,ET060508
ET060401888005,Eshigogo,ET060508
ET060401888006,Fafa,ET060508
ET060401888026,Genzo,ET060508
ET060401888020,Gnangu,ET060508
ET060401888015,Gurei,ET060508
ET060401888003,Guwaka,ET060508
ET060401888025,Kawe Shumetei,ET060508
ET060401888012,Keisar Kutir 1,ET060508
ET060401888011,Keisar Kutir 2,ET060508
ET060401888014,Kokeb,ET060508
ET060401888031,Kusay,ET060508
ET060401888030,Laki,ET060508
ET060401888029,Meti,ET060508
ET060401888019,Mimi,ET060508
ET060401888001,Penishuba,ET060508
ET060401888007,Shembola,ET060508
ET060401888022,Shoshor,ET060508
ET060401888028,Shumetei,ET060508
ET060401888023,Taja Jelisi,ET060508
ET060401101001,Tongo 01,ET060508
ET060401888008,Tsotsora,ET060508
ET060401888016,Tsulgolo,ET060508
ET060401888017,Tulu,ET060508
ET060401888024,Wanga,ET060508
ET060401888018,Watsei,ET060508
ET060401888009,Yea Baldegis,ET060508
ET060401888021,Yewa,ET060508
ET060401888004,Zeba,ET060508
ET060401888010,Zebishir,ET060508
ET100201888003,Beriyo,ET070001
ET100201888014,Chancho Wetign,ET070001
ET100201888013,Chuka Demekash,ET070001
ET100201888015,Dekan Shimola,ET070001
ET100201888001,Farejate,ET070001
ET100201888016,Garbaja,ET070001
ET100201888005,Gurasade,ET070001
ET100201888010,Jabdu,ET070001
ET100201888018,Katibare,ET070001
ET100201888004,Kawa,ET070001
ET100201888017,Keramso,ET070001
ET100201888020,Kolakebada,ET070001
ET100201888002,Lencha,ET070001
ET100201888006,Odobera,ET070001
ET100201888019,Rimuga,ET070001
ET100201888007,Sunka Dinicho,ET070001
ET100201888008,Tatesa Wesherbe,ET070001
ET100201888011,Ugumaheramba,ET070001
ET100201888012,Welage Sumage,ET070001
ET100201101001,Wesherbe,ET070001
ET100201888009,Wesherbe Legedima,ET070001
ET100101888014,Abuko,ET070102
ET100101888023,Ambalta,ET070102
ET100101888012,Bido Tadale,ET070102
ET100101888011,Bokatana Serite,ET070102
ET100101888009,Borar,ET070102
ET100101888013,Chisana Koribesa,ET070102
ET100101101001,Darge,ET070102
ET100101888002,Darigegatar,ET070102
ET100101888021,Dire Lafto,ET070102
ET100101888018,Fenta,ET070102
ET100101888008,Fite Jaju,ET070102
ET100101888010,Gibe Yibar,ET070102
ET100101888004,Hudad 5&6,ET070102
ET100101888003,Hudad 7,ET070102
ET100101888007,Hudad1,ET070102
ET100101888001,Hudad4,ET070102
ET100101888019,Jajabana Gasore,ET070102
ET100101301001,Kulit,ET070102
ET100101888005,Kulit2,ET070102
ET100101888016,Lachena Omancho,ET070102
ET100101888024,Mamade,ET070102
ET100101888020,Michilena Tarako,ET070102
ET100101888006,Nacha Kulit,ET070102
ET100101888022,Tatesa,ET070102
ET100101888017,Tawulana Gafersa,ET070102
ET100101888015,Tubana Talilo,ET070102
ET100101201001,Waliga 01,ET070102
ET100105888003,Aguajetera,ET070103
ET100105888008,Ambaganat,ET070103
ET100105888016,Ambale,ET070103
ET100105101001,Bozhabar,ET070103
ET100105888022,Cotergadira,ET070103
ET100105888002,Daricha,ET070103
ET100105888011,Gedeb,ET070103
ET100105888024,Guyana Yesuwa,ET070103
ET100105888017,Katanar,ET070103
ET100105888012,Keratemo,ET070103
ET100105888018,Kokera,ET070103
ET100105888007,Nesha,ET070103
ET100105888020,Sabolar,ET070103
ET100105888015,Selam,ET070103
ET100105201001,Shamana,ET070103
ET100105888004,Sheheramo,ET070103
ET100105888021,Shemena,ET070103
ET100105888010,Wasamar,ET070103
ET100105888019,Wazhebar,ET070103
ET100105888009,Wera Dabana,ET070103
ET100105888014,Woret,ET070103
ET100105888006,Wqdiye,ET070103
ET100105888023,Yesihura,ET070103
ET100105888005,Yigbabot,ET070103
ET100105888013,Yomber,ET070103
ET100105888001,Zigibab0T,ET070103
ET100103888011,Adero,ET070104
ET100103888029,Ambelta,ET070104
ET100103888026,Ametula Gedelo,ET070104
ET100103888017,Areda,ET070104
ET100103888018,Asfedin,ET070104
ET100103888030,Bedder,ET070104
ET100103888032,Bone,ET070104
ET100103888013,Borbor Sefato,ET070104
ET100103888002,Deneb,ET070104
ET100103888003,Desa,ET070104
ET100103888015,Ereso,ET070104
ET100103888027,Fite,ET070104
ET100103888019,Gereno,ET070104
ET100103888001,Giche Dimtu,ET070104
ET100103888009,Gomra,ET070104
ET100103888022,Hutir,ET070104
ET100103201001,Inge,ET070104
ET100103888025,Jimma,ET070104
ET100103888024,Kecha,ET070104
ET100103888020,Kentwat,ET070104
ET100103888008,Kesi Maranto,ET070104
ET100103888012,Kurbano,ET070104
ET100103888028,Mangoragur,ET070104
ET100103101001,Mehal Amba,ET070104
ET100103888014,Mehalgutazar,ET070104
ET100103888005,Ochinankedi,ET070104
ET100103888004,Sefato Kersa,ET070104
ET100103888031,Sodoaybegeren,ET070104
ET100103888021,Teyiba,ET070104
ET100103888006,Tilamo,ET070104
ET100103888023,Wabon,ET070104
ET100103888010,Welegadese,ET070104
ET100103888016,Zelewan Sefato,ET070104
ET100103888007,Zere,ET070104
ET100115888015,Aene,ET070108
ET100115888001,Araticho,ET070108
ET100115888002,Asamat,ET070108
ET100115888014,Becha,ET070108
ET100115888007,Bucha,ET070108
ET100115888016,Debretsige,ET070108
ET100115101001,Dunkula Kebele,ET070108
ET100115888011,Genet,ET070108
ET100115888008,Geteh,ET070108
ET100115888012,Gomora,ET070108
ET100115888005,Harege,ET070108
ET100115201001,Jane Kebele,ET070108
ET100115888004,Jeda,ET070108
ET100115888006,Shawura,ET070108
ET100115888010,Shoreko,ET070108
ET100115888013,Tefeka,ET070108
ET100115888017,Willo,ET070108
ET100115888003,Wolecho,ET070108
ET100115888009,Zegez,ET070108
ET100107888016,Abeke,ET070109
ET100107888010,Abesuja,ET070109
ET100107888005,Amedom,ET070109
ET100107888015,Arimo,ET070109
ET100107888007,Aselecha,ET070109
ET100107888001,Bade Ena Got,ET070109
ET100107888002,Bercher Ena Moricha,ET070109
ET100107101001,Bole,ET070109
ET100107888011,Dember,ET070109
ET100107888006,Dribona Senen,ET070109
ET100107888009,Enjefo,ET070109
ET100107888004,Fetazer,ET070109
ET100107888003,Janboro,ET070109
ET100107888008,Wisho,ET070109
ET100107888012,Wulbareg Tertero,ET070109
ET100107888013,Yesharebina Ena Yeteter,ET070109
ET100107888014,Zizancho,ET070109
ET100109888023,Abret,ET070110
ET100109888015,Adoshe,ET070110
ET100109101001,Afetere,ET070110
ET100109888024,Afetere,ET070110
ET100109888009,Aser,ET070110
ET100109888021,Astepo,ET070110
ET100109888022,Awkakir,ET070110
ET100109888016,Bekanewet,ET070110
ET100109888003,Borena Tuba,ET070110
ET100109888027,Dakuna,ET070110
ET100109888007,Degag,ET070110
ET100109888008,Dubisa,ET070110
ET100109888030,Enate,ET070110
ET100109888018,Gerar Deber,ET070110
ET100109888031,Gohana Tobareiyo,ET070110
ET100109888006,Gurdena Germbo,ET070110
ET100109888013,Hewanana Chaker,ET070110
ET100109888004,Jatuna Redash,ET070110
ET100109888032,Joka,ET070110
ET100109888034,Kecot,ET070110
ET100109888001,Luke,ET070110
ET100109888017,Meganase,ET070110
ET100109301001,Megenase,ET070110
ET100109888033,Moche,ET070110
ET100109888025,Ogar,ET070110
ET100109888011,Sisana Emat,ET070110
ET100109888012,Werbechna Weshire,ET070110
ET100109888014,Werer Ber,ET070110
ET100109888010,Wordena Korkot,ET070110
ET100109888002,Yebrena Kachine,ET070110
ET100109888026,Yedabe,ET070110
ET100109201001,Yefeqterq,ET070110
ET100109888019,Yefteker Werdo,ET070110
ET100109888029,Yesesina Kohasha,ET070110
ET100109888005,Yeshirena Kondarcha,ET070110
ET100109888028,Yetenaka,ET070110
ET100109888020,Yewoza,ET070110
ET100111888026,Abogade,ET070111
ET100111888004,Achawude,ET070111
ET100111888022,Agare,ET070111
ET100111888028,Agata,ET070111
ET100111888012,Amogare,ET070111
ET100111888030,Awaser,ET070111
ET100111888016,Daemir,ET070111
ET100111888019,Dember,ET070111
ET100111888007,Eberegn,ET070111
ET100111888008,Egebegn,ET070111
ET100111888031,Egeze,ET070111
ET100111888010,Enangera,ET070111
ET100111888009,Endehora,ET070111
ET100111888036,Eseher,ET070111
ET100111888013,Gasawde,ET070111
ET100111101001,Gazanche,ET070111
ET100111888025,Gerad,ET070111
ET100111888037,Gerdashe,ET070111
ET100111888002,Gerenbo,ET070111
ET100111888001,Gonchebete,ET070111
ET100111888003,Gondereche,ET070111
ET100111888038,Guwetana,ET070111
ET100111888020,Horbatzizo,ET070111
ET100111888021,Jatu,ET070111
ET100111888029,Kanas,ET070111
ET100111888015,Kasay,ET070111
ET100111888023,Kerebed,ET070111
ET100111888011,Kosad,ET070111
ET100111888027,Kuneber,ET070111
ET100111888024,Mekana,ET070111
ET100111888035,Sendekay,ET070111
ET100111888005,Shafamo,ET070111
ET100111888014,Shanka,ET070111
ET100111888018,Tered,ET070111
ET100111888017,Terehogne,ET070111
ET100111888034,Tumeno,ET070111
ET100111888033,Weneche,ET070111
ET100111888006,Werkat,ET070111
ET100111888032,Wosheziwer,ET070111
ET100104888025,Abeji,ET070112
ET100104888027,Anzire,ET070112
ET100104888029,Atat,ET070112
ET100104888011,Batinakeras,ET070112
ET100104888006,Chabo,ET070112
ET100104888018,Cheze,ET070112
ET100104888023,Chinbe,ET070112
ET100104888005,Chiret,ET070112
ET100104888016,Daba,ET070112
ET100104888010,Dengez,ET070112
ET100104888017,Echen,ET070112
ET100104888001,Farsgura,ET070112
ET100104888022,Furcha,ET070112
ET100104888014,Ginab,ET070112
ET100104101001,Hawariyat,ET070112
ET100104888028,Kechen,ET070112
ET100104888015,Korer,ET070112
ET100104888026,Magaran,ET070112
ET100104888007,Mekorkor,ET070112
ET100104888004,Seba,ET070112
ET100104888019,Selam,ET070112
ET100104888024,Teklehaymanot,ET070112
ET100104888013,Wogarawo,ET070112
ET100104888009,Wukiye,ET070112
ET100104888002,Wuranfuna,ET070112
ET100104888020,Yasinawura,ET070112
ET100104888012,Yebejeech,ET070112
ET100104888021,Yekota,ET070112
ET100104888008,Yeshehere,ET070112
ET100104201001,Zenabener,ET070112
ET100104888003,Zenabener,ET070112
ET100114888009,Agata,ET070113
ET100114888016,Atazo,ET070113
ET100114888012,Ediget,ET070113
ET100114888007,Eskut,ET070113
ET100114888008,Esmader,ET070113
ET100114888015,Fechare 44,ET070113
ET100114888004,Fugneker,ET070113
ET100114888001,Himbeyate,ET070113
ET100114888011,Kabul,ET070113
ET100114201001,Kebul,ET070113
ET100114888005,Koante,ET070113
ET100114101001,Quante Ketema,ET070113
ET100114888013,Sabola,ET070113
ET100114888010,Senenina Korefcha,ET070113
ET100114888014,Silase,ET070113
ET100114888002,Wonzerina Goret,ET070113
ET100114888006,Worko,ET070113
ET100114888003,Zara,ET070113
ET100102101005,Adis Hiwot,ET070114
ET100102101009,Gasore,ET070114
ET100102101008,Gubure,ET070114
ET100102101001,Idgat Bar,ET070114
ET100102101002,Idgat Chora,ET070114
ET100102101007,Lay Garaba,ET070114
ET100102101003,Menaharia,ET070114
ET100102101004,Salam Bar,ET070114
ET100102101006,Tach Garaba,ET070114
ET100110101003,Emdiber 01,ET070116
ET100110101004,Emdiber 02,ET070116
ET100110101005,Girarina Yeferemaz Zigbe,ET070116
ET100110101001,Yefekterek,ET070116
ET100110101002,Yeferezie,ET070116
ET100113888010,Abirir,ET070120
ET100113888014,Alibo,ET070120
ET100113888013,Anzacha,ET070120
ET100113888008,Astir,ET070120
ET100113888009,Awud,ET070120
ET100113888024,Barawa,ET070120
ET100113888006,Barugn,ET070120
ET100113888002,Bortena,ET070120
ET100113888023,Dayasa,ET070120
ET100113888017,Doba,ET070120
ET100113888020,Egenda Terbe,ET070120
ET100113888022,Ener Gedam,ET070120
ET100113888021,Ener Kola,ET070120
ET100113888012,Goraba,ET070120
ET100113888003,Kendi,ET070120
ET100113201001,Kose,ET070120
ET100113888019,Lankatore,ET070120
ET100113888007,Mafed,ET070120
ET100113888004,Meid,ET070120
ET100113888001,Shomuro,ET070120
ET100113888015,Terbe Shikur,ET070120
ET100113888018,Wedesha,ET070120
ET100113101001,Wera,ET070120
ET100113888016,Wera Suke,ET070120
ET100113888005,Wore Sibet,ET070120
ET100113888011,Yakatit,ET070120
ET100705888016,Abushura,ET070201
ET100705888012,Ashiwala Wache,ET070201
ET100705888011,Ashiwala Wato,ET070201
ET100705888014,Biuma,ET070201
ET100705888003,Bokomura,ET070201
ET100705888021,Debub Wasgebeta,ET070201
ET100705888015,Dengabura Segamo,ET070201
ET100705888006,Dilbara,ET070201
ET100705888002,Era Gemedo,ET070201
ET100705888013,Guna Bonochora,ET070201
ET100705888020,Hage,ET070201
ET100705888004,Kunafa,ET070201
ET100705888018,Lenchicho,ET070201
ET100705888009,Mar Betamba,ET070201
ET100705888007,Morsito Geberemahiber,ET070201
ET100705101001,Morsito Town,ET070201
ET100705888019,Santo Ambeka,ET070201
ET100705888017,Semen Wasgebeta,ET070201
ET100705888005,Shiro,ET070201
ET100705888001,Siko,ET070201
ET100705888010,Sutemba,ET070201
ET100705888008,Tula,ET070201
ET100705201001,Wasgebeta,ET070201
ET100704888001,2 Ole,ET070202
ET100704888011,Adeanna,ET070202
ET100704888002,Adeanna Ole,ET070202
ET100704888009,Arara,ET070202
ET100704888008,Arara Ogaro,ET070202
ET100704888015,Bole,ET070202
ET100704888007,Bukuro Salata,ET070202
ET100704201001,Bushana Town,ET070202
ET100704888014,Gorixa,ET070202
ET100704101001,Habicho Town,ET070202
ET100704888021,Lambuda,ET070202
ET100704888013,Mahal Ghana,ET070202
ET100704888017,Misa,ET070202
ET100704888022,Olawicho Kebele,ET070202
ET100704888003,Oride Bobicho,ET070202
ET100704888020,Sage,ET070202
ET100704888004,Satara,ET070202
ET100704888006,Shodirana Honana,ET070202
ET100704888012,Tach Gana,ET070202
ET100704888016,Wabeto,ET070202
ET100704888019,Wabo,ET070202
ET100704888018,Wara,ET070202
ET100704888005,Wogano,ET070202
ET100704888010,Wonido,ET070202
ET100706888018,Ajotaisa,ET070203
ET100706888033,Alela,ET070203
ET100706888016,Amibicho Gode,ET070203
ET100706888015,Anabelesa,ET070203
ET100706888027,Andegnaomoshora,ET070203
ET100706888032,Ashekubaega,ET070203
ET100706201001,Belessatown,ET070203
ET100706888005,Bobicho,ET070203
ET100706888002,Bukunachachayenicho,ET070203
ET100706888013,Debubebelesa,ET070203
ET100706888030,Digiba,ET070203
ET100706888010,Dijodemala,ET070203
ET100706888012,Dubancho,ET070203
ET100706888003,Goratume,ET070203
ET100706888023,Hayise,ET070203
ET100706888026,Huletegnaomo,ET070203
ET100706888031,Jawe,ET070203
ET100706888011,Kalisha,ET070203
ET100706888007,Kidigisa,ET070203
ET100706888004,Lambuda,ET070203
ET100706888001,Layignawugana,ET070203
ET100706888020,Layignawukode,ET070203
ET100706888025,Lereba,ET070203
ET100706888022,Lisanakusa,ET070203
ET100706101001,Lisanatown,ET070203
ET100706888006,Masbira,ET070203
ET100706888029,Mesenabako,ET070203
ET100706888028,Sedamamardunicho,ET070203
ET100706888014,Semenbelesa,ET070203
ET100706888017,Senalisana,ET070203
ET100706888024,Shechanaroma,ET070203
ET100706888008,Shurmo,ET070203
ET100706888009,Shurmodacho,ET070203
ET100706888019,Tachignawuambicho,ET070203
ET100706888021,Tachignawukode,ET070203
ET100710888024,Afitoaturancho,ET070204
ET100710888010,Ajachoboyo,ET070204
ET100710888012,Amarkebashamo,ET070204
ET100710888007,Bachagola,ET070204
ET100710888027,Bidika,ET070204
ET100710888001,Biramorakamo,ET070204
ET100710888018,Dada,ET070204
ET100710888004,Deneba,ET070204
ET100710101001,Doisha,ET070204
ET100710888003,Doishaambaricho,ET070204
ET100710888002,Doishabelaye,ET070204
ET100710888006,Doishagola,ET070204
ET100710888014,Golichoboyo,ET070204
ET100710888029,Hirkofofo,ET070204
ET100710888022,Hoyawa,ET070204
ET100710888005,Hulesifa,ET070204
ET100710888028,Jaloadancho,ET070204
ET100710888015,Jemaya,ET070204
ET100710888020,Layignawgimbichu,ET070204
ET100710888026,Mololicho,ET070204
ET100710888008,Musagesahablera,ET070204
ET100710888009,Musagesashiro,ET070204
ET100710888019,Shamisagimbichu,ET070204
ET100710888016,Shamisajemaya,ET070204
ET100710888017,Shamisamise,ET070204
ET100710888011,Shamoboyo,ET070204
ET100710888013,Suta,ET070204
ET100710888021,Tachignawgimbichu,ET070204
ET100710888025,Urbechaantata,ET070204
ET100710888023,Ushgola,ET070204
ET100712888004,Ajabaelele,ET070205
ET100712888001,Ajebaborara,ET070205
ET100712888003,Ajebachalifo,ET070205
ET100712888020,Anidegnaamiburise,ET070205
ET100712888012,Anidegnachefa,ET070205
ET100712888014,Anidegnakeraniso,ET070205
ET100712888011,Banitawosan,ET070205
ET100712888008,Buligita,ET070205
ET100712888017,Edoo,ET070205
ET100712888016,Gaigera,ET070205
ET100712888009,Gerbuligita,ET070205
ET100712888022,Huletegnaamiburise,ET070205
ET100712888013,Huletegnachefa,ET070205
ET100712888015,Huletegnakeraniso,ET070205
ET100712888007,Jarisohadana,ET070205
ET100712888005,Jarisokutube,ET070205
ET100712201001,Korga,ET070205
ET100712888025,Korigabashilo,ET070205
ET100712888023,Lekole,ET070205
ET100712101001,Lenida,ET070205
ET100712888018,Lenidaa,ET070205
ET100712888006,Mehaljariso,ET070205
ET100712888024,Mehalkoriga,ET070205
ET100712888019,Tikareamibesaa,ET070205
ET100712888021,Tikarekokare,ET070205
ET100712888002,Weraboshera,ET070205
ET100712888010,Weragere,ET070205
ET100717888019,Abuna,ET070206
ET100717888017,Andegna Benara,ET070206
ET100717888011,Bonadibaro,ET070206
ET100717888002,Burye Lange,ET070206
ET100717888016,Danatora,ET070206
ET100717888009,Eile,ET070206
ET100717888003,Gebaba Lange,ET070206
ET100717888008,Gidachamo,ET070206
ET100717888015,Hangeda,ET070206
ET100717888020,Huletegna Benara,ET070206
ET100717888007,Huletegna Hankota,ET070206
ET100717888006,Huletegna Oda,ET070206
ET100717888005,Huletegna Selfe,ET070206
ET100717101001,Humaro,ET070206
ET100717201001,Jachotown,ET070206
ET100717888014,Kecha,ET070206
ET100717888022,Kosha,ET070206
ET100717888001,Ombe Lange,ET070206
ET100717888004,Shano,ET070206
ET100717888010,Shera,ET070206
ET100717888021,Shonkola,ET070206
ET100717888012,Sibiya,ET070206
ET100717888013,Sonda,ET070206
ET100717888018,Wosheba,ET070206
ET100716888011,Ajarana,ET070207
ET100716888001,Andegna Densa,ET070207
ET100716888017,Andegna Otoro,ET070207
ET100716101001,Anshotown,ET070207
ET100716888024,Beluja,ET070207
ET100716888008,Berkuncho,ET070207
ET100716888020,Bure Bulshana,ET070207
ET100716888006,Dabiyago,ET070207
ET100716888005,Dunmera,ET070207
ET100716888021,Ha Kufena,ET070207
ET100716888022,Ha Letebo,ET070207
ET100716888023,Ha Wagebeta,ET070207
ET100716888002,Huletegnadensa,ET070207
ET100716888016,Huletegnaotoro,ET070207
ET100716888007,Kenkicho,ET070207
ET100716888014,Keshira,ET070207
ET100716888004,Kojogembera,ET070207
ET100716888026,Le Kufena,ET070207
ET100716888012,Le Letebo,ET070207
ET100716888010,Lewagebeta,ET070207
ET100716888013,Mande,ET070207
ET100716888027,Mehal Kufena,ET070207
ET100716888025,Olawa,ET070207
ET100716888003,Semen Otoro,ET070207
ET100716888009,Semenwagebeta,ET070207
ET100716888019,Sengiye,ET070207
ET100716888015,Somicho,ET070207
ET100716888018,Zeldema,ET070207
ET100708101001,Achamo,ET070208
ET100708888016,Amibichobelaye,ET070208
ET100708888018,Anatigo,ET070208
ET100708888009,Banidalichofatae,ET070208
ET100708888008,Banidalichokomobota,ET070208
ET100708888005,Bilagala,ET070208
ET100708888004,Chinigo,ET070208
ET100708888020,Debubdarisha,ET070208
ET100708101004,Debubfoniko,ET070208
ET100708888007,Demalabalibula,ET070208
ET100708888003,Dulanichobelela,ET070208
ET100708888013,Homagara,ET070208
ET100708888015,Layignawukebecho,ET070208
ET100708888006,Menitoakebala,ET070208
ET100708888011,Mirabanalemmo,ET070208
ET100708888022,Mirabhomma,ET070208
ET100708888012,Misirak Ana,ET070208
ET100708888017,Misirakikebecho,ET070208
ET100708888019,Semendarisha,ET070208
ET100708888014,Senifewasala,ET070208
ET100708888002,Shashagimiba1,ET070208
ET100708888021,Wogilaabera,ET070208
ET100715888019,1Gna Kashera,ET070209
ET100715888006,1Gna Kotto,ET070209
ET100715888018,2Gna Kashera,ET070209
ET100715888005,2Gna Kotto,ET070209
ET100715888016,Danama,ET070209
ET100715201001,Danama01,ET070209
ET100715888015,Deda,ET070209
ET100715888004,Geribo,ET070209
ET100715888002,Hawora,ET070209
ET100715301001,Hilifata Town,ET070209
ET100715888013,Jarso Mazoriya,ET070209
ET100715888014,Jarso Onijojo,ET070209
ET100715888007,Kacha Beera,ET070209
ET100715888009,Mirab Ajaba,ET070209
ET100715888011,Ofoda,ET070209
ET100715888001,Sapera,ET070209
ET100715888010,Sibaya,ET070209
ET100715888003,Wada 02,ET070209
ET100715101001,Wada Town,ET070209
ET100715888008,Wara Boya,ET070209
ET100715888012,Wobara,ET070209
ET100715888017,Yabukuna,ET070209
ET100702888016,Amborogoynana,ET070210
ET100702888015,Astekerker,ET070210
ET100702888011,Awesa,ET070210
ET100702101001,Checho,ET070210
ET100702888005,Checho,ET070210
ET100702888013,Dangamesalcho,ET070210
ET100702888009,Ereramo,ET070210
ET100702888014,Gesedakodada,ET070210
ET100702888018,Hadera,ET070210
ET100702888012,Halelichobero,ET070210
ET100702888001,Megacho,ET070210
ET100702401001,Mesmesgefe,ET070210
ET100702888003,Muma,ET070210
ET100702888008,Olawa,ET070210
ET100702888017,Olawamogonamo,ET070210
ET100702888004,Omochra,ET070210
ET100702301001,Sede,ET070210
ET100702888007,Sidema,ET070210
ET100702201001,Soda,ET070210
ET100702888006,Soda,ET070210
ET100702888002,Tetema,ET070210
ET100702888010,Wercho,ET070210
ET100707101008,Arada,ET070211
ET100707101003,Betel,ET070211
ET100707101001,Bobicho,ET070211
ET100707101005,Heto,ET070211
ET100707101002,Jalo Naramo,ET070211
ET100707101007,Licha Amba,ET070211
ET100707101006,Melamba,ET070211
ET100707101004,Sechduna,ET070211
ET100714101005,Arenicha,ET070212
ET100714101003,Kanichera,ET070212
ET100714101004,Licha,ET070212
ET100714101001,Mazoriya,ET070212
ET100714101002,Weralalo,ET070212
ET100719101003,1Gna Hankota,ET070213
ET100719101004,1Gna Oda,ET070213
ET100719101005,1Gna Selfe,ET070213
ET100719101002,Boyiduna,ET070213
ET100719101001,Fate,ET070213
ET100719101006,Harche Uyaya,ET070213
ET100719101007,Sigeda,ET070213
ET100718101006,1Gna Jajura,ET070214
ET100718101002,2Gna Jajura,ET070214
ET100718101003,Bambo,ET070214
ET100718101001,Bure,ET070214
ET100718101005,Jajura 01,ET070214
ET100718101007,Sundusa,ET070214
ET100701888002,Anijama Anitata,ET070215
ET100701888008,Borara,ET070215
ET100701888010,Dima,ET070215
ET100701888012,Duna Gemedo,ET070215
ET100701888001,Forkose,ET070215
ET100701101001,Fugeja,ET070215
ET100701888009,Fugeja,ET070215
ET100701201001,Geja,ET070215
ET100701888006,Gidasha,ET070215
ET100701888003,Ololicho,ET070215
ET100701888005,Sasokota Geja,ET070215
ET100701888011,Tinika,ET070215
ET100701888007,Ushusha Batara,ET070215
ET100701888004,Ushusha Bonka,ET070215
ET100713888001,Abuka,ET070216
ET100713888006,Awarikasa,ET070216
ET100713888009,Donigorabonikoya,ET070216
ET100713101001,Hanicha,ET070216
ET100713888003,Kumudo,ET070216
ET100713888002,Lenigano,ET070216
ET100713888005,Sheriko Geferiso,ET070216
ET100713888007,Tilukubidemituu,ET070216
ET100713888004,Welideya,ET070216
ET100713888008,Weramobonikoya,ET070216
ET100720888006,Andegna Akama,ET070217
ET100720888012,Badachakama,ET070217
ET100720888009,Chacho,ET070217
ET100720888008,Domba,ET070217
ET100720888003,Fenta,ET070217
ET100720888002,Gortancho,ET070217
ET100720888007,Huletegna Akama,ET070217
ET100720888011,Jacho Gebere Mahiber,ET070217
ET100720888010,Keberbuya,ET070217
ET100720888004,Odecho,ET070217
ET100720888001,Orcha,ET070217
ET100720888005,Usmanecho,ET070217
ET101004888006,Adanicho Ibala,ET070302
ET101004888014,Ambaricho Wassara,ET070302
ET101004888005,Angacha Kalama,ET070302
ET101004888013,Bonidana,ET070302
ET101004888007,Bucha,ET070302
ET101004888017,Donkoricho,ET070302
ET101004101001,Funamura,ET070302
ET101004888011,Gadaloa Gawada,ET070302
ET101004888003,Gade Genat,ET070302
ET101004888012,Gariba Fandide,ET070302
ET101004888008,Gubana Ambaricho,ET070302
ET101004888004,Hobicho Milisa,ET070302
ET101004888001,Jaba Dodoba,ET070302
ET101004888009,Karakicho,ET070302
ET101004888015,Kuya,ET070302
ET101004888010,Mesana,ET070302
ET101004888002,Shino Fugnamura,ET070302
ET101004888016,Zobecho,ET070302
ET101006888009,Abonisaa,ET070303
ET101006888006,Azedoboo,ET070303
ET101006888008,Bazanabenara,ET070303
ET101006888002,Degakedidaa,ET070303
ET101006888005,Fulsaa,ET070303
ET101006888001,Gerameamibaricho,ET070303
ET101006888011,Jore,ET070303
ET101006888003,Kerichecho,ET070303
ET101006888004,Tazaagara1,ET070303
ET101006888010,Tezegeribaa,ET070303
ET101006888007,Zatoshodera1,ET070303
ET101002888009,Ashira,ET070304
ET101002888016,Awaye,ET070304
ET101002888018,Buge,ET070304
ET101002888003,Burchana,ET070304
ET101002888001,Doreba,ET070304
ET101002888014,Gemesha,ET070304
ET101002888012,Hobichaka,ET070304
ET101002101001,Hobichaka01,ET070304
ET101002888002,Hoda,ET070304
ET101002888004,Ita,ET070304
ET101002888008,Kachabira,ET070304
ET101002888010,Lada,ET070304
ET101002888005,Leni,ET070304
ET101002888006,Mesafe,ET070304
ET101002888017,Mesena,ET070304
ET101002888013,Mino,ET070304
ET101002888020,Misraklesho,ET070304
ET101002888019,Walena,ET070304
ET101002888007,Wenko,ET070304
ET101002888015,Wererama,ET070304
ET101002888011,Zogoba,ET070304
ET101001888009,1Gna Tunton,ET070305
ET101001888010,2Gna Tunto,ET070305
ET101001888013,Ajora,ET070305
ET101001888008,Ameleka,ET070305
ET101001888003,Bohatora,ET070305
ET101001888002,Galibe,ET070305
ET101001888006,H_Chacho,ET070305
ET101001888005,Homa,ET070305
ET101001888004,La_Chacho,ET070305
ET101001888007,Lalo,ET070305
ET101001201001,Lesho Mazoria Ketema01,ET070305
ET101001888011,Mandoye,ET070305
ET101001888012,Mugunja,ET070305
ET101001888001,Sodicho,ET070305
ET101001101001,Tunito Ketama,ET070305
ET101003888003,Amecho Wato,ET070306
ET101003101001,Amecho Wato Ketema(Mare),ET070306
ET101003888010,Ancha Sedicho,ET070306
ET101003888006,Begedam Geteme,ET070306
ET101003888004,Bekafa,ET070306
ET101003888002,Dinika,ET070306
ET101009101001,Doyogena  Lino,ET070306
ET101009101002,Doyogena Zeraro,ET070306
ET101003888011,Gomura Gewada,ET070306
ET101009101003,Hawora,ET070306
ET101003888012,Lemi Suticho,ET070306
ET101003888005,Murasa Weramo,ET070306
ET101003888007,Serera Bokota,ET070306
ET101003201001,Serera Town,ET070306
ET101003888008,Utuge,ET070306
ET101003888009,Wagebeta,ET070306
ET101003888001,Wonjela,ET070306
ET101005888016,Ambericho,ET070307
ET101005888004,Bonga,ET070307
ET101005888005,Datodarabora,ET070307
ET101005101001,Funto,ET070307
ET101005888003,Garamba,ET070307
ET101005888009,Gendela,ET070307
ET101005888010,Gonji,ET070307
ET101005888002,Hamancho,ET070307
ET101005888008,Hanjagotemena,ET070307
ET101005888006,Hanjalalamo,ET070307
ET101005888012,Hebadato,ET070307
ET101005888015,Hego,ET070307
ET101005888013,Kazala,ET070307
ET101005888001,Kotakombola,ET070307
ET101005888007,Magare,ET070307
ET101005201001,Megere,ET070307
ET101005888011,Wondo,ET070307
ET101005888014,Yabu,ET070307
ET101012101008,Abonsa,ET070308
ET101012101009,Bezana Benara,ET070308
ET101012101006,Degakedida,ET070308
ET101012101011,Fulasa,ET070308
ET101012101001,Kashaa,ET070308
ET101012101005,Kerchicho,ET070308
ET101012101003,Laloo,ET070308
ET101012101004,Teza Agara,ET070308
ET101012101007,Tezageriba,ET070308
ET101012101010,Zato Shdera,ET070308
ET101012101002,Zeraroo,ET070308
ET101007101001,Adiloo,ET070309
ET101007888007,Adiloo,ET070309
ET101007888006,Geshgola,ET070309
ET101007888003,Hamidoo,ET070309
ET101007888004,Holagabazatoo,ET070309
ET101007888005,Lanigutechafee,ET070309
ET101007888001,Odamee,ET070309
ET101007888002,Sheshera,ET070309
ET101013101001,Ketela,ET070310
ET101013101002,Metoma,ET070310
ET101008101002,Hadaro Katema Kebele 01,ET070312
ET101008101003,Hadaro Katema Kebele 02,ET070312
ET101008101001,Hadaro Katema Kebele 03,ET070312
ET101008101004,Hadaro Katema Kebele 04,ET070312
ET100305101001,Butajira 01,ET070401
ET100305101002,Butajira 02,ET070401
ET100305101003,Butajira 03,ET070401
ET100305101004,Butajira 04,ET070401
ET100305101005,Butajira 05,ET070401
ET100302101002,Bui,ET070402
ET100302101001,Bui Zuriya,ET070402
ET100302101003,Nagessa,ET070402
ET100301888027,Abuna,ET070403
ET100301888032,Adale Merte Meteja,ET070403
ET100301888034,Adale Selasena Defeka,ET070403
ET100301888021,Adazer,ET070403
ET100301888003,Amaute Giftige,ET070403
ET100301888002,Amaute Lalage,ET070403
ET100301888004,Amaute Morage,ET070403
ET100301888015,Anati,ET070403
ET100301888010,Ashkedye,ET070403
ET100301888011,Aymelel,ET070403
ET100301888033,Berber,ET070403
ET100301888001,Bono Egedo,ET070403
ET100301888029,Borebore Ena Gobo,ET070403
ET100301888018,Dachu Hamus Gebeya,ET070403
ET100301888023,Dobat Temuga,ET070403
ET100301888031,Dugda Gerie,ET070403
ET100301888030,Dugda Goro,ET070403
ET100301888024,Ejersa,ET070403
ET100301888009,Fato,ET070403
ET100301888014,Fershi,ET070403
ET100301888007,Fule Amanuel,ET070403
ET100301888026,Genbela Kersa,ET070403
ET100301888006,Genet Mariam,ET070403
ET100301888008,Gereno Betet Wenz,ET070403
ET100301888005,Gereno Enset Tekil,ET070403
ET100301888013,Gimise,ET070403
ET100301888012,Indebuye,ET070403
ET100301888017,Mikael Semaro,ET070403
ET100301888028,Refenso,ET070403
ET100301888022,Sewatina Gedam,ET070403
ET100301888025,Soloke Gebriel,ET070403
ET100301201001,Suten,ET070403
ET100301888016,Suten Zuriya,ET070403
ET100301101001,Teya,ET070403
ET100301888019,Wacho Morege,ET070403
ET100301888020,Wudiget Gefersa,ET070403
ET100304888018,Baresa,ET070404
ET100304888017,Debo Tuto,ET070404
ET100304888019,Debub Shershera,ET070404
ET100304888001,Dega Gogot,ET070404
ET100304888021,Dirama,ET070404
ET100304888006,Dobi,ET070404
ET100304888014,Gidena Aborot,ET070404
ET100304888007,Goyban,ET070404
ET100304888024,Jole Andegna,ET070404
ET100304888025,Jole Huletegna,ET070404
ET100304888008,Mekicho,ET070404
ET100304888002,Meserete Wogeram,ET070404
ET100304888016,Mikaelo,ET070404
ET100304888011,Mirab Embor,ET070404
ET100304888012,Mirab Meskan,ET070404
ET100304888010,Misrak Embor,ET070404
ET100304888013,Misrak Meskan,ET070404
ET100304888020,Semen Shershera,ET070404
ET100304888022,Shershera Bido,ET070404
ET100304888023,Shershera Mechimena,ET070404
ET100304888003,Sost Amba,ET070404
ET100304888026,Wita,ET070404
ET100304888004,Wolensho Andegna,ET070404
ET100304888005,Wolensho Huletegna,ET070404
ET100304888015,Wurib,ET070404
ET100304888009,Yetabon,ET070404
ET100306888014,Bache Gulchano,ET070405
ET100306888005,Bamo,ET070405
ET100306888009,Bati  Lejano,ET070405
ET100306888013,Bati Fato,ET070405
ET100306888008,Dida,ET070405
ET100306888010,Dobena Bati,ET070405
ET100306888011,Dobena Gola,ET070405
ET100306888012,Enseno Usme,ET070405
ET100306101001,Hamus Gebeya,ET070405
ET100306888001,Ile,ET070405
ET100306888006,Ocha Gename,ET070405
ET100306888007,Woja Bati,ET070405
ET100306888002,Yimerwacho Andegna,ET070405
ET100306888003,Yimerwacho Huletegna,ET070405
ET100306888004,Yimerwacho Sostegna,ET070405
ET100303888017,Adele Cheleleq,ET070406
ET100303888015,Agamsado,ET070406
ET100303888009,Bake Bisan Jilba,ET070406
ET100303888001,Damu 1,ET070406
ET100303888011,Damu 2,ET070406
ET100303888012,Damu 3,ET070406
ET100303888004,Dega Nurena,ET070406
ET100303888008,Gogeti 1,ET070406
ET100303888014,Gogeti 2,ET070406
ET100303888013,Gogeti 3,ET070406
ET100303888007,Golbe,ET070406
ET100303888016,Gose Salena,ET070406
ET100303888002,Gumbarnada,ET070406
ET100303101001,Kela 01,ET070406
ET100303888006,Kela Zuria,ET070406
ET100303888005,Kola Nurena,ET070406
ET100303888003,Mahberawi Sayat,ET070406
ET100303888010,Milko,ET070406
ET070501888018,Afinet Wacha,ET070501
ET070501888024,Alagicha,ET070501
ET070501888020,Ambi,ET070501
ET070501888033,Amersha,ET070501
ET070501888005,Arfaro,ET070501
ET070501888029,Aymatol,ET070501
ET070501888031,Bergede Dudi,ET070501
ET070501888025,Chilsha,ET070501
ET070501888023,Dola Mashtel,ET070501
ET070501888019,Fera Zagmer,ET070501
ET070501888014,Gama Kura,ET070501
ET070501888030,Garshino Gimja,ET070501
ET070501888021,Gasna Zema,ET070501
ET070501888022,Gemit Achet,ET070501
ET070501888017,Gicha,ET070501
ET070501888001,Gomra,ET070501
ET070501888009,Goza Balkish,ET070501
ET070501888008,Lelo,ET070501
ET070501888015,Melo Rasha,ET070501
ET070501888028,Melt,ET070501
ET070501888011,Meta Zabir,ET070501
ET070501888007,Otla Walers,ET070501
ET070501888016,Sefera,ET070501
ET070501888010,Shangama Tsak,ET070501
ET070501888006,Shara Difti,ET070501
ET070501888004,Wala,ET070501
ET070501888032,Wurkish,ET070501
ET070501888026,Zifit Akicha,ET070501
ET070501888027,Zifit Utsa,ET070501
ET070501888002,Zofna Dawa,ET070501
ET070502101001,Gelila Zero And,ET070502
ET070502101002,Gelila Zero Hulet,ET070502
ET070502101003,Keletichekar,ET070502
ET070502101004,Sama Bulkit,ET070502
ET070503888003,Aydamer,ET070503
ET070503888008,Diramer,ET070503
ET070503888007,Fae,ET070503
ET070503888005,Lofet,ET070503
ET070503888010,Maleter,ET070503
ET070503888004,Oldamer,ET070503
ET070503888009,Shamamer,ET070503
ET070503888017,Wilsher,ET070503
ET070503101001,Wubhamer,ET070503
ET070503888011,Zemer,ET070503
ET070504888012,Arfes,ET070504
ET070504501001,Arki,ET070504
ET070504888026,Ayda,ET070504
ET070504888034,Aykamer,ET070504
ET070504888001,Aynalem,ET070504
ET070504301001,Balamer,ET070504
ET070504888038,Chelegod,ET070504
ET070504888029,Dell,ET070504
ET070504888016,Doridora,ET070504
ET070504101001,Gazer,ET070504
ET070504888028,Gedir,ET070504
ET070504888020,Genamer,ET070504
ET070504888018,Gomer,ET070504
ET070504888022,Goydamer,ET070504
ET070504888023,Gumeter,ET070504
ET070504888019,Komer,ET070504
ET070504888037,Mama,ET070504
ET070504888036,Maytol,ET070504
ET070504888021,Mendir,ET070504
ET070504401001,Metser,ET070504
ET070504888024,Muti,ET070504
ET070504888013,Pelpa,ET070504
ET070504888032,Pila,ET070504
ET070504888006,Shanagama Arki,ET070504
ET070504888014,Shangama Bili,ET070504
ET070504888015,Shangama Woset,ET070504
ET070504888035,Shekamer,ET070504
ET070504888025,Shishir,ET070504
ET070504888017,Sida,ET070504
ET070504888002,Tembel,ET070504
ET070504201001,Tolta,ET070504
ET070504888027,Zomba,ET070504
ET070505888045,Ali,ET070505
ET070505888042,Arkisha,ET070505
ET070505888044,Ashti,ET070505
ET070505888030,Bako,ET070505
ET070505888041,Bayitsemal,ET070505
ET070505888039,Gezi,ET070505
ET070505888031,Goyd,ET070505
ET070505888046,Kaysa,ET070505
ET070505888040,Kure,ET070505
ET070505101001,Senegal,ET070505
ET070505888043,Senmamer,ET070505
ET070505888033,Shephi,ET070505
ET070506101001,JINKA 01,ET070506
ET070506101002,JINKA 02,ET070506
ET070506101005,JINKA 02,ET070506
ET070601888009,Arum,ET070601
ET070601888020,Bongozo,ET070601
ET070601888003,Chedmis,ET070601
ET070601888005,Dime Gacha,ET070601
ET070601888004,Dime Ganchire,ET070601
ET070601888013,Dime Gerfa,ET070601
ET070601888006,Dime Gero,ET070601
ET070601888007,Dime Utsa,ET070601
ET070601888012,Erka,ET070601
ET070601888002,Giyo,ET070601
ET070601888010,Giyo Dakuba,ET070601
ET070601888016,Gura,ET070601
ET070601101001,Hana,ET070601
ET070601888018,Haylwuha,ET070601
ET070601888011,Kanchuwa,ET070601
ET070601888017,Maki,ET070601
ET070601888019,Moyzo,ET070601
ET070601888015,Omo Hana,ET070601
ET070601888001,Omo Rombe,ET070601
ET070601888008,Shumuto,ET070601
ET070601888014,Tsitsima,ET070601
ET070602888017,Ajo,ET070602
ET070602888015,Aleze,ET070602
ET070602888001,Arkiroko,ET070602
ET070602201001,Asheker,ET070602
ET070602888012,Asheker,ET070602
ET070602301001,Bala,ET070602
ET070602888016,Bala,ET070602
ET070602501001,Beneta,ET070602
ET070602888023,Beneta,ET070602
ET070602601001,Boshkoro,ET070602
ET070602888003,Buylansa,ET070602
ET070602888020,Damiker,ET070602
ET070602888006,Doyso,ET070602
ET070602888018,Erbo,ET070602
ET070602101001,Gento,ET070602
ET070602888009,Gento,ET070602
ET070602888021,Gera Gado,ET070602
ET070602888007,Golo,ET070602
ET070602888019,Gongode,ET070602
ET070602888011,Gudo,ET070602
ET070602888005,Kamba Bobo,ET070602
ET070602888013,Katibaka,ET070602
ET070602888004,Kela,ET070602
ET070602401001,Koybe,ET070602
ET070602888014,Koybe,ET070602
ET070602888010,Lemokalenido,ET070602
ET070602888008,Makana,ET070602
ET070602888022,Sholtaka,ET070602
ET070602888002,Tiki Boko,ET070602
ET070603401001,Alduba,ET070603
ET070603888021,Alduba,ET070603
ET070603888025,Ansonda,ET070603
ET070603888005,Argo,ET070603
ET070603888015,Aymele,ET070603
ET070603888029,Babo,ET070603
ET070603888026,Bofo,ET070603
ET070603888030,Bola,ET070603
ET070603888022,Bori,ET070603
ET070603301001,Brayle,ET070603
ET070603888031,Bura,ET070603
ET070603888004,Chali,ET070603
ET070603888007,Dizi Ama,ET070603
ET070603888014,Duma,ET070603
ET070603888013,Enchete,ET070603
ET070603888028,Gisma,ET070603
ET070603888001,Goldiya,ET070603
ET070603888027,Gone,ET070603
ET070603888020,Gurdo,ET070603
ET070603888008,Gurma Mero,ET070603
ET070603201001,Kako,ET070603
ET070603888002,Kako,ET070603
ET070603101001,Key Afer,ET070603
ET070603888012,Luka,ET070603
ET070603888023,Morgala,ET070603
ET070603888006,Mukecha,ET070603
ET070603888010,Olka Kibo,ET070603
ET070603888017,Olo,ET070603
ET070603888009,Shaba Argamanda,ET070603
ET070603888018,Shala Guyaye,ET070603
ET070603888024,Sile,ET070603
ET070603888011,Sitinba Kalamaya,ET070603
ET070603888016,Ufi,ET070603
ET070603888019,Wururi,ET070603
ET070603888003,Yirga,ET070603
ET070604888012,Ache Musa,ET070604
ET070604888013,Achi  Aligone,ET070604
ET070604888023,Angude,ET070604
ET070604888005,Areay Umbule,ET070604
ET070604888030,Aribore Kulama,ET070604
ET070604888031,Aribore Murale,ET070604
ET070604888004,Ariya Kayisa,ET070604
ET070604888033,Asile,ET070604
ET070604888006,Bashada,ET070604
ET070604888018,Bonqole Lage,ET070604
ET070604888017,Charikaka,ET070604
ET070604888021,Dega Kaja  Ala,ET070604
ET070604888020,Dega Kaja Kale,ET070604
ET070604888022,Dembiyite,ET070604
ET070604101001,Dimeka 01,ET070604
ET070604888008,Dimka Zuriya,ET070604
ET070604888032,Egude,ET070604
ET070604301001,Erebore 01,ET070604
ET070604888024,Gambala,ET070604
ET070604888015,Gedi Back,ET070604
ET070604888029,Gondoroba,ET070604
ET070604888002,Kara Dus,ET070604
ET070604888001,Kara Korcho,ET070604
ET070604888003,Kara Labuk,ET070604
ET070604888019,Kufur,ET070604
ET070604888014,Lala,ET070604
ET070604888034,Meno Galit,ET070604
ET070604888025,Miresha Kulima,ET070604
ET070604888027,Mirisha Bita Galfa,ET070604
ET070604888010,Shanko Kelma,ET070604
ET070604888011,Shanko Wolfo,ET070604
ET070604888007,Simbale,ET070604
ET070604888009,Simbele Woro,ET070604
ET070604888028,Wonga Bino,ET070604
ET070604888016,Zegarma,ET070604
ET070604888026,Zeleketa,ET070604
ET070605201001,Turemi 01,ET070605
ET070606888015,Aypa,ET070606
ET070606888011,Chare,ET070606
ET070606888009,Kajamyke,ET070606
ET070606888001,Kakuta,ET070606
ET070606101001,Kangatin 01,ET070606
ET070606888002,Kawutom,ET070606
ET070606888012,Kopriya,ET070606
ET070606888013,Kuchuru,ET070606
ET070606888007,Lebere,ET070606
ET070606888005,Lokomeygnan,ET070606
ET070606888003,Lokorlem,ET070606
ET070606888010,Lopoker,ET070606
ET070606888014,Lorenkachew,ET070606
ET070606888006,Lotomen,ET070606
ET070606888018,Nakriyaman,ET070606
ET070606888019,Naptiyakoyt,ET070606
ET070606888016,Napusumuriya,ET070606
ET070606888017,Naragoy,ET070606
ET070606888008,Natikar,ET070606
ET070606888004,Nyawuyape,ET070606
ET070606888020,Shonkora,ET070606
ET070607888012,Abianale,ET070607
ET070607888006,Adboren,ET070607
ET070607888009,Adgnangalok,ET070607
ET070607888035,Akudungule,ET070607
ET070607888023,Alkatakach,ET070607
ET070607888016,Arikol,ET070607
ET070607888014,Arsamaye,ET070607
ET070607888025,Bandira,ET070607
ET070607888007,Bayo,ET070607
ET070607888018,Borkenech,ET070607
ET070607888033,Bubuwa,ET070607
ET070607888015,Delegnamor,ET070607
ET070607888013,Delerale,ET070607
ET070607888024,Doshe,ET070607
ET070607888031,Fejej,ET070607
ET070607888017,Gnememer,ET070607
ET070607888008,Guburbur Nebermus,ET070607
ET070607888005,Gumburbur,ET070607
ET070607888028,Gure Narama,ET070607
ET070607888029,Hado,ET070607
ET070607888034,Heriker,ET070607
ET070607888021,Kelwaye,ET070607
ET070607888030,Langay,ET070607
ET070607888004,Libemuket,ET070607
ET070607888022,Lobet,ET070607
ET070607888027,Lokoro,ET070607
ET070607888011,Lomosiya,ET070607
ET070607888026,Nakiya,ET070607
ET070607888032,Ochelech,ET070607
ET070607101001,Omorate,ET070607
ET070607888019,Rate,ET070607
ET070607888002,Rukruk,ET070607
ET070607888010,Selegn,ET070607
ET070607888003,Sermiret,ET070607
ET070607888020,Terengole,ET070607
ET070607888001,Toltale,ET070607
ET070702888017,Algaye,ET070702
ET070702888030,Alishe,ET070702
ET070702101001,Arguba Tanao,ET070702
ET070702888031,Arkayo,ET070702
ET070702888010,Ataya,ET070702
ET070702888035,Balko Hawassa,ET070702
ET070702888027,Bordo,ET070702
ET070702888001,Busa Baso,ET070702
ET070702888037,Busa Dubayisho,ET070702
ET070702888036,Busa Karemo,ET070702
ET070702888002,Busa killa,ET070702
ET070702888039,Choro,ET070702
ET070702888021,Dahole,ET070702
ET070702401001,Gato 01,ET070702
ET070702888018,Gebale,ET070702
ET070702888040,Gendigama,ET070702
ET070702301001,Gidole 01,ET070702
ET070702301002,Gidole 02,ET070702
ET070702888023,Girashe,ET070702
ET070702888015,Gomarsha,ET070702
ET070702888026,Hadhawa,ET070702
ET070702888019,Haka,ET070702
ET070702888032,Harole,ET070702
ET070702888007,Haybena,ET070702
ET070702201001,Holte 01,ET070702
ET070702888033,Karfa Genet,ET070702
ET070702888009,Keyama,ET070702
ET070702888025,Kira,ET070702
ET070702888011,Kola Mashile,ET070702
ET070702888022,Kose,ET070702
ET070702888028,Mermer,ET070702
ET070702888034,Moro Chebene,ET070702
ET070702888038,Mosaye Kalkishe,ET070702
ET070702888013,Nalo,ET070702
ET070702888014,Ongaye,ET070702
ET070702888006,Onota,ET070702
ET070702888024,Orgile,ET070702
ET070702888008,Shilale,ET070702
ET070702888016,Tardele,ET070702
ET070702888020,Tare,ET070702
ET070702888029,Toyisala,ET070702
ET070702301004,Walayte,ET070702
ET070702888003,Walayte,ET070702
ET070702888004,Walsa,ET070702
ET070702888012,Yaybe,ET070702
ET070702301003,Yelaygnaw Arguba,ET070702
ET070801888004,Bolle,ET070801
ET070801888011,Cheffe,ET070801
ET070801888020,Datane,ET070801
ET070801888010,Dega Mashile,ET070801
ET070801888021,Deginti,ET070801
ET070801888012,Delbena Gama,ET070801
ET070801888008,Dobase,ET070801
ET070801888005,Dugulo,ET070801
ET070801888018,Eyana,ET070801
ET070801101001,Gawada,ET070801
ET070801888014,Geregama,ET070801
ET070801888017,Gewada,ET070801
ET070801888002,Kaba,ET070801
ET070801888019,Karkarte,ET070801
ET070801888003,Kuntabe,ET070801
ET070801888013,Lakato,ET070801
ET070801888006,Lokite,ET070801
ET070801888007,Lokite Guma,ET070801
ET070801888009,Oltima,ET070801
ET070801888015,Tanapa,ET070801
ET070801201001,Tosho,ET070801
ET070801888001,Tsemeha,ET070801
ET070801888016,Turuba,ET070801
ET070802101004,Diginti,ET070802
ET070802101006,Goroze,ET070802
ET070802101003,Guma,ET070802
ET070802101001,Ko;ango 01,ET070802
ET070802101002,Kolango,ET070802
ET070802101005,Lalicho,ET070802
ET071101888029,Abulo,ET071101
ET071101888028,Alfacho,ET071101
ET071101888016,Aykure,ET071101
ET071101888018,Aysume,ET071101
ET071101888030,Buniti,ET071101
ET071101888009,Dalae,ET071101
ET071101888020,Dano Bulto,ET071101
ET071101101001,Derba Menena,ET071101
ET071101888005,Doribade,ET071101
ET071101888024,Dyketa,ET071101
ET071101888008,Ela,ET071101
ET071101888010,Etete Hiylo,ET071101
ET071101888007,Gamole,ET071101
ET071101888017,Gena,ET071101
ET071101888015,Golibe,ET071101
ET071101888003,Gumure,ET071101
ET071101888013,Jalo,ET071101
ET071101401001,Jijola,ET071101
ET071101888012,Kele,ET071101
ET071101301001,Kele 01,ET071101
ET071101301002,Kele 02,ET071101
ET071101201001,Kereda,ET071101
ET071101888014,Kobo,ET071101
ET071101888021,Kore,ET071101
ET071101888011,Mareta,ET071101
ET071101888026,Medayne,ET071101
ET071101888027,Segen,ET071101
ET071101888023,Shafule,ET071101
ET071101888004,Sharo,ET071101
ET071101888022,Suluko,ET071101
ET071101888002,Tifate,ET071101
ET071101888025,Workale,ET071101
ET071101888001,Yero,ET071101
ET071101888019,Zargate,ET071101
ET071101888006,Zokesa,ET071101
ET071301101007,Boyite,ET071301
ET071301101008,Harsu,ET071301
ET071301101004,Weldena,ET071301
ET071302101003,Bereda,ET071302
ET071302101002,Haroke,ET071302
ET071302101001,Odaya and Dilla University,ET071302
ET071303101005,Buno,ET071303
ET071303101006,Haroresa,ET071303
ET071303101009,Hasedella,ET071303
ET100603888012,Alem Tena,ET071402
ET100603888023,Andegna Ashoka,ET071402
ET100603888020,Andegna Mekala,ET071402
ET100603888022,Asore,ET071402
ET100603888015,Ayimale,ET071402
ET100603888008,Eloleka,ET071402
ET100603888005,Gerema,ET071402
ET100603888013,Habibo Furana,ET071402
ET100603888016,Hamata,ET071402
ET100603888024,Huletegna Ashoka,ET071402
ET100603888019,Huletegna Mekala,ET071402
ET100603888018,Kufe,ET071402
ET100603888002,Layignaw Arsho,ET071402
ET100603888009,Layignaw Bedene,ET071402
ET100603888017,Layignaw Lenda,ET071402
ET100603888003,Mirab Gortancho,ET071402
ET100603888004,Misrak Gortancho,ET071402
ET100603888006,Muda Dinokosa,ET071402
ET100603888011,Muda Meyafa,ET071402
ET100603888007,Muda Wishamo,ET071402
ET100603888021,Sheke Tena Weldia,ET071402
ET100603888014,Sorge Dargosa,ET071402
ET100603888001,Tachignaw Arsho,ET071402
ET100603888010,Tachignaw Bedene,ET071402
ET100602888012,Andegna Ansha,ET071403
ET100602888006,Andegna Tefo,ET071403
ET100602888001,Andegna Tuka,ET071403
ET100602101002,Debaso,ET071403
ET100602888016,Felka,ET071403
ET100602888007,Girme,ET071403
ET100602888010,Gofesa,ET071403
ET100602101003,Guba Sheraro,ET071403
ET100602101001,Gurura Butu,ET071403
ET100602888009,Huletegna Ansha,ET071403
ET100602888017,Huletegna Mekala,ET071403
ET100602888004,Huletegna Tefo,ET071403
ET100602888002,Huletegna Tuka,ET071403
ET100602888011,Kunche Yeye,ET071403
ET100602888018,Meja,ET071403
ET100602888005,Rukenene Tefo,ET071403
ET100602888014,Shewako,ET071403
ET100602888015,Sinkele Bitana,ET071403
ET100602888003,Tefochufo,ET071403
ET100602888008,Yambo,ET071403
ET100602888013,Yeye,ET071403
ET100501888019,Abzana 1,ET072001
ET100501888022,Abzana 2,ET072001
ET100501888002,Adiyo,ET072001
ET100501888003,Ageta,ET072001
ET100501888016,Buni Sakamo,ET072001
ET100501888011,Edo 1,ET072001
ET100501888013,Edo 2,ET072001
ET100501888004,Enfegne,ET072001
ET100501888007,Fuchare,ET072001
ET100501888017,Gederat,ET072001
ET100501888012,Gone,ET072001
ET100501888001,Gugiso,ET072001
ET100501888014,Kechemo,ET072001
ET100501888005,Keresona Kermazer,ET072001
ET100501888010,Ketucha,ET072001
ET100501101001,Kewakoto 01,ET072001
ET100501201001,Kutare,ET072001
ET100501888023,Lemlem 1,ET072001
ET100501888024,Lemlem 2,ET072001
ET100501888025,Lemlem 3,ET072001
ET100501888015,Shilimat,ET072001
ET100501888018,Silo,ET072001
ET100501888008,Tanzhe,ET072001
ET100501888006,Woshano,ET072001
ET100501888009,Wosho,ET072001
ET100501888020,Wozir 1,ET072001
ET100501888021,Wozir 2,ET072001
ET100502888001,Adber Abzana,ET072002
ET100502888002,Adber Weliya,ET072002
ET100502888005,Agode Lobrera,ET072002
ET100502888011,Ajera,ET072002
ET100502888019,Anshabeso,ET072002
ET100502888018,Arat Ber,ET072002
ET100502888020,Arat Ber Mukre,ET072002
ET100502888016,Asano Dugdarera,ET072002
ET100502888013,Ashute Burako,ET072002
ET100502888015,Dacha Gisila,ET072002
ET100502888017,Danecho Mukre,ET072002
ET100502888009,Dobena Bati,ET072002
ET100502888008,Dobena Enseno,ET072002
ET100502888012,Dobo Bedeno,ET072002
ET100502888007,Dobo Sabola,ET072002
ET100502888014,Goflala,ET072002
ET100502201001,Ilos 01,ET072002
ET100502888023,Ilos Dori,ET072002
ET100502888021,Kertefa Gibato,ET072002
ET100502888003,Koto Baloso,ET072002
ET100502101001,Menaharia 01,ET072002
ET100502888022,Seda Berengo,ET072002
ET100502888004,Senena Gerera,ET072002
ET100502888010,Shale Washo,ET072002
ET100502888006,Tuto Zogare,ET072002
ET100502888025,Wacho Denka,ET072002
ET100502888024,Weger Urdubo,ET072002
ET100505888010,Amche,ET072003
ET100505888009,Girar Wergise,ET072003
ET100505888005,Kikora,ET072003
ET100505888003,Lanfuro Gebaba,ET072003
ET100505888011,Luke Kudusa,ET072003
ET100505888015,Meded Gagebo,ET072003
ET100505888008,Meded Kusaye,ET072003
ET100505888004,Meja Tora,ET072003
ET100505888013,Rephe,ET072003
ET100505888014,Rephe Chefana,ET072003
ET100505888002,Shanka Tufa,ET072003
ET100505888006,Warsha Shanka,ET072003
ET100505888001,Wetanbo Baliche,ET072003
ET100505888017,Wonte Doye,ET072003
ET100505888016,Wonte Lola,ET072003
ET100505888012,Wonte Sostoro,ET072003
ET100505888007,Wotembo Gobe,ET072003
ET100513888006,Anfar,ET072004
ET100513888005,Bilalo,ET072004
ET100513888015,Demela Debey Bira,ET072004
ET100513888017,Demela Oda Edo,ET072004
ET100513201001,Duna 01,ET072004
ET100513888010,Duna G/Mahber,ET072004
ET100513888008,Gedamo,ET072004
ET100513888007,Gomra,ET072004
ET100513888009,Jeramo Senboye,ET072004
ET100513888011,Jiro,ET072004
ET100513888014,Kecha Chumeta,ET072004
ET100513888016,Kede,ET072004
ET100513101001,Lera 01,ET072004
ET100513888002,Mehal Mugo,ET072004
ET100513888001,Mirab Mugo,ET072004
ET100513301001,Mugo 01,ET072004
ET100513888004,Mugo Terara,ET072004
ET100513888003,Semen Mugo,ET072004
ET100513888012,Weger Gunjibil,ET072004
ET100513888013,Willo Lera,ET072004
ET100508888007,Dube Godebano,ET072005
ET100508888008,Ebot,ET072005
ET100508888006,Ebot Tirora,ET072005
ET100508888001,Gale,ET072005
ET100508888009,Gete Kutiyo,ET072005
ET100508888003,Gola Kure,ET072005
ET100508888005,Golo Cheba,ET072005
ET100508888013,Inkat Agam,ET072005
ET100508888010,Jigena Lasho,ET072005
ET100508888002,Koro Chimo,ET072005
ET100508888011,Metaya Dange,ET072005
ET100508888014,Nadugne Agamo,ET072005
ET100508888012,Nadugne Lola,ET072005
ET100508888004,Wanja Shola,ET072005
ET100514888010,Adash Ziko,ET072006
ET100514888020,Barcho,ET072006
ET100514888021,Barcho Kulufo,ET072006
ET100514888024,Bonosha,ET072006
ET100514888001,Deneb,ET072006
ET100514888002,Enjamo Gurbeye,ET072006
ET100514888009,Enjamo Gutancho,ET072006
ET100514888015,Feten,ET072006
ET100514888004,Getem,ET072006
ET100514888003,Getem Gurbeye,ET072006
ET100514888008,Getem Ziko,ET072006
ET100514888018,Gutancho,ET072006
ET100514101002,Jata,ET072006
ET100514888022,Jata,ET072006
ET100514888005,Jejebicho Lemlem,ET072006
ET100514888006,Jejebicho Seyato,ET072006
ET100514888019,Kore,ET072006
ET100514101003,Kulufo Shadger,ET072006
ET100514888025,Kulufo Shadger,ET072006
ET100514888017,Lay Kemo,ET072006
ET100514888011,Menzo,ET072006
ET100514888014,Menzo Feten,ET072006
ET100514888007,Menzo Seyato,ET072006
ET100514101005,Regdina,ET072006
ET100514888026,Regdina,ET072006
ET100514101001,Regdina Kore,ET072006
ET100514888023,Regdina Kore,ET072006
ET100514101004,Regdina Kore Mazoria,ET072006
ET100514888016,Tach Kemo,ET072006
ET100514888013,Weteta,ET072006
ET100514888012,Worabe Sinbita,ET072006
ET100512888002,Adazer Abecho,ET072007
ET100512888003,Adazer Shebel,ET072007
ET100512888016,Azer Kalkal,ET072007
ET100512888010,Darawut,ET072007
ET100512888011,Dodo,ET072007
ET100512888014,Emezhar,ET072007
ET100512888004,Goda,ET072007
ET100512888009,Kember Shemo,ET072007
ET100512101001,Kilto Gomoro 01,ET072007
ET100512888005,Lay Adazer,ET072007
ET100512888007,Lay Uminan,ET072007
ET100512888006,Mehal Adazer,ET072007
ET100512888001,Shemo Abecho,ET072007
ET100512888015,Tach Adazer,ET072007
ET100512888008,Tach Uminan,ET072007
ET100512888012,Weleya,ET072007
ET100512888013,Wero,ET072007
ET100511888008,Ambericho Achamo,ET072008
ET100511888007,Ambericho Gimba,ET072008
ET100511888001,Angamo Yede,ET072008
ET100511888010,Bilawanja,ET072008
ET100511888002,Brihan Kitkita,ET072008
ET100511888009,Demeke,ET072008
ET100511101001,Kerate 01,ET072008
ET100511888006,Merebo Kal Kal,ET072008
ET100511888004,Tode Temeda,ET072008
ET100511888005,Wacho Obiso,ET072008
ET100511888003,Worabet Shama,ET072008
ET100506101002,Maltame,ET072009
ET100506101001,Milinium,ET072009
ET100510101004,Albazer,ET072010
ET100510101001,Datewezir 6,ET072010
ET100510101005,Fuge Acharaye,ET072010
ET100510101002,Worabe 01,ET072010
ET100510101003,Worabe 02,ET072010
ET100503101002,Agode,ET072011
ET100503101003,Boze Sabola,ET072011
ET100503101004,Kibet 01,ET072011
ET100503101006,Kibet 02,ET072011
ET100503101008,Koto,ET072011
ET100503101005,Senena Gerera,ET072011
ET100503101007,Weleya 6,ET072011
ET100503101001,Yeteker,ET072011
ET100507888001,Archuma Gola,ET072012
ET100507888002,Archuma Wonte,ET072012
ET100507888007,Edeneba Agawo,ET072012
ET100507888006,Girinzila Gogilo,ET072012
ET100507888004,Girinzila Shofode,ET072012
ET100507101001,Mito 01,ET072012
ET100507888008,Saso Koshame,ET072012
ET100507888005,Shofode Debar,ET072012
ET100507888003,Wonte Bodite,ET072012
ET100504888002,Balo Keriso,ET072013
ET100504888004,Debub Goto,ET072013
ET100504101001,Gerbiber,ET072013
ET100504888006,Goto Wacho,ET072013
ET100504888008,Luke Faka,ET072013
ET100504888003,Misrak Eyekuche,ET072013
ET100504888001,Seda Gora,ET072013
ET100504888005,Semen Goto,ET072013
ET100504201001,Udasa,ET072013
ET100504888007,Unama Duge,ET072013
ET100401888025,Argo Walilalti,ET072501
ET100401888022,Bidara Faka,ET072501
ET100401888006,Dida Halibo,ET072501
ET100401888005,Dida Midore,ET072501
ET100401888021,Faka Repi,ET072501
ET100401888010,Faka Washe,ET072501
ET100401888012,Gola Jardembaka,ET072501
ET100401888007,Golla Chumena,ET072501
ET100401888013,Goto Gotbale,ET072501
ET100401888014,Goto Mendifa,ET072501
ET100401888003,Hobe Jardembaka,ET072501
ET100401888024,Ilala Gebiba,ET072501
ET100401888023,Ilala Jireno,ET072501
ET100401888001,Kano Alimana,ET072501
ET100401888002,Kano Kertefa,ET072501
ET100401101001,Koshe 01,ET072501
ET100401888009,Koshe Akebabi,ET072501
ET100401888011,Mekakelegna Jardembaka,ET072501
ET100401888008,Semen Koshe,ET072501
ET100401888017,Sherinto Andegna,ET072501
ET100401888016,Sherinto Huletegna,ET072501
ET100401888015,Sherinto Sostegna,ET072501
ET100401888018,Udasa Gola,ET072501
ET100401888019,Udasa Repi,ET072501
ET100401888020,Udasa Washe Weyra,ET072501
ET100401888004,Weja Jardembaka,ET072501
ET100901201001,Amibukuna Ketema,ET072601
ET100901888014,Bachira,ET072601
ET100901888005,Bada,ET072601
ET100901888018,Belela,ET072601
ET100901888015,Bohe,ET072601
ET100901888019,Debubambukuna,ET072601
ET100901888007,Durgi,ET072601
ET100901888011,Fersuma,ET072601
ET100901888008,Ferzano,ET072601
ET100901888012,Gaicha,ET072601
ET100901888009,Gidansonga,ET072601
ET100901888003,Hazembara,ET072601
ET100901301001,Hoda Boltuma,ET072601
ET100901888006,Hodobultuma,ET072601
ET100901101001,Keleta,ET072601
ET100901888010,Keletazuriya,ET072601
ET100901888002,Lezembara,ET072601
ET100901888001,Oshetobultuma,ET072601
ET100901888004,Pocketlandkerera,ET072601
ET100901888016,Samenambukuna,ET072601
ET100901888017,Soyame,ET072601
ET100901888013,Waro,ET072601
ET070101301001,Achura Mazegaja,ET080101
ET070101888009,Admancho Arfita,ET080101
ET070101888022,Afama Adila,ET080101
ET070101888021,Afama Bancha,ET080101
ET070101888020,Afama Garo,ET080101
ET070101888019,Afama Mino,ET080101
ET070101888005,Bassa Goffera,ET080101
ET070101888002,Chama Hinbecho,ET080101
ET070101888008,Dache Gofera,ET080101
ET080101101001,Daka,ET080101
ET070101888012,Dangara Madalcho,ET080101
ET070101888011,Dangara Selata,ET080101
ET070101701001,Dangara Selata Mazagaja,ET080101
ET070101888017,Doge Weybo,ET080101
ET070101601001,Dola Mazagaja,ET080101
ET070101888024,Dubo,ET080101
ET080101101002,Filadelfea,ET080101
ET070101101001,Garagodo Mazegaja,ET080101
ET070101888003,Genet Achura,ET080101
ET070101888025,Gido Homba,ET080101
ET070101201001,Gurumo Koyisha Mazegaja,ET080101
ET070101888015,Gurumo Koysha,ET080101
ET070101888010,Hago Selata,ET080101
ET070101401001,Hinbecho Mazegaja,ET080101
ET070101888013,Legama,ET080101
ET070101888027,Matala Hinbecho,ET080101
ET070101888018,Qorke Doge,ET080101
ET070101888026,Shoye Homba,ET080101
ET070101888023,Sore Homba,ET080101
ET070101888006,Tadisa,ET080101
ET070101888001,Tiyo Hinbecho,ET080101
ET070101888007,Toqisa Godo,ET080101
ET070101501001,Weyibo Mazegaja,ET080101
ET070101888004,Wormuma,ET080101
ET070101888016,Youkara,ET080101
ET080102102003,Addis Abeba,ET080102
ET070102888014,Ade Aro,ET080102
ET070102888017,Ade Damota,ET080102
ET070102888018,Ade Koysha,ET080102
ET070102888016,Ade Offa,ET080102
ET070102888008,Ade Sibaye,ET080102
ET070102888005,Akabilo,ET080102
ET070102888015,Aro Wogera,ET080102
ET070102888013,Balla Koisha,ET080102
ET070102888025,Buge,ET080102
ET070102201001,Buge Mazagaja,ET080102
ET070102888003,Damot Boloso,ET080102
ET070102888020,Damot Mokonisa,ET080102
ET070102888022,Damot Offa,ET080102
ET070102101001,Gacheno Mazagaja,ET080102
ET070102888026,Harto Burqito,ET080102
ET070102888027,Harto Qonxola,ET080102
ET070102301001,Jage Mazegaja,ET080102
ET070102888004,Konasa Pulasa,ET080102
ET080102102001,Leku,ET080102
ET070102888021,Mokonisa Woyge,ET080102
ET080102102002,Negat Kokob,ET080102
ET070102888002,Obe Jage,ET080102
ET070102888023,Shakisho Shone,ET080102
ET070102888011,Shasha Gale,ET080102
ET070102888006,Wandara Boloso,ET080102
ET070102888009,Wandara Gale,ET080102
ET070102888012,Wogara,ET080102
ET070102888010,Woshi Gale,ET080102
ET070102888019,Xaba,ET080102
ET070102888007,Zamine Sibaye,ET080102
ET070102888001,Zegere,ET080102
ET070103888017,Adacha,ET080103
ET070103888004,Ade Dawe Mundaja,ET080103
ET070103101002,Adisu Kebele,ET080103
ET070103888012,Ambe Badessa,ET080103
ET070103888019,Anka Shashara,ET080103
ET070103888011,Bilbo Badesa,ET080103
ET070103888005,Dawe Sake,ET080103
ET070103888008,Degaga Lenda,ET080103
ET070103888015,Demba Girara,ET080103
ET070103888007,Galcha Sake,ET080103
ET070103301001,Galicha Mazegaja,ET080103
ET070103888016,Girara Ambe,ET080103
ET070103201001,Girara Mazegaja,ET080103
ET080103103002,Gudumale,ET080103
ET080103103001,Haik Dar,ET080103
ET070103888014,Kindo Koyo,ET080103
ET070103888009,Koyo Sake,ET080103
ET070103888002,Mayo Kote,ET080103
ET070103888018,Mayo Opore,ET080103
ET070103888006,Mundaja Sake,ET080103
ET070103888001,Oloba,ET080103
ET070103888003,Sura Koyo,ET080103
ET070103101001,Tele Kebele,ET080103
ET070103888010,Tora Ofre,ET080103
ET070103888020,Tora Sadebo,ET080103
ET070103888013,Tora Wulisho,ET080103
ET070104888013,Abme Shoya,ET080104
ET080104104003,Adarea,ET080104
ET070104888009,Ampo Koyisha,ET080104
ET080104104001,Andnet,ET080104
ET070104888017,Anka Wocha,ET080104
ET070104888008,Bossa Wanche,ET080104
ET070104888014,Demba Koyisha,ET080104
ET070104888010,Ella Kebela,ET080104
ET070104888019,Fango Gelcheche,ET080104
ET070104888020,Fango Lome,ET080104
ET070104888018,Galicha Qara,ET080104
ET070104888007,Gutitolarena,ET080104
ET080104104002,Harer,ET080104
ET070104888016,Kodo Kanko,ET080104
ET070104888012,Koyisha Ogodama,ET080104
ET070104888004,Koyisha Wangala,ET080104
ET070104888003,Koysha Gola,ET080104
ET070104888001,Sere Tawurata,ET080104
ET070104888015,Shochora Abala,ET080104
ET070104888006,Shochora Fisho,ET080104
ET070104888002,Shochora Gola,ET080104
ET070104888011,Shochora Ogodama,ET080104
ET070104888005,Shochora Ose,ET080104
ET070105888014,Ansome Gembela,ET080105
ET070105888008,Bosa Kacha,ET080105
ET070105701001,Buge Wanche,ET080105
ET070105888012,Buge Wanche,ET080105
ET070105101001,Dalbo Mazegaja,ET080105
ET070105888006,Dalbo Wogene,ET080105
ET070105888005,Damot Waja,ET080105
ET070105888011,Gilo Bisare,ET080105
ET070105888013,Gulgula,ET080105
ET070105401001,Gulgula Mazegaja,ET080105
ET070105888004,Gurumo Woyide,ET080105
ET070105301001,Himbebe,ET080105
ET070105888018,Kodo Gawlia,ET080105
ET070105888002,Kuto Sorfela,ET080105
ET070105201001,Lasho Mazegaja,ET080105
ET070105888017,Mante Gerera,ET080105
ET070105888010,Shela Borkoshe,ET080105
ET070105801001,Shela Borkoshe Mazegaja,ET080105
ET070105888001,Shola Kodo,ET080105
ET080105105002,Teso,ET080105
ET070105888016,Tome Gerera,ET080105
ET070105501001,Tome Mazegaja,ET080105
ET070105601001,Wachiga Busha,ET080105
ET070105888015,Wachiga Busha,ET080105
ET070105888003,Waja Shoya,ET080105
ET080105105001,Wukiro,ET080105
ET070105888007,Zala Shasha,ET080105
ET070105888009,Ziga Borkoshe,ET080105
ET070106888010,Bade Woyde,ET080106
ET070106888012,Borkoshe,ET080106
ET070106888018,Cherachi,ET080106
ET070106888006,Dada Kare,ET080106
ET070106888007,Doge Laroso,ET080106
ET080106106003,Gumae Stadium,ET080106
ET070106888014,Hanaze,ET080106
ET070106301001,Hanaze 01,ET080106
ET070106888001,Kindo Hangala,ET080106
ET070106888017,Manara,ET080106
ET070106888004,Mashinga,ET080106
ET080106106002,Millennium Adebabay,ET080106
ET070106888015,Molticho,ET080106
ET070106888005,Mundina,ET080106
ET070106888002,Oydu Chama,ET080106
ET070106101001,Oydu Chama 01,ET080106
ET070106888008,Pachana,ET080106
ET080106106001,Piyassa,ET080106
ET070106888011,Sere Finchawa,ET080106
ET070106888009,Sorto,ET080106
ET070106201001,sorto 01,ET080106
ET070106888003,Tulicha,ET080106
ET070106888013,Zebeto,ET080106
ET070107888005,Busha,ET080107
ET080107107003,Dume,ET080107
ET080107107005,Fara,ET080107
ET070107888012,Galda,ET080107
ET070107888014,Garbe,ET080107
ET070107888010,Geleko,ET080107
ET080107107004,Hiteta,ET080107
ET080107107001,Hoganea Wacho,ET080107
ET070107888015,Kanko Boshashe,ET080107
ET070107888009,Kodo,ET080107
ET070107888007,Mancha,ET080107
ET070107888016,Ofa Heramo,ET080107
ET070107888011,Okoto Sere,ET080107
ET070107888003,Sadoye,ET080107
ET070107888008,Sere Esho,ET080107
ET070107888013,Teda,ET080107
ET080107107002,Tiltie,ET080107
ET070107888006,Wachiga Esho,ET080107
ET070107888002,Waraza,ET080107
ET070107888004,Wosh Wocha Dakaya,ET080107
ET070107888001,Yakima,ET080107
ET070108888004,Adila,ET080108
ET070108888003,Ajora,ET080108
ET080108108005,Alamura,ET080108
ET070108888001,Badaye,ET080108
ET070108888002,Bombe Gebere Mahiber,ET080108
ET070108101002,Bombe01,ET080108
ET070108101001,Bombe02,ET080108
ET080108108012,Chafasine,ET080108
ET080108108002,Chefe Kotijawessa,ET080108
ET080108108001,DatoOdahe kebele&Hawassa UnivMain Campus,ET080108
ET070108888010,Demba Hereje,ET080108
ET070108888005,Farawocha,ET080108
ET080108108007,Finchawa,ET080108
ET080108108004,Gamato Gale,ET080108
ET070108888014,Gamo Walana,ET080108
ET080108108003,Gara Rikata,ET080108
ET070108888007,Gido Ambe,ET080108
ET070108888011,Gido Matala,ET080108
ET080108108011,Haranfama,ET080108
ET080108108010,Hawela Wondo,ET080108
ET070108888008,Hereje,ET080108
ET070108888006,Kuto Ambe,ET080108
ET070108401001,Libase,ET080108
ET070108888017,Libase,ET080108
ET070108888013,Matala Walana,ET080108
ET070108888018,Mole Manisa,ET080108
ET070108201001,Mole Town,ET080108
ET070108888015,Morocha Walana,ET080108
ET070108888009,Osse,ET080108
ET080108108009,Tula 01,ET080108
ET080108108008,Tula Geter,ET080108
ET080108108006,Tullo,ET080108
ET070108888012,Udula Matala,ET080108
ET070108301001,Wanjame,ET080108
ET070108888016,Zaba,ET080108
ET070109301001,Anchucho,ET080109
ET070109888007,Anchucho Chaw Kare,ET080109
ET070109888015,Bolola Chaw Kare,ET080109
ET070109201001,Demba Zamine,ET080109
ET070109888009,Demba Zamine,ET080109
ET070109888004,Doge Anchucho,ET080109
ET070109888016,Doge Mashido,ET080109
ET070109888017,Doge Shakisho,ET080109
ET070109888008,Gununo Hamuso,ET080109
ET070109888006,Gurumo Ledisa,ET080109
ET070109888001,Koyisha Nare,ET080109
ET070109401001,Ledisa,ET080109
ET070109101001,Nare,ET080109
ET070109888010,Shamba Kebele,ET080109
ET070109888011,Shamba Kilena,ET080109
ET070109888012,Sore Kilena,ET080109
ET070109888014,Sore Mashido,ET080109
ET070109888013,Sore Wamura,ET080109
ET070109888005,Sunkale,ET080109
ET070109888003,Zamine Kolbaye,ET080109
ET070109888002,Zamine Nare,ET080109
ET070110301001,Beleka Ketema,ET080110
ET070110888006,Bereda,ET080110
ET070110888013,Bosa Borto,ET080110
ET070110888012,Bosa Manara,ET080110
ET070110888002,Gala,ET080110
ET070110888003,Gocho,ET080110
ET070110201001,Gocho ketema 01,ET080110
ET070110101001,Halale_01,ET080110
ET070110888010,Kindo Mandena,ET080110
ET070110888004,Mogisa,ET080110
ET070110888005,Patata,ET080110
ET070110888008,Shela Mekera,ET080110
ET070110888009,Shela Sade,ET080110
ET070110888011,Sime Dolaye,ET080110
ET070110888001,Zaro,ET080110
ET070110888007,Zebo,ET080110
ET070110888014,Zerada,ET080110
ET070111888009,Abota Ulito,ET080111
ET070111888010,Ade Shanto,ET080111
ET070111888017,Bibiso Olola,ET080111
ET070111888005,Busha,ET080111
ET070111888008,Demba Gale,ET080111
ET070111888015,Galcha Suke,ET080111
ET070111888006,Gale Buge,ET080111
ET070111888002,Game Kabecho,ET080111
ET070111888020,Golo Shanto,ET080111
ET070111888001,Gudicho,ET080111
ET070111888011,Hilena Korke,ET080111
ET070111888007,Lamarada,ET080111
ET070111888004,Lera,ET080111
ET070111888016,Olola,ET080111
ET070111888014,Pulasa Bakala,ET080111
ET070111101001,Shanto Ketema,ET080111
ET070111888021,Siyara Mahe,ET080111
ET070111888012,Tomtome Menta,ET080111
ET070111888019,Warbira Golo,ET080111
ET070111888018,Warbira Suke,ET080111
ET070111888022,Warte Balaka,ET080111
ET070111888003,Wasedo,ET080111
ET070111888013,Zamine Wulisho,ET080111
ET070112888018,Anka Damot,ET080112
ET070112888020,Anka Duguna,ET080112
ET070112301001,Anka Mazegaja,ET080112
ET070112888001,Aruse Weyide,ET080112
ET070112888017,Belatea Eata,ET080112
ET070112101001,Bitena Mazegaja,ET080112
ET070112888019,Blatea Chrcho,ET080112
ET070112888006,Dendo Koisha Humbo,ET080112
ET070112888005,Dendo Ofa,ET080112
ET070112888007,Dendo Workcha,ET080112
ET070112201001,Dimtu Filwuha,ET080112
ET070112201002,Dimtu Warka Keblea,ET080112
ET070112888024,Dugina Boloso,ET080112
ET070112888026,Dugina Kindo,ET080112
ET070112888025,Dugina Sore,ET080112
ET070112888008,Duguna Damot Shinika,ET080112
ET070112888022,Duguna Koyisha Humbo,ET080112
ET070112888002,Eddo Boloso,ET080112
ET070112888003,Eddo Sorea,ET080112
ET070112401001,Edo Mazegaja,ET080112
ET070112888004,Edokindo,ET080112
ET070112888016,Fango Bejo,ET080112
ET070112888012,Fango Boloso,ET080112
ET070112888014,Fango Damot,ET080112
ET070112888009,Fango Humbo,ET080112
ET070112888010,Fango Kindo,ET080112
ET070112888011,Fango Koysha,ET080112
ET070112888013,Fango Ofa,ET080112
ET070112888015,Fango Sorea,ET080112
ET070112501001,Holota Mazegaja,ET080112
ET070112601001,Kercheche Mazegaja,ET080112
ET070112888023,Ofa Kalacha,ET080112
ET070112888021,Warazalasho,ET080112
ET070113101013,Bosakacha,ET080113
ET070113101005,Damota,ET080113
ET070113101010,Dilbetigil,ET080113
ET070113101015,Fana,ET080113
ET070113101012,Gebeya,ET080113
ET070113101011,Gido,ET080113
ET070113101007,Gola,ET080113
ET070113101022,Haba Gerera,ET080113
ET070113101003,Hibret,ET080113
ET070113101020,Humbo Larena,ET080113
ET070113101014,Kera,ET080113
ET070113101004,Kidanemihiret,ET080113
ET070113101006,Kokate,ET080113
ET070113101021,Ofa Gendaba Adisu,ET080113
ET070113101018,Ofagendeba,ET080113
ET070113101019,Ofasrei,ET080113
ET070113101008,Selam,ET080113
ET070113101016,Wadu,ET080113
ET070113101002,Waja Kero,ET080113
ET070113101009,Waraza Shoho,ET080113
ET070113101017,Wareza Gerera,ET080113
ET070113101001,Wareza Lasho,ET080113
ET070114101001,Areka 01 Kebele,ET080114
ET070114101002,Areka 02 Kebele,ET080114
ET070114101003,Areka 03 Kebele,ET080114
ET070114101004,Areka 04,ET080114
ET070115101003,Boditi Chewcare,ET080115
ET070115101005,Boditi Doge,ET080115
ET070115101004,Boditi Hagaza,ET080115
ET070115101006,Boditi Qorke,ET080115
ET070115101008,Chocha,ET080115
ET070115101009,Fate,ET080115
ET070115101007,Gido Boditi,ET080115
ET070115101002,Hagaza Doge,ET080115
ET070115101001,Sibaye Qorke,ET080115
ET070122101001,Tebela01/ Aleta,ET080116
ET070122101002,Tebela02 / Ambena,ET080116
ET070123101002,Gesuba Zero And,ET080117
ET070123101001,Gesuba Zero Hulet,ET080117
ET070120101001,Adissu Gebeya,ET080118
ET070120101002,Arada,ET080118
ET070118888004,Abaya Bisare,ET080119
ET070118888009,Bola Wanche,ET080119
ET070118888002,Chipisa,ET080119
ET070118888003,Ello Erasho,ET080119
ET070118888008,Hobicha Bada,ET080119
ET070118888005,Hobicha Bongota,ET080119
ET070118888007,Hobicha Borkoshe,ET080119
ET070118888006,Hobicha Digiso,ET080119
ET070118101001,Hobicha01,ET080119
ET070118888001,Motala,ET080119
ET070116888002,Koyisha Chawkare,ET080120
ET070116888001,Koyisha Wamura,ET080120
ET070116888003,Lasho,ET080120
ET070116101001,Lasho_01,ET080120
ET070116888009,Ofa Chawkare,ET080120
ET070116888008,Ofa Hira,ET080120
ET070116888007,Ome Bolola,ET080120
ET070116888004,Tepa,ET080120
ET070116888010,Wamura Borkoshe,ET080120
ET070116201001,Wamura_01,ET080120
ET070116888005,Woshe Aldada,ET080120
ET070116888006,Zamo,ET080120
ET070119888013,Abala Ajaja,ET080121
ET070119888012,Abala Faracho,ET080121
ET070119888008,Abala Gefeta,ET080121
ET070119201001,Abala Kolshobo,ET080121
ET070119888009,Abala Kolshobo,ET080121
ET070119888003,Abala Longena,ET080121
ET070119888007,Abala Maraka,ET080121
ET070119888001,Abala Shoya,ET080121
ET070119888011,Abala Sipa,ET080121
ET070119888002,Abala Zegire,ET080121
ET070119301001,Abaya 01,ET080121
ET070119888005,Abaya Bilate,ET080121
ET070119888004,Abaya Chawkare,ET080121
ET070119888006,Abaya Guricho,ET080121
ET070119888010,Buke Dongala,ET080121
ET070119101001,Faracho01,ET080121
ET070117888007,Adaya Dakaya,ET080122
ET070117888003,Amach Kodo,ET080122
ET070117101001,Bakulo Saygno Mazegaja,ET080122
ET070117888006,Bukama Fekeka,ET080122
ET070117201001,Gale Hamuse Mazegaja,ET080122
ET070117888002,Gale Wargo,ET080122
ET070117888005,Kenefa Godera,ET080122
ET070117888008,Mino Waraza,ET080122
ET070117888001,Sere Atalacha,ET080122
ET070117888009,Sere Balaca,ET080122
ET070117888004,Weyde Mesena,ET080122
ET070121101004,Bele 03,ET080123
ET070121101002,Bele 04,ET080123
ET070121101005,Bele/ Fagina Mata,ET080123
ET070121101003,Bele01,ET080123
ET070121101001,Bele02,ET080123
ET080201101001,Belela_01,ET080201
ET070216101009,Bere,ET080201
ET080201888015,Bero_shawala,ET080201
ET070216101012,Bola Gurba,ET080201
ET070216101011,Chamo kebele and Ariba Minichi Chamo Campas,ET080201
ET070216101003,Dil Fana and Arba Minch University Kulfo Campas,ET080201
ET080201888014,Dila_anole,ET080201
ET070216101010,Doyisa,ET080201
ET070216101006,Ediget Ber,ET080201
ET080201888016,Gasera_kuwe,ET080201
ET080201888004,Gonawo_bulano,ET080201
ET070216101005,Gurba,ET080201
ET080201888006,Hinja_goro,ET080201
ET080201888013,Hirero_bedelcha,ET080201
ET080201888001,Hongo_bonkicha,ET080201
ET080201888011,Kitawo_danbe,ET080201
ET080201888012,Konsore_haranja,ET080201
ET070216101002,Kulfo,ET080201
ET080201888007,Mado_mukaneka,ET080201
ET070216101007,Mehal Ketema,ET080201
ET070216101004,Menaharia,ET080201
ET080201888010,Sadamu_chala,ET080201
ET080201888003,Samena_godo,ET080201
ET070216101013,Shara Chano,ET080201
ET080201888008,Shelo_abore,ET080201
ET080201888009,Shelo_elancho,ET080201
ET080201888005,Shodolo_liwo,ET080201
ET070216101001,Weze,ET080201
ET070216101008,Wuha Minch,ET080201
ET080201888002,Yrba_ganegeso,ET080201
ET070212101001,Arbaminch Zuriya,ET080202
ET080202888002,Bake Lalima,ET080202
ET070212888026,Chano Chalba,ET080202
ET070212888009,Chano Mile,ET080202
ET070212888003,Dega Chenge,ET080202
ET070212888011,Dega Ocholo,ET080202
ET080202101001,Dore Bafano 01,ET080202
ET080202888022,Doyo Chale,ET080202
ET080202888021,Doyo Otilcho,ET080202
ET080202201001,Galo 01,ET080202
ET080202888006,Galo Argisa,ET080202
ET070212888002,Genta Afaze,ET080202
ET070212888001,Genta Bonke,ET080202
ET070212888013,Genta Kanchama,ET080202
ET070212888012,Genta Meche,ET080202
ET080202888015,Imoshe Humo,ET080202
ET080202888020,Jara Dado,ET080202
ET080202888017,Jara Damuwa,ET080202
ET080202888016,Jara Galalcha,ET080202
ET080202888018,Jara Hi'nessa,ET080202
ET080202888019,Jara Karara,ET080202
ET080202888010,Kajima Umbulo,ET080202
ET070212888004,Kola Shele,ET080202
ET080202888008,Labu Koromo,ET080202
ET070212888010,Lante,ET080202
ET080202888003,Makibasa Korke,ET080202
ET080202888004,Rukessa Suke,ET080202
ET080202888005,Sama Ejersa,ET080202
ET080202301001,Shamana 01,ET080202
ET080202888012,Shamana Garmama,ET080202
ET080202888009,Shamana Hurufa,ET080202
ET080202888011,Shamana Midire Genet,ET080202
ET080202888001,Shamana Sefera,ET080202
ET070212888024,Shara,ET080202
ET070212888005,Shele Mela,ET080202
ET080202888013,Tankaka Umbulo,ET080202
ET080202888007,Udo Wotate,ET080202
ET080202888014,Umbulo Wacho,ET080202
ET070212888007,Zeyse Dambile,ET080202
ET070212888006,Zeyse Eligo,ET080202
ET070212888008,Zeyse Wezeka,ET080202
ET080203888011,Alawo_arke,ET080203
ET080203888012,Alawo_siso,ET080203
ET080203888002,Aldada_dela,ET080203
ET080203888003,Bonoya_ Chire,ET080203
ET080203888013,Dila_olika,ET080203
ET080203888005,Fulasa_aldada,ET080203
ET080203888006,Hanija_chafa,ET080203
ET080203888007,Konsere_chifa,ET080203
ET080203888008,Konsere_fulasa,ET080203
ET080203888009,Konsure_ Arke,ET080203
ET080203888001,Korane_goge,ET080203
ET080203888010,Sadamu_dikcha,ET080203
ET080203101001,Yirba,ET080203
ET080203888004,Yiriba_ Duwancho,ET080203
ET080204888006,Alawa Ano,ET080204
ET080204888021,Arbegona Mero,ET080204
ET080204888022,Asrado Mero,ET080204
ET080204888001,Bonoya Miride,ET080204
ET070210888005,Chosha,ET080204
ET080204888009,Dila  Aferara,ET080204
ET080204888007,Dila Change,ET080204
ET080204888010,Dila Gunbe,ET080204
ET080204888008,Diramo Aferara,ET080204
ET080204888015,Dobetoga,ET080204
ET080204888011,Fura,ET080204
ET070210888007,Gezeso,ET080204
ET070210201001,Gezeso 01,ET080204
ET080204888016,Gobo Hebisha,ET080204
ET080204888017,Gonowa Gabalo,ET080204
ET080204888018,Gonowa Godo,ET080204
ET080204888020,Harbe Hagawo,ET080204
ET080204888019,Harbe Shisho,ET080204
ET080204888014,Howolso,ET080204
ET070210888002,Kacha Kashaso,ET080204
ET070210888008,Kalbo Laka,ET080204
ET070210888006,Kalo Gagula,ET080204
ET070210888011,Kalo Koche,ET080204
ET070210888003,Kecha Senga,ET080204
ET070210101001,Kole,ET080204
ET070210888009,Kole Kanchama,ET080204
ET070210888010,Kole Zale,ET080204
ET080204888004,Konsore  Ano,ET080204
ET070210888001,Kuta,ET080204
ET080204888005,Midre Genet,ET080204
ET080204888003,Morecho Negasha,ET080204
ET080204888002,Morocho Shondolo,ET080204
ET080204888012,Sedeka,ET080204
ET080204888013,Taramesa,ET080204
ET080204888023,Telamo Kenetesie,ET080204
ET070210888004,Yela,ET080204
ET070202888021,Awusato Abaya,ET080205
ET070202888030,Borago,ET080205
ET070202888008,Chalbe,ET080205
ET070202201001,Chilashe,ET080205
ET070202888027,Chileshe Alo,ET080205
ET070202888028,Chileshe Demba,ET080205
ET070202888026,Chileshe Shara,ET080205
ET070202888010,Dambe Onono,ET080205
ET070202888019,Dega Awusato,ET080205
ET070202888024,Dega Zonga,ET080205
ET070202888015,Dubana Bulo,ET080205
ET070202888002,Dugana Gamero,ET080205
ET070202888006,Gembela,ET080205
ET070202301001,Gocho,ET080205
ET070202888009,Goshe Zele,ET080205
ET070202888016,Gumgumta,ET080205
ET070202888017,Gurame Wolko,ET080205
ET070202888013,Hambisa,ET080205
ET070202888005,Hatisa,ET080205
ET070202888032,Hylasho Wudeserete,ET080205
ET070202888022,Kecha Kalayo,ET080205
ET070202888004,Kodo Awusato Manuka,ET080205
ET070202888018,Kodo Moko,ET080205
ET080205101003,Leku 01/Stadium,ET080205
ET080205101004,Leku 02/Gudumale,ET080205
ET080205101005,Leku 03/Anbonsa,ET080205
ET070202888007,Mana Shefo,ET080205
ET070202888011,Masa Buntaza,ET080205
ET070202888031,Masala Marikat,ET080205
ET070202888001,Meteka Dana,ET080205
ET070202888014,Meteka Mele,ET080205
ET080205101001,Midregenet,ET080205
ET080205101002,Morocho,ET080205
ET070202888012,Tentele,ET080205
ET070202888025,Woyde Mulato,ET080205
ET070202888020,Zefano,ET080205
ET070202101001,Zefine,ET080205
ET070202888003,Zefine Manuka,ET080205
ET070202888029,Zetela Wello Sefer,ET080205
ET070202888023,Zonga Wacha,ET080205
ET080206101001,Abela Chefe,ET080206
ET080206888003,Avela Lida,ET080206
ET070219101004,Boyena Tupa,ET080206
ET070219101001,Chencha01,ET080206
ET070219101002,Chencha02,ET080206
ET070219101003,Chencha03,ET080206
ET080206888005,Dobe Negasha,ET080206
ET070219101007,Dokoshaye,ET080206
ET080206888001,Dulecha Teberako,ET080206
ET080206888007,Galuko Haro,ET080206
ET080206888008,Galuko Hireye,ET080206
ET080206888009,Gara Galo,ET080206
ET070219101005,Gendo Gembela,ET080206
ET080206888011,Hayisa Bera,ET080206
ET080206888010,Hayisa Wita,ET080206
ET070219101006,Mafona Zolo,ET080206
ET080206888004,Murancho Kutela,ET080206
ET080206888002,Nure Dulecha,ET080206
ET080206888006,Remeda,ET080206
ET070219101008,Tutusha,ET080206
ET080207888018,Asrado Dama,ET080207
ET070205888020,Bilalana Shaye,ET080207
ET070205888007,Dalona Zada,ET080207
ET070205888003,Dega Gema,ET080207
ET080207888010,Dobe Bute,ET080207
ET080207888009,Dobe Dena,ET080207
ET070205888010,Doko  Dambo,ET080207
ET070205888011,Doko Eleze,ET080207
ET070205888027,Doko Elo,ET080207
ET070205888012,Doko Geddino,ET080207
ET070205888014,Doko Gendo,ET080207
ET070205888005,Doko Kale,ET080207
ET070205888016,Doko Losha,ET080207
ET070205888008,Doko Mesho,ET080207
ET070205888013,Doko Shale,ET080207
ET070205888006,Doko Tsida,ET080207
ET070205888009,Doko Yoyra,ET080207
ET070205888015,Dokozolo,ET080207
ET070205888022,Dorze Amarana Bodo,ET080207
ET070205888019,Dorze Ayra,ET080207
ET070205888032,Dorze Belle,ET080207
ET070205888025,Dorze Doshke,ET080207
ET070205888026,Dorze Godiye,ET080207
ET070205888023,Dorze Hayzo,ET080207
ET070205888021,Dorze Hirpo,ET080207
ET070205888018,Dorze Hollo,ET080207
ET070205888017,Dorze Laka,ET080207
ET070205888024,Dorze Matsonagaradita,ET080207
ET070205888033,Dorze Tegecha,ET080207
ET070205201001,Dorze01,ET080207
ET070205888001,Elenachere,ET080207
ET080207888012,Gemeso Ano,ET080207
ET080207888011,Gemeso Feyicho,ET080207
ET080207888002,Gemeso Woricho,ET080207
ET080207101001,Gorche_01,ET080207
ET070205888030,Gulta Guye Dogile,ET080207
ET080207888015,Harbe Gata,ET080207
ET080207888014,Harbe Mikana,ET080207
ET080207888005,Harbe Welbeto,ET080207
ET080207888017,Haro Shifa,ET080207
ET080207888013,Hududa,ET080207
ET080207201001,Kenera 01,ET080207
ET080207888008,Kenera Geter,ET080207
ET080207888016,Luta Bongodo,ET080207
ET080207888007,Murancho Galadela,ET080207
ET080207888003,Murancho Geso,ET080207
ET080207888006,Murancho Goriche,ET080207
ET080207888001,Murancho Gucho,ET080207
ET070205888002,Setenaborche,ET080207
ET070205888031,Shama,ET080207
ET080207888019,Soka Sonicho,ET080207
ET070205888029,Webera,ET080207
ET080207888004,Weme Bunamo,ET080207
ET070205888004,Zardodoyinademoze,ET080207
ET070205888028,Zute,ET080207
ET080208888017,Abake danawa,ET080208
ET080208888015,Abake torshe,ET080208
ET080208888019,Abiyu jiru,ET080208
ET070207888011,Antashe,ET080208
ET080208888011,Barana,ET080208
ET080208888023,Bore,ET080208
ET080208888020,Chamo yangala,ET080208
ET070207888019,Choye,ET080208
ET080208888002,Dananche gufache,ET080208
ET070207888004,Deradime,ET080208
ET070207101001,Deramalo,ET080208
ET070207888024,Dhibata,ET080208
ET070207888001,Doma,ET080208
ET080208888003,Elellu chirirsa,ET080208
ET070207888015,Eli Doze,ET080208
ET070207888016,Elikodo,ET080208
ET080208888016,Fito katamuna,ET080208
ET080208888010,Gerewe,ET080208
ET080208888004,Gomosho tullo,ET080208
ET070207888014,Guge Boyre,ET080208
ET070207888018,Guge Gatha,ET080208
ET070207888025,Guge Haringaso,ET080208
ET070207888017,Guge Shale,ET080208
ET080208888005,Guguma geter,ET080208
ET080208201001,Guguma_01,ET080208
ET080208888009,Haro,ET080208
ET080208888006,Haru marsa,ET080208
ET070207888007,Hoya Degeza,ET080208
ET080208888008,Kacha gomorcho,ET080208
ET080208888007,Katana gudelcha,ET080208
ET080208888014,Kocho,ET080208
ET080208888021,Koreka,ET080208
ET070207888021,Ledeh,ET080208
ET070207888023,Lefe,ET080208
ET080208888012,Madhicho geter,ET080208
ET080208101001,Madhicho_01,ET080208
ET070207888005,Malo Ezo,ET080208
ET070207888006,Malo Mache,ET080208
ET070207888002,Manana Abbaya,ET080208
ET070207888003,Manana Selo,ET080208
ET070207888008,Masta,ET080208
ET080208888001,Melello,ET080208
ET070207888013,Shela Tello,ET080208
ET070207888012,Shella Deda,ET080208
ET080208888013,Sintaro,ET080208
ET070207888010,Subo,ET080208
ET080208888022,Tankaro,ET080208
ET070207888009,Tilale,ET080208
ET080208888018,Wotara resa geter,ET080208
ET080208301001,Wotara_01,ET080208
ET070207888022,Zinbe,ET080208
ET070207888020,Zinge,ET080208
ET080209888004,Abaye,ET080209
ET070206888002,Agersa Woke,ET080209
ET070206888017,Anduro Lele,ET080209
ET070206888018,Anedro Gigelo,ET080209
ET080209888012,Aruma,ET080209
ET080209888006,Babo Chorora,ET080209
ET080209888010,Baja Fabrica,ET080209
ET080209888008,Baja Gemecho,ET080209
ET080209888009,Chukogeter,ET080209
ET070206888009,Dalbansa,ET080209
ET070206101001,Dita,ET080209
ET070206201001,Dita,ET080209
ET070206888021,Dokama,ET080209
ET070206888011,Done,ET080209
ET080209888011,Edo,ET080209
ET070206888014,Gana Kare,ET080209
ET080209888003,Gike Atoye,ET080209
ET080209888005,Gike_gina,ET080209
ET070206888010,Giyasa,ET080209
ET070206888012,Goza,ET080209
ET070206888007,Hayla,ET080209
ET070206888006,Kodo Woke,ET080209
ET070206888008,Lisha,ET080209
ET070206888023,Marzo,ET080209
ET070206888003,Megesa Bobe,ET080209
ET070206888004,Ocholo Badiga,ET080209
ET070206888001,Sozo,ET080209
ET070206888020,Tiba,ET080209
ET070206888015,Torka,ET080209
ET070206888005,Tsela,ET080209
ET070206888013,Tukana Gana Woyz,ET080209
ET070206888019,Wogula,ET080209
ET080209888001,Wosha Soyama,ET080209
ET080209888007,Wotera Gendo,ET080209
ET080209888002,Wotera Kechema,ET080209
ET070206888016,Woyza  Daycha,ET080209
ET070206888024,Wugula 2,ET080209
ET080209888013,Yuwo,ET080209
ET070206888022,Zala,ET080209
ET080210101001,Chuko,ET080210
ET070211888012,Garbansatenkele,ET080210
ET070211888001,Gatse,ET080210
ET070211101001,Gina,ET080210
ET080210101002,Kela Town,ET080210
ET070211888004,Kodo,ET080210
ET070211888006,Kuyile,ET080210
ET070211888002,Laka,ET080210
ET070211888007,Mazodoysa,ET080210
ET070211201002,Sefere Selam,ET080210
ET070211888008,Sule,ET080210
ET070211888005,Tsayte,ET080210
ET070211888013,Tsingokoyira,ET080210
ET070211888003,Wusamo,ET080210
ET070211888010,Zigiti Bakole,ET080210
ET070211888009,Zigiti Feraso,ET080210
ET070211888011,Zigiti Merche,ET080210
ET070209888002,Bolla Garda,ET080211
ET070209101001,Garda 01,ET080211
ET070209888001,Garda Shaqaro,ET080211
ET070209888003,Garda Yagele,ET080211
ET070209888004,Garesse Garda,ET080211
ET070209888006,Gogale Zuria,ET080211
ET070209201001,Gugale 01,ET080211
ET070209888010,Harda,ET080211
ET070209888012,Kera,ET080211
ET070209888007,Kola Laysha,ET080211
ET070209888013,Malle Wude,ET080211
ET070209888009,Marita Chilbo,ET080211
ET070209888005,Marta Bohe,ET080211
ET070209888011,Marta Ladho,ET080211
ET070209888008,Marta Layisha,ET080211
ET070215888006,Algude,ET080212
ET070215888009,Bula,ET080212
ET070215888017,Dambile Otora,ET080212
ET070215888016,Dambile Puse,ET080212
ET070215888010,Deshkele,ET080212
ET070215888019,Dimale,ET080212
ET070215101001,Dimale 01,ET080212
ET070215888012,Durbe,ET080212
ET070215888013,Fishto,ET080212
ET070215888014,Fudale,ET080212
ET070215888001,Garbansa Galo,ET080212
ET070215888003,Garbansa Karche,ET080212
ET070215888002,Garbansa Soroge,ET080212
ET070215888023,Gate,ET080212
ET070215888005,Gobo Bake,ET080212
ET070215888011,Gorate,ET080212
ET070215888007,Kamale Barie Oro,ET080212
ET070215888020,Ketele,ET080212
ET070215888021,Koshale,ET080212
ET070215888018,Koyra Mukula,ET080212
ET070215888004,Mele Gagula,ET080212
ET070215888022,Othe Kacho,ET080212
ET070215888024,Sarbale Gare,ET080212
ET070215888015,Zaga,ET080212
ET070215888008,Zala Dola,ET080212
ET070215888025,Zila Wata,ET080212
ET070217101001,Geresse 01,ET080213
ET070218101001,Kole 01,ET080214
ET070208201001,Baleta 01,ET080215
ET070208888026,Balta Bake,ET080215
ET070208888020,Balta Kale,ET080215
ET070208888023,Balta Tolta,ET080215
ET070208888019,Balta Toylo,ET080215
ET070208888025,Balta Yelie,ET080215
ET070208888028,Boko Shale,ET080215
ET070208888032,Bola gendo,ET080215
ET070208888008,Bola soriba,ET080215
ET070208888006,Bolla Aniko,ET080215
ET070208888004,Dengamo,ET080215
ET070208888016,Dombe Dalbo,ET080215
ET070208888015,Dombe Salle,ET080215
ET070208888005,Garsa Aniko,ET080215
ET070208888018,Geta fudale,ET080215
ET070208888022,Giyalo,ET080215
ET070208888010,Hanika amaro,ET080215
ET070208888011,Hanika ano,ET080215
ET070208888001,Hanika sobo,ET080215
ET070208888012,Hanika zaba,ET080215
ET070208888007,Haringa,ET080215
ET070208301001,Kamba,ET080215
ET070208888021,Koch,ET080215
ET070208888033,Laea,ET080215
ET070208888003,Maze,ET080215
ET070208888031,Merche,ET080215
ET070208888034,Merro,ET080215
ET070208888030,Ossa,ET080215
ET070208888013,Otolo,ET080215
ET070208888002,Phasa,ET080215
ET070208888017,Serro,ET080215
ET070208888014,Shamala,ET080215
ET070208888035,Shele,ET080215
ET070208888024,Soke,ET080215
ET070208888027,Tello,ET080215
ET070208101001,Zulo,ET080215
ET070204888002,Ayra,ET080216
ET070204101001,Azo01,ET080216
ET070204888004,Gawuga,ET080216
ET070204888006,Ginko,ET080216
ET070204888011,Gosira,ET080216
ET070204888007,Gule,ET080216
ET070204888001,Lishena,ET080216
ET070204888003,Olea,ET080216
ET070204888009,Ote,ET080216
ET070204888005,Shasha,ET080216
ET070204888010,Tula,ET080216
ET070204888008,Woro,ET080216
ET070213888029,Baso,ET080217
ET070213888014,Bola,ET080217
ET070213101001,Bola Tadagi,ET080217
ET070213888013,Chal'A,ET080217
ET070213888035,Choyta,ET080217
ET070213888016,Daho 1,ET080217
ET070213888015,Daho 2,ET080217
ET070213888017,Daho 3,ET080217
ET070213301001,Dana,ET080217
ET070213888006,Dana bogara,ET080217
ET070213888011,Dega wezete,ET080217
ET070213888018,Dele Kayse,ET080217
ET070213888019,Dele Woyza,ET080217
ET070213888012,Gale1,ET080217
ET070213888009,Gale2,ET080217
ET070213888004,Gerera,ET080217
ET070213888033,Halaha,ET080217
ET070213888036,Halaha dita,ET080217
ET070213888008,Kapisa,ET080217
ET070213888026,Kulo abo,ET080217
ET070213888027,Kulo genzalo,ET080217
ET070213888021,Kulo sobo,ET080217
ET070213888038,Madalcho,ET080217
ET070213888030,Masha bora,ET080217
ET070213888031,Masha Chaba,ET080217
ET070213888032,Masha Morka,ET080217
ET070213888001,Matimale,ET080217
ET070213888025,Mengeda,ET080217
ET070213888022,Mengeda zangada,ET080217
ET070213201001,Mogola,ET080217
ET070213501001,Morka,ET080217
ET070213888037,Mulate,ET080217
ET070213888034,Pango,ET080217
ET070213888028,Pango beta,ET080217
ET070213888020,Quto,ET080217
ET070213888007,Shochora,ET080217
ET070213888024,Shochora mandida,ET080217
ET070213888023,Shochora rafari,ET080217
ET070213401001,Shocora bora,ET080217
ET070213888005,Siqole,ET080217
ET070213888010,Wuzete,ET080217
ET070213888003,Zulo Gamo,ET080217
ET070213888002,Zulo Wacha,ET080217
ET070201101001,Chaba Beles,ET080218
ET070201888002,Chaba Sonba,ET080218
ET070201888003,Chaba Wonbi,ET080218
ET070201301001,Chosho,ET080218
ET070201888010,Kasike Genize,ET080218
ET070201888001,Kaske Zulo,ET080218
ET070201888009,Kodo Gerera,ET080218
ET070201888011,Kodo Lade,ET080218
ET070201888008,Kodo Wono,ET080218
ET070201201001,Toko Danbiya,ET080218
ET070201888005,Weyde Weshe,ET080218
ET070201888006,Woyde Gonta,ET080218
ET070201888007,Woyde Uruka,ET080218
ET070201888004,Woyde Woko,ET080218
ET070203101003,Alge,ET080219
ET070203888015,Ankober,ET080219
ET070203101001,Birbir,ET080219
ET070203101002,Dalbo,ET080219
ET070203888021,Dazo,ET080219
ET070203888017,Done Chaba,ET080219
ET070203888022,Done Ella,ET080219
ET070203888009,Doshe,ET080219
ET070203888016,Fara Gosa,ET080219
ET070203888010,Fetele Doronje,ET080219
ET070203888018,Fuura,ET080219
ET070203888020,Gedicho,ET080219
ET070203888005,Kolla Barana,ET080219
ET070203888002,Kolla Mulato,ET080219
ET070203888001,Korega,ET080219
ET070203888011,Layoterga,ET080219
ET070203888013,Menena,ET080219
ET070203101004,Molle,ET080219
ET070203888008,Morede,ET080219
ET070203888007,Shongole,ET080219
ET070203888014,Ugayo,ET080219
ET070203888019,Umo Lanete,ET080219
ET070203201001,Wanke Wajifo,ET080219
ET070203888003,Woye Barana,ET080219
ET070203888006,Yeke,ET080219
ET070203888004,Zalla Barana,ET080219
ET070203888012,Zalla Gutecha,ET080219
ET070214101001,Selamber,ET080220
ET080301888019,Abaya Zuriya,ET080301
ET080301888001,Aledabo,ET080301
ET080301888015,Aleta Sodo,ET080301
ET080301888013,Areda_gale,ET080301
ET080301888021,Aregeda,ET080301
ET080301888017,Aregeda Haro Dimtu,ET080301
ET070310101003,Bala,ET080301
ET080301888012,Bartu,ET080301
ET070310101001,Beto,ET080301
ET080301888020,Bukito_bura,ET080301
ET080301888009,Chalbesa,ET080301
ET080301888007,Chancho,ET080301
ET080301888022,Danshe Ganbela,ET080301
ET080301888008,Dese,ET080301
ET080301888016,Doya Dao,ET080301
ET080301888018,Faleka,ET080301
ET080301101001,Hanetate_01,ET080301
ET070310101002,Hoshala Shambara,ET080301
ET080301888010,Jirmancho,ET080301
ET080301888006,Kura,ET080301
ET080301888002,Kutayo,ET080301
ET080301888003,Muticha Gorbe,ET080301
ET080301888011,Rudie,ET080301
ET080301888005,Salakebado,ET080301
ET080301888004,Segeno,ET080301
ET080301888014,Sodo Simita,ET080301
ET080302888002,Alwo_arife,ET080302
ET070305101008,Anko Gachgala,ET080302
ET070305101006,Anko Golma,ET080302
ET070305101007,Anko Zuza,ET080302
ET070305101010,Aykina Kaske,ET080302
ET070305101011,Baga Barza,ET080302
ET070305101012,Buleki Tsire,ET080302
ET070305101001,Bulke Ketema Atibya Wonth,ET080302
ET070305101002,Bulke Ketema Guya Wonth,ET080302
ET070305101003,Bulke Ketema Kambo Ketema,ET080302
ET070305101009,Bulki Tsire,ET080302
ET080302888003,Chiriko_wacho,ET080302
ET080302888012,Chukala_bore,ET080302
ET080302888011,Cireko_bore,ET080302
ET080302888007,Danshe_Sire,ET080302
ET080302101001,Derara,ET080302
ET080302888010,Derara_gorbe,ET080302
ET080302888005,Derara_shae,ET080302
ET080302888004,Dila_arife,ET080302
ET080302888014,Foka,ET080302
ET080302888013,Foka Bedelicha,ET080302
ET070305101013,Hoto Soqise,ET080302
ET080302888006,Olika_daneshe,ET080302
ET080302888008,Salasire,ET080302
ET070305101005,Saringa Sanka,ET080302
ET080302888009,Tula Gorbe,ET080302
ET080302201001,Werancha Town,ET080302
ET080302888001,Worancha_wacho,ET080302
ET070305101004,Yongi Mindire,ET080302
ET080303888012,Ajawa,ET080303
ET080303888020,Bera_Chale,ET080303
ET080303888021,Bera_Tadicho,ET080303
ET080303888025,Boa,ET080303
ET070303888021,Bola,ET080303
ET070303888024,Borda,ET080303
ET070303888004,Chana Gerfa,ET080303
ET080303888003,Chume,ET080303
ET080303888005,Dagara,ET080303
ET080303888009,Dagiya,ET080303
ET080303201001,Dagiya_kawado_town_01,ET080303
ET070303888028,Dakisho Subo,ET080303
ET080303888016,Debub_Kege,ET080303
ET080303888013,Debub_Masankala,ET080303
ET070303888010,Docha Dambala,ET080303
ET070303888022,Dombe,ET080303
ET080303888006,Duba,ET080303
ET070303888009,Falka Tsawaye,ET080303
ET080303888028,Gajamo,ET080303
ET070303101001,Gayla Chalbe,ET080303
ET080303888008,Gidamo,ET080303
ET080303888022,Goyida,ET080303
ET080303888007,Halile,ET080303
ET080303888027,Hayillo,ET080303
ET080303888017,Hida_Kalite,ET080303
ET080303888018,Kalite_Simita,ET080303
ET070303888027,Karcho Mela,ET080303
ET070303888020,Karza,ET080303
ET070303888008,Layma Tsalabana,ET080303
ET070303201004,Laymatsala bana,ET080303
ET080303888026,Lello,ET080303
ET070303888014,Lote Gayla Chalbe,ET080303
ET070303888013,Lote Zada Dola,ET080303
ET080303888031,Magara,ET080303
ET080303888024,Manche,ET080303
ET080303888011,Moto,ET080303
ET080303101001,Naramo_dela 01,ET080303
ET080303301001,Sasamo_dela,ET080303
ET080303888014,Semen_Kege,ET080303
ET080303888002,Semen_Masinkala,ET080303
ET080303888023,Shafina,ET080303
ET070303888015,Shale Mitsa,ET080303
ET070303888005,Shasha Kolta,ET080303
ET080303888015,Shifa,ET080303
ET080303888010,Shoye,ET080303
ET080303888001,Soyama,ET080303
ET070303101003,Tija Sibe,ET080303
ET070303888029,Tsala Tsamba,ET080303
ET070303888001,Tsanga Darara,ET080303
ET070303888025,Turga,ET080303
ET070303888034,Uba Banda,ET080303
ET070303888032,Uba Bare,ET080303
ET070303888030,Uba Bargune,ET080303
ET070303888033,Uba Pizgo,ET080303
ET070303888031,Uba Selo Gacha,ET080303
ET080303888030,Wara,ET080303
ET080303888004,Wayicho,ET080303
ET080303888019,Wenenata,ET080303
ET080303888029,Wicho,ET080303
ET070303888003,Woyde Dargansa,ET080303
ET070303888007,Woyde Yalo Aliza,ET080303
ET070303888002,Woyde Zafa Dele,ET080303
ET070303888011,Wurchi Layma,ET080303
ET070303101002,Zada Dola,ET080303
ET070303888019,Zanga Awande,ET080303
ET070303888018,Zanga Dormale,ET080303
ET070303888016,Zanga Magaza,ET080303
ET070303888017,Zanga Zelgo,ET080303
ET070303888026,Zelele,ET080303
ET070303888023,Zulizi Tsila,ET080303
ET070303888006,Zulo Kalacha,ET080303
ET070304888017,Ala Galta,ET080304
ET070304888016,Ala Gyabola,ET080304
ET070304888015,Ala Sharashampa,ET080304
ET070304888008,Amaro Goma,ET080304
ET070304888007,Amaro Shage,ET080304
ET070304301001,Anko,ET080304
ET070304888020,Anko Zuza,ET080304
ET080304101011,Aposto,ET080304
ET080304101010,Awada,ET080304
ET080304101009,Awada_Stadium kebele and Hawassa University BE_Col,ET080304
ET070304888013,Aykina Fane,ET080304
ET070304888018,Aykina Kaske,ET080304
ET070304888014,Aykina Zagmare,ET080304
ET070304888024,Bedro Chapharo,ET080304
ET070304888023,Bedro Ella,ET080304
ET070304888025,Bedro Garma,ET080304
ET070304888021,Bedro Kotamakara,ET080304
ET070304888022,Bedro Selo,ET080304
ET070304888012,Bega Berza,ET080304
ET070304101001,Dada,ET080304
ET070304888001,Dada Aliza Ayegeta,ET080304
ET070304888002,Dada Dalicha,ET080304
ET070304888003,Dada Geha Wera,ET080304
ET080304101002,Gane,ET080304
ET070304401001,Geze Gofa,ET080304
ET080304101012,Hida Sokano,ET080304
ET070304201004,Jawula,ET080304
ET070304888004,Jawula Balal Arketa,ET080304
ET070304888006,Jawula Gora Ade,ET080304
ET070304888005,Jawula Wuga Mashitala,ET080304
ET070304888010,Kencho Woyza Chafa,ET080304
ET080304101004,Kidist_Mariam,ET080304
ET070304888009,Kincho Shacha Gozdi,ET080304
ET080304101008,Mehal_Ketema,ET080304
ET080304101005,Mesincho,ET080304
ET080304101007,Mesincho_Mewucha,ET080304
ET080304101003,Shoye,ET080304
ET080304101001,Tula,ET080304
ET080304101013,Wenenata,ET080304
ET080304101006,Wuha_Limat,ET080304
ET070304501002,Wuzate,ET080304
ET080305888003,Andegna Fero,ET080305
ET080305888007,Barabalcho,ET080305
ET080305101001,Bokaso 01,ET080305
ET080305888005,Bokaso Geter,ET080305
ET080305888001,Gejaba,ET080305
ET080305888011,Gishire,ET080305
ET080305888008,Gudumo,ET080305
ET080305888002,Halekena,ET080305
ET080305888009,Homo,ET080305
ET080305888014,Huletegna Fero,ET080305
ET080305888015,Hunkute,ET080305
ET080305888013,Kiliye,ET080305
ET080305888006,Kinante,ET080305
ET080305888012,Lalamo,ET080305
ET080305888017,Mamena,ET080305
ET080305888004,Menafesha,ET080305
ET080305888016,Meniho,ET080305
ET080305888010,Orowo,ET080305
ET080306888007,Akile,ET080306
ET080306888014,Asradawayo,ET080306
ET070301401001,Balta,ET080306
ET070301888022,Balta,ET080306
ET070301888001,Banka Gara Haste,ET080306
ET070301888008,Bokre Yoya,ET080306
ET070301888015,Borada Kakisha,ET080306
ET080306888006,Bundulicha,ET080306
ET080306888001,Busawa,ET080306
ET080306888012,Chire Dike,ET080306
ET070301888002,Dala Lome,ET080306
ET080306888013,Damakal,ET080306
ET070301888018,Dawla,ET080306
ET070301888004,Eli Daba,ET080306
ET080306888004,Fike,ET080306
ET070301888028,Fra Shuma,ET080306
ET070301888027,Gayina,ET080306
ET070301888006,Gaysa,ET080306
ET070301501001,Gazer Mazegaja,ET080306
ET070301301001,Gergeda,ET080306
ET070301888010,Gergeda,ET080306
ET080306888011,Hanchululicho,ET080306
ET080306888003,Jaldo,ET080306
ET070301888003,Koza Aliza,ET080306
ET070301101001,Laha,ET080306
ET070301888009,Laha Zuria,ET080306
ET070301888017,Mashira,ET080306
ET070301201001,Mayzelo Ketema,ET080306
ET070301888021,Mayzelo Zuria,ET080306
ET070301888024,Osha Chikalo,ET080306
ET070301888020,Pircha,ET080306
ET070301888014,Salayish Mender_01,ET080306
ET070301888013,Salayish Mender_02,ET080306
ET070301888012,Salayish Mender_03,ET080306
ET070301888011,Salayish Mender_04,ET080306
ET080306101001,Shafamo,ET080306
ET080306888010,Shako Urji,ET080306
ET070301888023,Shucha Kesa,ET080306
ET080306888002,Shuro,ET080306
ET080306888009,Sushafamo,ET080306
ET070301888019,Tafa,ET080306
ET080306888008,Tankaro,ET080306
ET070301888007,Toba,ET080306
ET070301888005,Tsila Bola,ET080306
ET080306888005,Walaka Wado,ET080306
ET070301888026,Walcha Shasha,ET080306
ET070301888016,Wobala Na Toga,ET080306
ET070301888025,Wolaysa,ET080306
ET070302888006,Aliza Goydo,ET080307
ET080307888022,Bexo,ET080307
ET080307888027,Bocesa,ET080307
ET080307201001,Bocessa,ET080307
ET070302888002,Boreda Golkoso,ET080307
ET080307888019,Bursa,ET080307
ET080307888026,Charicho,ET080307
ET080307888015,Chiko,ET080307
ET080307888011,Cucho,ET080307
ET080307888006,Dintu Darara,ET080307
ET080307888029,Duwacha,ET080307
ET070302888001,Eshke Wushkante,ET080307
ET070302888003,Falaha Koysha,ET080307
ET080307888001,Fide Folisho,ET080307
ET070302101002,Gada,ET080307
ET080307101002,Galodiko,ET080307
ET070302888004,Genze Gada,ET080307
ET070302888008,Gerfa,ET080307
ET080307888016,Gondoro,ET080307
ET080307888007,Gowa,ET080307
ET080307888023,Gute,ET080307
ET080307888009,Hafursa,ET080307
ET080307888024,Hure,ET080307
ET080307888020,Kalalcho,ET080307
ET080307888003,Kerochanco,ET080307
ET080307888013,Ketena,ET080307
ET080307101001,Kunicha,ET080307
ET080307888004,Mayotulicha,ET080307
ET080307888017,Miqichicho,ET080307
ET080307888012,Mucuco,ET080307
ET080307888021,Rarajawaro,ET080307
ET080307888014,Riqame,ET080307
ET080307888010,Roko,ET080307
ET080307888030,Rumudamo,ET080307
ET070302888005,Shama Gobano,ET080307
ET080307888028,Shamatanto,ET080307
ET080307888002,Shashowo,ET080307
ET080307888018,Sumburagadabe,ET080307
ET080307888008,Toga,ET080307
ET080307888005,Toshine,ET080307
ET070302201001,Womba,ET080307
ET080307888025,Xoga,ET080307
ET070302888007,Zita,ET080307
ET070306888013,Bagara,ET080308
ET070306888014,Balitsa,ET080308
ET070306888005,Dalisha,ET080308
ET070306888003,Dayeshala,ET080308
ET070306888015,Gamet Gocho,ET080308
ET070306888006,Garedida,ET080308
ET070306888017,Garida,ET080308
ET070306888004,Goyebi,ET080308
ET070306888002,Harebir,ET080308
ET070306888007,Kala Malo,ET080308
ET070306888010,Kamao,ET080308
ET070306888011,Lamie,ET080308
ET070306888016,Marekala,ET080308
ET070306888001,Shala Barendie,ET080308
ET070306101001,Shefite Quter1,ET080308
ET070306101002,Shefite Quter2,ET080308
ET070306888012,Subi,ET080308
ET070306888009,Uba Dama,ET080308
ET070306888018,Uba Ganichila,ET080308
ET070306888008,Uba Yambala,ET080308
ET070307101006,Botre,ET080309
ET070307101009,Gurade,ET080309
ET070307101005,Kera,ET080309
ET070307101003,Kusti,ET080309
ET070307101004,Megenagna,ET080309
ET070307101002,Mehal,ET080309
ET070307101008,Sasiga,ET080309
ET070307101010,Suka,ET080309
ET070307101007,Yala,ET080309
ET070307101001,Zirko,ET080309
ET070309888018,Armafara,ET080310
ET070309888016,Bahi,ET080310
ET070309888010,Bolla Balla,ET080310
ET070309888017,Debretsehay,ET080310
ET070309888006,Dima,ET080310
ET070309888008,Gadola Godima,ET080310
ET070309888014,Galada,ET080310
ET070309888004,Garo Korpa,ET080310
ET070309888007,Guassa,ET080310
ET070309888015,Kencho,ET080310
ET070309888001,Shalatitotife,ET080310
ET070309888003,Shelebune,ET080310
ET070309888005,Somba,ET080310
ET070309888002,Ubayela,ET080310
ET070309888009,Workagoha,ET080310
ET070309888012,Yelashabo,ET080310
ET070309101001,Zaba,ET080310
ET070309888019,Zaba,ET080310
ET070309888013,Zeka Zelto,ET080310
ET070308888014,Ambe Gayle,ET080311
ET070308888019,Babo,ET080311
ET070308888007,Barza,ET080311
ET070308888028,Baynase,ET080311
ET070308888032,Bayo Kele,ET080311
ET070308888031,Bayo Zima,ET080311
ET070308888033,Bera Wuyga,ET080311
ET070308888023,Bolla,ET080311
ET070308888030,Borze Chencha,ET080311
ET070308888002,Dada Galayso,ET080311
ET070308888022,Dobina,ET080311
ET070308888020,Doboch Bena,ET080311
ET070308888015,Enda Gara,ET080311
ET070308101001,Galima 01,ET080311
ET070308888029,Gayla,ET080311
ET070308888017,Gaysa,ET080311
ET070308888001,Gelta Melante,ET080311
ET070308888025,Genda,ET080311
ET070308888018,Gerima,ET080311
ET070308888027,Gisa,ET080311
ET070308201001,Mela 01,ET080311
ET070308888008,Mela Baysa,ET080311
ET070308888011,Mela Gayle Tosa,ET080311
ET070308888010,Mela Kawusa,ET080311
ET070308888009,Mela Kaysha,ET080311
ET070308888034,Oda Shabe,ET080311
ET070308888003,Salbe,ET080311
ET070308888013,Selo Bolla,ET080311
ET070308888004,Shacha,ET080311
ET070308888024,Shambara Kankara,ET080311
ET070308888016,Shile,ET080311
ET070308888006,Tsanga,ET080311
ET070308888012,Wagesho,ET080311
ET070308888026,Yele,ET080311
ET070308888021,Zalaynde,ET080311
ET070308888005,Zara,ET080311
ET070401888021,Angla Kutir_1,ET080401
ET070401888020,Angla Kutir_2,ET080401
ET070401888019,Angla Kutir_3,ET080401
ET070401888015,Anigla Kutir_4,ET080401
ET070401888010,Awurasosta Gezie Delba,ET080401
ET070401888005,Bayo Borza Borgala,ET080401
ET070401888018,Boko Bucha,ET080401
ET070401888002,Bola Basketo,ET080401
ET070401888003,Bola Gabala,ET080401
ET070401888001,Bonare Markana,ET080401
ET070401888016,Buna Basa Basketo,ET080401
ET070401888017,Buna Basa Woliata,ET080401
ET080401888012,Chicho-weyama,ET080401
ET080401888009,Chuko-lemela,ET080401
ET080401888010,Chuko-weyama,ET080401
ET080401888015,Debeka,ET080401
ET070401888006,Debtsa Delkensa,ET080401
ET080401888024,Dibecha,ET080401
ET070401888013,Doko Ayma,ET080401
ET070401301001,Doko Chere,ET080401
ET080401888002,Dongora-elelecho,ET080401
ET080401888003,Dongora-kebado,ET080401
ET080401101001,Dongora-kebado-01,ET080401
ET080401888001,Dongora-morocho,ET080401
ET070401888008,Ergino,ET080401
ET080401888020,Futaye,ET080401
ET080401888018,Galema,ET080401
ET080401888022,Ganebela,ET080401
ET070401888024,Gara Basketo,ET080401
ET070401888023,Gara Hadya,ET080401
ET070401888022,Gara Wolaita,ET080401
ET070401888004,Garbiya,ET080401
ET070401888012,Geze Ayma,ET080401
ET080401888005,Gunede,ET080401
ET080401888008,Gure,ET080401
ET080401888019,Halo,ET080401
ET080401888004,Koreke,ET080401
ET080401888017,Kosoricha,ET080401
ET070401101001,Laska 01,ET080401
ET070401101002,Laska 02,ET080401
ET080401888011,Loko-dama,ET080401
ET080401888006,Loko-hayitela,ET080401
ET080401888007,Mangudo,ET080401
ET080401888023,Mekala,ET080401
ET080401888013,Meredecha,ET080401
ET070401888009,Motikesa Arizeka,ET080401
ET070401401001,Obcha,ET080401
ET080401888016,Rufo-chanicho,ET080401
ET080401888014,Rufo-wayno,ET080401
ET080401201001,Santereya-01,ET080401
ET070401888014,Sasamakesa,ET080401
ET070401888011,Shanka Gamigayila,ET080401
ET070401888007,Shela Kani Vola,ET080401
ET080401301001,Teso-01,ET080401
ET080401888021,Tesso,ET080401
ET070401201001,Wada Balansa,ET080401
ET080402101001,Chuko-02,ET080402
ET080402101002,Chuko_01,ET080402
ET080403888013,Agara Adosa,ET080403
ET080403888006,Agara Sodicha,ET080403
ET080403888022,Andegna Mogisa,ET080403
ET080403888011,Belesto,ET080403
ET080403888005,Bergo,ET080403
ET080403888010,Bulesa,ET080403
ET080403888016,Bultuma,ET080403
ET080403888021,Dande,ET080403
ET080403888008,Dobe Sadika,ET080403
ET080403888001,Dongora Elmete,ET080403
ET080403888014,Gerbicho Killa,ET080403
ET080403888023,Gerbicho Lela,ET080403
ET080403888009,Gidibo,ET080403
ET080403101001,Gordama 01,ET080403
ET080403888020,Guadamo,ET080403
ET080403888007,Habeja,ET080403
ET080403888004,Hankasa,ET080403
ET080403888024,Haranjicho,ET080403
ET080403888019,Homicho Chewa,ET080403
ET080403888025,Homicho Weino,ET080403
ET080403888003,Hondoba,ET080403
ET080403888015,Huletegna Mogisa,ET080403
ET080403888012,Sheicha,ET080403
ET080403201001,Shiko 01,ET080403
ET080403888018,Titira,ET080403
ET080403888017,Weto,ET080403
ET080403888002,Wicho,ET080403
ET080404101002,Chefe,ET080404
ET080404101001,Dela,ET080404
ET080404101003,Mesalemiya,ET080404
ET080405888003,Agara Gidire,ET080405
ET080405888011,Debicha,ET080405
ET080405888008,Gidicho,ET080405
ET080405888009,Hangaea,ET080405
ET080405888001,Kila Hanafa,ET080405
ET080405888002,Kila Hikicha,ET080405
ET080405888015,Loya,ET080405
ET080405888013,Shako,ET080405
ET080405888007,Solo Chiracho,ET080405
ET080405888010,Sororo,ET080405
ET080405888014,Teticha,ET080405
ET080405101001,Teticha-01,ET080405
ET080405888005,Tibiro,ET080405
ET080405888004,Tosa,ET080405
ET080405888012,Udessa,ET080405
ET080405888006,Wanjala,ET080405
ET080406888001,Bule,ET080406
ET080406888010,Buleracha,ET080406
ET080406101001,Bursa,ET080406
ET080406888015,Bursa Batala,ET080406
ET080406888012,Bursa Qosoricha,ET080406
ET080406888014,Chancho Shigado,ET080406
ET080406888006,Culule,ET080406
ET080406888008,Dadahe,ET080406
ET080406888009,Harona Bule,ET080406
ET080406888011,Hoba Gangawa,ET080406
ET080406888018,Humo Gowacho,ET080406
ET080406888013,Huncho Bulancho,ET080406
ET080406888002,Mecha,ET080406
ET080406888003,Mentiyo,ET080406
ET080406888016,Metana Murshana,ET080406
ET080406888004,Molonamenu,ET080406
ET080406888005,Shafame,ET080406
ET080406888007,Tarche,ET080406
ET080406888017,Tugo,ET080406
ET080406201001,Tuticha,ET080406
ET080407888005,Chirone,ET080407
ET080407101001,Chirone-01,ET080407
ET080407888006,Dagala Ganjure,ET080407
ET080407888007,Deleya,ET080407
ET080407888004,Faficho Fiko,ET080407
ET080407888003,Godiya Guno,ET080407
ET080407888002,Godiya Huluticha,ET080407
ET080407888009,Kachino Gorcho,ET080407
ET080407888008,Kachino Samalo,ET080407
ET080407888001,Karssa,ET080407
ET080408888016,Abera Bongodo,ET080408
ET080408888010,Bantiwata,ET080408
ET080408888015,Bochessa Gobe,ET080408
ET080408888005,Chelbessa,ET080408
ET080408888011,Ganjure Chicho,ET080408
ET080408888002,Gasse,ET080408
ET080408888009,Gatama,ET080408
ET080408201001,Gatama-01,ET080408
ET080408888001,Halaka,ET080408
ET080408888012,Hanko Baya,ET080408
ET080408888013,Hanko Molicha,ET080408
ET080408888006,Kankicha,ET080408
ET080408888007,Luda,ET080408
ET080408888014,Odola Kura,ET080408
ET080408101002,Sacha-01,ET080408
ET080408101001,Shiko-01,ET080408
ET080408888003,Wirama,ET080408
ET080408888004,Wita Bono,ET080408
ET080408888008,Worare,ET080408
ET080409888009,Abera_atila,ET080409
ET080409888010,Abera_doda,ET080409
ET080409201001,Abera_doko,ET080409
ET080409888015,Abera_doko,ET080409
ET080409888008,Abera_gelade,ET080409
ET080409888014,Babe_komolcha,ET080409
ET080409888007,Bamisa,ET080409
ET080409888004,Buna_tawaba,ET080409
ET080409888005,Home_hagire,ET080409
ET080409888002,Lela-honcho,ET080409
ET080409888003,Lela-womerera,ET080409
ET080409888012,Loya,ET080409
ET080409101001,Sefere_selam,ET080409
ET080409888011,Shabe_dela,ET080409
ET080409888013,Shelcho,ET080409
ET080409101002,Shewaber,ET080409
ET080409888001,Shoyecho,ET080409
ET080409888006,Tula_hirecha,ET080409
ET080410888017,Abera_bute,ET080410
ET080410888001,Adame_teso,ET080410
ET080410888005,Aleme_korocha,ET080410
ET080410101001,Ayertena,ET080410
ET080410888006,Banko_markos,ET080410
ET080410888012,Bedesa,ET080410
ET080410888015,Bongodo,ET080410
ET080410888018,Dama_banko,ET080410
ET080410888019,Dama_fugusa,ET080410
ET080410888008,Gelo_wacho,ET080410
ET080410888014,Hangela_chancho,ET080410
ET080410888016,Haro_komolcha,ET080410
ET080410888020,Hayitle_fulanto,ET080410
ET080410888011,Korate,ET080410
ET080410888002,Kumato,ET080410
ET080410888009,Machisho_geter,ET080410
ET080410201001,Machisho_milinium,ET080410
ET080410201002,Machisho_tula,ET080410
ET080410888010,Odola,ET080410
ET080410888003,Safa,ET080410
ET080410888013,Sate_hangela,ET080410
ET080410101002,Selam,ET080410
ET080410888004,Setamo,ET080410
ET080410888007,Teramaji_changito,ET080410
ET080501888022,Awaye Kararo,ET080501
ET080501888021,Awaye Odola,ET080501
ET080501888023,Badesa Chicho,ET080501
ET080501888002,Bare,ET080501
ET080501888008,Bashiro Dallo,ET080501
ET080501888009,Bashiro Gute,ET080501
ET080501888007,Becha,ET080501
ET080501101001,Bona 01,ET080501
ET080501888016,Bona Kice,ET080501
ET080501888004,Borata Woyu,ET080501
ET080501888019,Damile Chiricha,ET080501
ET080501888003,Dilla Sunka,ET080501
ET080501888001,Gobecho,ET080501
ET080501888017,Malgano Kabado,ET080501
ET080501201001,Malgano Mazagaja,ET080501
ET080501888020,Manisa Wacho,ET080501
ET080501888013,Melgano Doya,ET080501
ET080501888014,Melgano Kolisho,ET080501
ET080501888018,Melgano Sade,ET080501
ET080501888012,Melgano Wetiko,ET080501
ET080501888006,Mirde,ET080501
ET080501888015,Odahe,ET080501
ET080501888011,Olonso Hore,ET080501
ET080501888010,Olonso Kica,ET080501
ET080501888024,Suke Bombe,ET080501
ET080501888005,Werancha,ET080501
ET080502888001,Baturo Tatesa,ET080502
ET080502101001,Bura,ET080502
ET080502888002,Burra,ET080502
ET080502888004,Dalecha,ET080502
ET080502888005,Fincawa,ET080502
ET080502888007,Hamasho Kewena,ET080502
ET080502888003,Keramo,ET080502
ET080502888006,Morike,ET080502
ET080502888008,Shitame,ET080502
ET080503101003,Bocesa Golba,ET080503
ET080503101002,Damo,ET080503
ET080503101005,Ejersa,ET080503
ET080503101004,Meneria,ET080503
ET080503101006,Mirado,ET080503
ET080503101001,Wenegodicho,ET080503
ET080504888003,Alo,ET080504
ET080504101001,Bensa Kawado,ET080504
ET080504888013,Bensaware,ET080504
ET080504888005,Bonbe,ET080504
ET080504888012,Chaliba,ET080504
ET080504888020,Denbi,ET080504
ET080504888007,Gamacho,ET080504
ET080504888011,Gangiso,ET080504
ET080504888022,Gonjobe,ET080504
ET080504888018,Hache,ET080504
ET080504888001,Hamasho Borana,ET080504
ET080504888009,Hatesa,ET080504
ET080504888017,Huluka,ET080504
ET080504888019,Hurotibiro,ET080504
ET080504888002,Ketena,ET080504
ET080504888015,Mokonisa,ET080504
ET080504888004,Murago,ET080504
ET080504888016,Oda,ET080504
ET080504888014,Sedaware,ET080504
ET080504888021,Segara,ET080504
ET080504888010,Shantagolba,ET080504
ET080504888006,Shantawene,ET080504
ET080504888008,Wochabo,ET080504
ET080505888009,bubisa,ET080505
ET080505101001,Cabe,ET080505
ET080505888006,Dinisa,ET080505
ET080505888003,hamararo,ET080505
ET080505888004,Haro,ET080505
ET080505888002,Hebeleshe,ET080505
ET080505888005,Karsabudusa,ET080505
ET080505888001,Kinkamo,ET080505
ET080505888008,Osole,ET080505
ET080505888007,Tilo,ET080505
ET080506101001,daela,ET080506
ET080506888004,daela  geter,ET080506
ET080506888001,echama,ET080506
ET080506888005,lodoma,ET080506
ET080506888002,sidisa kedado,ET080506
ET080506888003,sidisa kukuba,ET080506
ET080507101002,1,ET080507
ET080507101001,2,ET080507
ET080507888008,abayetika,ET080507
ET080507888005,balo,ET080507
ET080507888004,bantarbo,ET080507
ET080507888002,chire kuburta,ET080507
ET080507888003,fechana,ET080507
ET080507888001,halila milo,ET080507
ET080507888011,halo bokola,ET080507
ET080507888007,horaela,ET080507
ET080507888009,lalesa,ET080507
ET080507888006,lolawa,ET080507
ET080507888010,taratu,ET080507
ET080508888016,babare,ET080508
ET080508888007,baya faficho,ET080508
ET080508888006,bube bore,ET080508
ET080508888011,butaro,ET080508
ET080508888005,chichu oudesa,ET080508
ET080508888014,dadure,ET080508
ET080508888001,dikicha,ET080508
ET080508888004,ejeko,ET080508
ET080508888008,fechan,ET080508
ET080508888015,hare chafa,ET080508
ET080508888013,kadela,ET080508
ET080508888002,kinkamo,ET080508
ET080508888010,majo geter,ET080508
ET080508101001,mejo ketama,ET080508
ET080508888009,melk dimtu,ET080508
ET080508888012,odi ganbo,ET080508
ET080508888003,sabo,ET080508
ET080509888009,arabe,ET080509
ET080509888014,badeye,ET080509
ET080509888001,eltama,ET080509
ET080509101001,gereja ketama,ET080509
ET080509888005,girija zuriya,ET080509
ET080509888003,jangalo toshe,ET080509
ET080509888004,jangelo tadota,ET080509
ET080509888002,kechabo,ET080509
ET080509888011,lagalola,ET080509
ET080509888010,marmara,ET080509
ET080509888008,ode boko,ET080509
ET080509888007,racha balesa,ET080509
ET080509888006,sedeka,ET080509
ET080509201001,wele genet,ET080509
ET080509888013,wele hangalla,ET080509
ET080509888012,wille magado,ET080509
ET070903888001,Debana,ET080901
ET070903888006,Doha,ET080901
ET070903888004,Fasha,ET080901
ET070903101001,Fasha 01,ET080901
ET070903888003,Gaho,ET080901
ET070903888009,Gera,ET080901
ET070903888007,Gesergiyo,ET080901
ET070903888010,Kashale,ET080901
ET070903888005,Kemele,ET080901
ET070903888002,Mecheke,ET080901
ET070903888008,Sawugame,ET080901
ET070902888014,Abaroba,ET080902
ET070902101001,Arfayde,ET080902
ET070902888005,Arfayde,ET080902
ET070902888002,Beayde,ET080902
ET070902888011,Buso,ET080902
ET070902888008,Dara,ET080902
ET070902888001,Fuchucha,ET080902
ET070902888004,Gelabo,ET080902
ET070902888013,Gocha,ET080902
ET070902888009,Jarso,ET080902
ET070902888006,Lehayite,ET080902
ET070902888012,Machalo,ET080902
ET070902888010,Nala Segen,ET080902
ET070902888007,Sorobo,ET080902
ET070902888003,Tishmale,ET080902
ET070905101002,Dara,ET080903
ET070905101007,Dokato,ET080903
ET070905101005,Doketu,ET080903
ET070905101006,Gamole,ET080903
ET070905101003,Jarso,ET080903
ET070905101001,Karate,ET080903
ET070905101004,Nalaya Segen,ET080903
ET070901888005,Addis Geber,ET080904
ET070901888004,Aylota Dokata,ET080904
ET070901888006,Becho,ET080904
ET070901888007,Berbersa,ET080904
ET070901888003,Garecho,ET080904
ET070901101002,Keyate,ET080904
ET070901888008,Luletu,ET080904
ET070901888001,Malgana Dugaya,ET080904
ET070901888002,Sagen Gante,ET080904
ET070901101001,Segen 01,ET080904
ET070904888001,Borkora,ET080905
ET070904888003,Gelgelona Kolmale,ET080905
ET070904888005,Guygnara,ET080905
ET070904101001,Kolme 01,ET080905
ET070904888002,Maderiyana Gizaba,ET080905
ET070904201001,Masoya,ET080905
ET070904888004,Tebelana Kuchala,ET080905
ET071001888002,Beneya,ET081001
ET071001601001,Berek,ET081001
ET071001501001,Bila,ET081001
ET071001888015,Dalo,ET081001
ET071001888016,Gemiyo,ET081001
ET071001888006,Gera,ET081001
ET071001888001,Gobeze,ET081001
ET071001301001,Goche,ET081001
ET071001888003,Halame,ET081001
ET071001888005,Harale,ET081001
ET071001201001,Kilcho,ET081001
ET071001888007,Ladishe,ET081001
ET071001888014,Lemo,ET081001
ET071001888013,Mure,ET081001
ET071001888004,Nedele,ET081001
ET071001888011,Otomolo,ET081001
ET071001888017,Sego,ET081001
ET071001101001,Soyama 01,ET081001
ET071001101002,Soyama 02,ET081001
ET071001888012,Tisho,ET081001
ET071001401001,Waleya,ET081001
ET071001888009,Werdeya Dinbacho,ET081001
ET071001888010,Werdeya Gude,ET081001
ET071001888008,Yebeno,ET081001
ET071201888012,banko okote,ET081101
ET071201888003,bele bukisa,ET081101
ET071201101001,buno,ET081101
ET071201888015,debota,ET081101
ET071201888001,deko,ET081101
ET071201888013,dodoro,ET081101
ET071201888016,gelelcho,ET081101
ET071201888017,halemo,ET081101
ET071201888005,hase haro geter,ET081101
ET071201301001,hase haro ketema,ET081101
ET071201888010,jemjemo,ET081101
ET071201888002,kara soditi,ET081101
ET071201888006,kelecha,ET081101
ET071201888011,mokonissa,ET081101
ET071201201001,resa,ET081101
ET071201888014,sokicha,ET081101
ET071201888009,sugale,ET081101
ET071201888008,tokicha,ET081101
ET071201888004,tumata chirecha,ET081101
ET071201101002,tutufela,ET081101
ET071201888007,wetiko,ET081101
ET071202888010,adame,ET081102
ET071202888013,arecha,ET081102
ET071202888017,beti gotu,ET081102
ET071202888022,birbirsa kala,ET081102
ET071202888016,bowicha,ET081102
ET071202888005,budukisa,ET081102
ET071202888002,chaliba,ET081102
ET071202888028,chiriku,ET081102
ET071202888003,chito,ET081102
ET071202888008,direto,ET081102
ET071202888004,dumerso,ET081102
ET071202101001,edido 01,ET081102
ET071202888015,ela tenecha,ET081102
ET071202888007,gerbota_1,ET081102
ET071202888006,gerbota_2,ET081102
ET071202888019,gersse,ET081102
ET071202888011,hafursa haranja,ET081102
ET071202888026,hafursa_ werabi,ET081102
ET071202888018,haro badama,ET081102
ET071202888027,haru,ET081102
ET071202201001,haru-01,ET081102
ET071202888029,kededa,ET081102
ET071202888021,koke,ET081102
ET071202888024,konga,ET081102
ET071202888012,oru betela,ET081102
ET071202888031,resete,ET081102
ET071202888025,sade,ET081102
ET071202888030,suke,ET081102
ET071202888009,tulisse,ET081102
ET071202888001,tuteti,ET081102
ET071202888020,udessa,ET081102
ET071202888014,wegida,ET081102
ET071202888023,wete,ET081102
ET071203888023,Anchebi,ET081103
ET071203888003,Baya,ET081103
ET071203301001,Biloya 01,ET081103
ET071203888004,Biloya Geter,ET081103
ET071203888015,Boji,ET081103
ET071203888009,Bonki Busa,ET081103
ET071203888017,Buno,ET081103
ET071203101002,Chelelekitu 01,ET081103
ET071203101001,Chelelekitu 02,ET081103
ET071203888007,Dabo,ET081103
ET071203201001,Fisha Genet,ET081103
ET071203888013,Gololcha,ET081103
ET071203888008,Hama,ET081103
ET071203888002,Hanku,ET081103
ET071203888022,Jaldo,ET081103
ET071203888001,Kadida Giwe,ET081103
ET071203888010,Kisha,ET081103
ET071203888016,Kore,ET081103
ET071203888012,Kurumi,ET081103
ET071203888005,Ononcho,ET081103
ET071203888014,Rago,ET081103
ET071203888020,Rako,ET081103
ET071203888006,Shashamane,ET081103
ET071203888021,Shifo,ET081103
ET071203888018,Sigiga,ET081103
ET071203888019,Sisota,ET081103
ET071203888011,Taka Dima,ET081103
ET071204888003,1gna Okolu,ET081104
ET071204888004,2gna Okolu,ET081104
ET071204888014,Agamsa,ET081104
ET071204888007,Aldabo,ET081104
ET071204888005,Basura,ET081104
ET071204888017,Birda Bochessa,ET081104
ET071204101002,Bule 02,ET081104
ET071204101001,Bule01,ET081104
ET071204101003,Bule03,ET081104
ET071204888020,Charaka,ET081104
ET071204888024,Charbanta,ET081104
ET071204888027,Chekesa Lisha,ET081104
ET071204888019,Dakuwa Hashare,ET081104
ET071204888006,Daro Sokicha,ET081104
ET071204888012,Elalecha Loke,ET081104
ET071204888001,Geldacho,ET081104
ET071204888015,Gubato Aware,ET081104
ET071204888018,Haro Wolabo,ET081104
ET071204888023,Hedene Mutur,ET081104
ET071204888002,Herede,ET081104
ET071204888013,Kochore,ET081104
ET071204888010,Kolisha Kara,ET081104
ET071204888025,Laba Gasha,ET081104
ET071204888026,Laba Reji,ET081104
ET071204888029,Layo Rasa,ET081104
ET071204888016,Mando Wolage,ET081104
ET071204888008,Osole Majo,ET081104
ET071204201001,Raphe 01,ET081104
ET071204888022,Raphe Tora,ET081104
ET071204888028,Rasa Dango,ET081104
ET071204888009,Sika,ET081104
ET071204888011,Suko,ET081104
ET071204888021,Woka Dibitu,ET081104
ET071205888013,Akesho Hafero,ET081105
ET071205888012,Amba,ET081105
ET071205888002,Andida,ET081105
ET071205201001,Andida 01,ET081105
ET071205888005,Aytile Suke,ET081105
ET071205888017,Bantisebu,ET081105
ET071205888014,Bula,ET081105
ET071205888009,Chichu,ET081105
ET071205888001,Gola,ET081105
ET071205888016,Hoticha,ET081105
ET071205888006,Michile Grisa,ET081105
ET071205888011,Michile Holana,ET081105
ET071205888007,Michile Shskoa,ET081105
ET071205888008,Michile Sisota,ET081105
ET071205888004,Otilcho,ET081105
ET071205888003,Shigedo,ET081105
ET071205101001,Tumticha 01,ET081105
ET071205888010,Tunticha,ET081105
ET071205888015,Wechema,ET081105
ET071206888005,Abel,ET081106
ET071206301001,Banko Chelchele 01,ET081106
ET071206888016,Banko Gotiti,ET081106
ET071206201001,Banko Gotiti 01,ET081106
ET071206888014,Banko Tatatu,ET081106
ET071206101002,Bareda,ET081106
ET071206888002,Bisha Mora,ET081106
ET071206501001,Chorso Mazoria 01,ET081106
ET071206888013,Gedeb Gelcha,ET081106
ET071206888012,Gedeb Gubeta,ET081106
ET071206888004,Geshe Jejeba,ET081106
ET071206888006,Gora Dibandibe,ET081106
ET071206888011,Hallo Bariti,ET081106
ET071206888008,Hallo Hartume,ET081106
ET071206888007,Harmufo,ET081106
ET071206888003,Kedida Gubeta,ET081106
ET071206888001,Mora Layo,ET081106
ET071206101001,Sesole,ET081106
ET071206888009,Worka Chelbesa,ET081106
ET071206888015,Worka Chelchele,ET081106
ET071206888010,Worka Sakaro,ET081106
ET071206401001,Worka Sakaro 01,ET081106
ET071207101001,Yirga Chefe_01,ET081111
ET071207101002,Yirga Chefe_02,ET081111
ET071207101003,Yirga Chefe_03,ET081111
ET090301888004,Adeyabeba_01,ET090301
ET090301888003,Adeyabeba_02,ET090301
ET090301888007,Berbera,ET090301
ET090301888001,Beru,ET090301
ET090301888010,Durun,ET090301
ET090301888011,Folju,ET090301
ET090301101001,Gachit,ET090301
ET090301888009,Gantu,ET090301
ET090301888002,Girshatsena,ET090301
ET090301888008,Kobut,ET090301
ET090301888005,Kurta,ET090301
ET090301888006,Teramaji,ET090301
ET090302888009,Bany,ET090302
ET090302888016,Bazun,ET090302
ET090302888012,Biygelech,ET090302
ET090302888011,Chat,ET090302
ET090302888002,Deka,ET090302
ET090302888018,Delkuba,ET090302
ET090302888013,Dumadashe,ET090302
ET090302888003,Farfaji,ET090302
ET090302888017,Gase,ET090302
ET090302888001,Genbabwarasa,ET090302
ET090302888008,Gomma,ET090302
ET090302101001,Kebele_01,ET090302
ET090302101002,Kebele_02,ET090302
ET090302888004,Kolay,ET090302
ET090302888006,Kushanta,ET090302
ET090302888007,Shariya,ET090302
ET090302888010,Shokach,ET090302
ET090302888005,Tenkier,ET090302
ET090302888014,Yarta,ET090302
ET090302888015,Zema,ET090302
ET090303888004,Baro,ET090303
ET090303888002,Bass,ET090303
ET090303888011,Buktu,ET090303
ET090303888008,Cheruharut,ET090303
ET090303888007,Darja,ET090303
ET090303888001,Era,ET090303
ET090303888006,Gabie,ET090303
ET090303888013,Haduba,ET090303
ET090303101001,Jemu,ET090303
ET090303888009,Kera,ET090303
ET090303888005,Kilu,ET090303
ET090303888003,Kudim,ET090303
ET090303888010,Wujinalemu,ET090303
ET090303888012,Yirn,ET090303
ET090304888003,Bangala,ET090304
ET090304888004,Barda,ET090304
ET090304888011,Bout,ET090304
ET090304888006,Dargach,ET090304
ET090304888009,Geligesha,ET090304
ET090304888005,Gobi,ET090304
ET090304888002,Gori Gesha,ET090304
ET090304888001,Karmach,ET090304
ET090304888012,Kent,ET090304
ET090304101001,Kuju,ET090304
ET090304888007,Marsikorei,ET090304
ET090304888008,Shewajibabu,ET090304
ET090304888010,Tuy,ET090304
ET090305888006,Baybanka,ET090305
ET090305888002,Bero,ET090305
ET090305888007,Donta,ET090305
ET090305201001,Gabissa,ET090305
ET090305888001,Garo,ET090305
ET090305888004,Gay,ET090305
ET090305501001,Gesena,ET090305
ET090305101001,Jeba,ET090305
ET090305888003,Kasi,ET090305
ET090305301001,Shola,ET090305
ET090305888005,Sirit,ET090305
ET090305401001,Siyali,ET090305
ET090306101001,Anjoy,ET090306
ET090306888005,Banga,ET090306
ET090306888003,Bebuseni,ET090306
ET090306888016,Bolbokt,ET090306
ET090306888013,Borka,ET090306
ET090306888012,Choy,ET090306
ET090306888010,Diku,ET090306
ET090306888019,Dishugurbale,ET090306
ET090306888014,Gome,ET090306
ET090306888008,Hartiga,ET090306
ET090306888015,Kidoly,ET090306
ET090306888004,Koka,ET090306
ET090306888006,Kotilakor,ET090306
ET090306888017,Kurum,ET090306
ET090306888001,Lameri,ET090306
ET090306888007,Maja,ET090306
ET090306888002,Moga,ET090306
ET090306888018,Ororomia,ET090306
ET090306888011,Regia,ET090306
ET090306888009,Tulgit,ET090306
ET090306888020,Wudimt,ET090306
ET090307888019,Adikas,ET090307
ET090307888011,Balt,ET090307
ET090307888013,Chait,ET090307
ET090307888003,Chigt,ET090307
ET090307888015,Gebarku,ET090307
ET090307888016,Gelkem,ET090307
ET090307888001,Haro,ET090307
ET090307888005,Kela,ET090307
ET090307888009,Kelt,ET090307
ET090307888014,Kersi,ET090307
ET090307888008,Key Kokob,ET090307
ET090307888012,Kolg,ET090307
ET090307888002,Kubt,ET090307
ET090307888010,Kushit,ET090307
ET090307201001,Maji 01,ET090307
ET090307888020,Muy,ET090307
ET090307888007,Olkut,ET090307
ET090307888006,Or,ET090307
ET090307888017,Shalt,ET090307
ET090307888004,Shotint,ET090307
ET090307888018,Sisiki,ET090307
ET090307101001,Tum,ET090307
ET090604888017,Al'ani Ayshe,ET090604
ET090604888018,Amba Woyde,ET090604
ET090604888009,Angala Dube,ET090604
ET090604201001,Angala Mazegaja,ET090604
ET090604888001,Asho,ET090604
ET090604888012,Bara,ET090604
ET090604888015,Bosa Shoga,ET090604
ET090604888016,Bosa Tsadafa,ET090604
ET090604888019,Buri,ET090604
ET090604888014,Chicho Hayo,ET090604
ET090604888008,Dache Danaba,ET090604
ET090604888004,Dasha Aja,ET090604
ET090604888006,Garada Bachira,ET090604
ET090604888002,Gazo Koyisha,ET090604
ET090604888005,Gerada Intala,ET090604
ET090604101001,Karawo Ketema,ET090604
ET090604888003,Samara Minata,ET090604
ET090604888010,Seribala,ET090604
ET090604888011,Wola Duga,ET090604
ET090604888013,Yamala Boka,ET090604
ET090604888007,Zaba,ET090604
ET100106101004,Agena,ET100106
ET100106101003,Desana,ET100106
ET100106101002,Mantir,ET100106
ET100106101001,Shebradin,ET100106
ET100106101005,Yesiray,ET100106
ET100108101002,Arekit,ET100108
ET100108101003,Arekit Sheleko,ET100108
ET100108101001,Esan Ena Adanigezo,ET100108
ET100112101001,Gomshe,ET100112
ET100112101004,Gunchire 01,ET100112
ET100112101005,Gunchire 02,ET100112
ET100112101002,Gunchire Mazoriya,ET100112
ET100112101006,Hured,ET100112
ET100112101003,Kochira,ET100112
ET100307101001,Enseno 01,ET100307
ET100307101002,Enseno 02,ET100307
ET100509101001,Burka Dilapha,ET100509
ET100509101004,Dalocha Talikasa,ET100509
ET100509101003,Farajat,ET100509
ET100509101002,Sojat,ET100509
ET100515101004,Adasha,ET100515
ET100515101001,Alem Gebeya,ET100515
ET100515101003,Menzo Gumbi,ET100515
ET100515101002,Ziko Dolol,ET100515
ET100604101007,Andegna Choroko,ET100604
ET100604101006,Chambulla,ET100604
ET100604101005,Denebefama,ET100604
ET100604101011,Galato,ET100604
ET100604101010,Gedaba,ET100604
ET100604101013,Hulegeba Kuke,ET100604
ET100604101008,Huletegna Choroko,ET100604
ET100604101002,Lenda Ber,ET100604
ET100604101004,Mehal Arada,ET100604
ET100604101001,Murasa Ber,ET100604
ET100604101009,Tach Lenda,ET100604
ET100604101003,Wanja Ber,ET100604
ET100604101012,Wanja Wolda,ET100604
ET100703101002,Debub Homecho,ET100703
ET100703101004,Hadeye,ET100703
ET100703101003,Hamolauta,ET100703
ET100703101001,Semen Homecho,ET100703
ET100709101003,Enitolafitolenika,ET100709
ET100709101001,Mirab Fonko,ET100709
ET100709101002,Misrak Fonko,ET100709
ET100711101004,Alage,ET100711
ET100711101001,Bonosha 01,ET100711
ET100711101002,Bonosha 02,ET100711
ET100711101003,Hulegutancho,ET100711
ET100711101005,Kemecho,ET100711
ET100801888003,Ashe,ET100801
ET100801888010,Asher,ET100801
ET100801201001,Deri 01,ET100801
ET100801888008,Deri Kepho,ET100801
ET100801888007,Deri Tegu,ET100801
ET100801888006,Deso,ET100801
ET100801888004,Dicha,ET100801
ET100801888001,Koner,ET100801
ET100801888009,Saye Mafo,ET100801
ET100801888005,Siwuda,ET100801
ET100801888002,Tigr,ET100801
ET100801888011,Wengecho,ET100801
ET100802888003,Azgi Zemda,ET100802
ET100802101001,Fofa 01,ET100802
ET100802888001,Gesi,ET100802
ET100802888007,Kerwa,ET100802
ET100802888013,Laygnaw Kesheli,ET100802
ET100802888009,Meleka_401,ET100802
ET100802888002,Nuba,ET100802
ET100802888004,Oya Ediya,ET100802
ET100802888005,Oya Ereto,ET100802
ET100802888006,Oya Kepho,ET100802
ET100802888011,Semunama,ET100802
ET100802888010,Shemena Metelo,ET100802
ET100802888012,Shosho,ET100802
ET100802888014,Tachingaw Kesheli,ET100802
ET100802888008,Weger Ena Hanger,ET100802
ET100803888003,Ezo Zata,ET100803
ET100803888006,Faya,ET100803
ET100803888007,Kelechi,ET100803
ET100803888002,Kerzi Doyo,ET100803
ET100803888001,Shoshe Ene Almama,ET100803
ET100803888005,Soru,ET100803
ET100803101001,Toba 01,ET100803
ET100803888004,Wegero Ena Azagn,ET100803
ET100804101002,Saja_01,ET100804
ET100804101003,Saja_02,ET100804
ET100804101001,Saja_03,ET100804
ET100902101002,Mudula01,ET100902
ET100902101001,Mudula02,ET100902
ET100902101003,Mudula03,ET100902
ET100902101004,Sigezo,ET100902
ET101010101002,Angacha 01,ET101010
ET101010101001,Angacha 02,ET101010
ET101010101004,Angacha 03,ET101010
ET101010101003,Angacha 04,ET101010
ET101011101002,Damboya01,ET101011
ET101011101001,Damboya02,ET101011
ET090102888012,Beshifa,ET110101
ET090102888004,Chegecha,ET110101
ET090102888010,Chicha,ET110101
ET090102888003,Duyina,ET110101
ET090102888009,Gebinaa,ET110101
ET090102888015,Gemadro,ET110101
ET090102888007,Getiba,ET110101
ET090102888006,Gey,ET110101
ET090102888002,Goja,ET110101
ET090102101001,Hibret,ET110101
ET090102888014,Mody,ET110101
ET090102888008,Shebena,ET110101
ET090102888001,Shekibedo,ET110101
ET090102888005,Shera,ET110101
ET090102888011,Tugry,ET110101
ET090102888013,Yukichichy,ET110101
ET090101888011,Abilo,ET110102
ET090101888002,Ateli,ET110102
ET090101888010,Atiso,ET110102
ET090101888007,Beto,ET110102
ET090101888013,Chago,ET110102
ET090101888004,Degele,ET110102
ET090101888018,Gada,ET110102
ET090101888015,Gatimo,ET110102
ET090101888009,Gemebeka,ET110102
ET090101888019,Kaniga,ET110102
ET090101888003,Karina,ET110102
ET090101888006,Keja,ET110102
ET090101888017,Kewo,ET110102
ET090101888014,Shebo,ET110102
ET090101888008,Welo Shebo,ET110102
ET090101888005,Wuha,ET110102
ET090101888012,Yepo,ET110102
ET090101888001,Yeshi Akako,ET110102
ET090101888016,Yina,ET110102
ET090103888003,Achani,ET110103
ET090103888022,Adisalem,ET110103
ET090103888015,Adisbirhan,ET110103
ET090103888011,Alamo,ET110103
ET090103888009,Bechi,ET110103
ET090103888016,Beko,ET110103
ET090103888004,Depi,ET110103
ET090103888019,Dermo,ET110103
ET090103888001,Ermich,ET110103
ET090103888008,Fide,ET110103
ET090103888017,Hibretfirie,ET110103
ET090103888002,Kubito,ET110103
ET090103888013,Kume,ET110103
ET090103888010,Kura,ET110103
ET090103888012,Michi,ET110103
ET090103888005,Selamber,ET110103
ET090103888006,Shay,ET110103
ET090103888007,Shemerega,ET110103
ET090103888014,Shosha,ET110103
ET090103888018,Tsanu,ET110103
ET090103888020,Yeki,ET110103
ET090103888021,Zinki,ET110103
ET090105101003,Andnet,ET110104
ET090105101001,Hibret,ET110104
ET090105101002,Selam,ET110104
ET090104101002,1,ET110105
ET090104101001,2,ET110105
ET090401888013,Agaro,ET110201
ET090401888009,Centeriya,ET110201
ET090401888018,Chelisheki,ET110201
ET090401888004,Dabi,ET110201
ET090401888007,Deli,ET110201
ET090401888008,Dino,ET110201
ET090401888011,Emiriki,ET110201
ET090401888001,Gechiti,ET110201
ET090401888003,Guracha,ET110201
ET090401888020,Homi,ET110201
ET090401888005,Jie,ET110201
ET090401888016,Kejeto,ET110201
ET090401888002,Kochi,ET110201
ET090401888021,Miso,ET110201
ET090401888017,Shenkora,ET110201
ET090401888012,Shuniti,ET110201
ET090401888006,Sor,ET110201
ET090401888014,Tebela,ET110201
ET090401888010,Techibi,ET110201
ET090401101001,Yadota,ET110201
ET090401888015,Yenemeda,ET110201
ET090401888019,Yunagenda,ET110201
ET090402888017,Abeta,ET110202
ET090402888009,Amero Ata,ET110202
ET090402888012,Andiracha,ET110202
ET090402888008,Ata Wodity,ET110202
ET090402888007,Baty Ganity,ET110202
ET090402888005,Baty Ogity,ET110202
ET090402888019,Danity,ET110202
ET090402101001,Deka,ET110202
ET090402888021,Didifa,ET110202
ET090402888023,Dirbedo,ET110202
ET090402888010,Emriky,ET110202
ET090402888015,Gaweti,ET110202
ET090402888002,Gawocha,ET110202
ET090402888003,Gechito Yery,ET110202
ET090402888018,Haity,ET110202
ET090402888020,Kicho,ET110202
ET090402888006,Meligawi,ET110202
ET090402888016,Meshame,ET110202
ET090402888014,Nechity,ET110202
ET090402888011,Techity,ET110202
ET090402888013,Wedity,ET110202
ET090402888004,Wochito Yery,ET110202
ET090402888001,Yerdanity,ET110202
ET090402888024,Yerkchity,ET110202
ET090402888022,Yesheto Yeri,ET110202
ET090403888009,Achuwa,ET110203
ET090403888003,Adisbirhan,ET110203
ET090403888005,Belteta,ET110203
ET090403888020,Bera,ET110203
ET090403888006,Chebero,ET110203
ET090403888023,Doma,ET110203
ET090403888016,Duma,ET110203
ET090403888015,Emicho,ET110203
ET090403888002,Gabakoro,ET110203
ET090403888025,Ganiti,ET110203
ET090403888019,Gawamecha,ET110203
ET090403888010,Gewashimbrka,ET110203
ET090403888012,Hingido,ET110203
ET090403888018,Kasha,ET110203
ET090403201001,Kobech,ET110203
ET090403101001,Konda,ET110203
ET090403888007,Kondageter,ET110203
ET090403888008,Mashamalo,ET110203
ET090403888013,Medabo,ET110203
ET090403888027,Meligawa,ET110203
ET090403888011,Meliyo,ET110203
ET090403888026,Ogiti,ET110203
ET090403888017,Saja,ET110203
ET090403888004,Senbetie,ET110203
ET090403888024,Senteriya,ET110203
ET090403888029,Shupadara,ET110203
ET090403888028,Shupashewa,ET110203
ET090403888001,Shupawaho,ET110203
ET090403888022,Tura,ET110203
ET090403888014,Wodiyo,ET110203
ET090403888021,Yesha,ET110203
ET090404888014,Argoba,ET110204
ET090404888017,Baqa,ET110204
ET090404888019,Beyemo,ET110204
ET090404888031,Bitachega,ET110204
ET090404888003,Cheraba,ET110204
ET090404888015,Choba,ET110204
ET090404888022,Dakiti,ET110204
ET090404888018,Diri,ET110204
ET090404888009,Gawa,ET110204
ET090404201001,Gojeb,ET110204
ET090404888020,Hamani,ET110204
ET090404888024,Hibret,ET110204
ET090404888028,Keja Araba,ET110204
ET090404888023,Keyakelo,ET110204
ET090404888008,Kicho,ET110204
ET090404888005,Kuti,ET110204
ET090404888021,Meligawa,ET110204
ET090404888029,Michity,ET110204
ET090404888016,Shocha,ET110204
ET090404888010,Shombagirawa,ET110204
ET090404888011,Shombakicheb,ET110204
ET090404888012,Shombasheka,ET110204
ET090404888026,Shorori,ET110204
ET090404888001,Tega,ET110204
ET090404888004,Tepi_puti,ET110204
ET090404888002,Tula,ET110204
ET090404101001,Uffa,ET110204
ET090404888025,Uffudo,ET110204
ET090404888027,Wekaraba,ET110204
ET090404301001,Wushewushe,ET110204
ET090404888006,Yabekichakada,ET110204
ET090404888007,Yabekichawellaga,ET110204
ET090404888013,Yertechity,ET110204
ET090404888030,Yibito,ET110204
ET090404888032,Zingaji,ET110204
ET090405888024,Alarigeta,ET110205
ET090405888022,Angiyokola,ET110205
ET090405888007,Bekiyogeta,ET110205
ET090405301001,Boka,ET110205
ET090405888023,Buta,ET110205
ET090405888020,Chareguta,ET110205
ET090405888019,Chega,ET110205
ET090405888010,Daka,ET110205
ET090405888006,Dechawagena,ET110205
ET090405888012,Dulalala,ET110205
ET090405888021,Gindecha,ET110205
ET090405888016,Girawa,ET110205
ET090405201001,Kaka,ET110205
ET090405888013,Kejekata,ET110205
ET090405888011,Kelise,ET110205
ET090405888025,Kelisha,ET110205
ET090405888005,Kochiyo,ET110205
ET090405888003,Kosha,ET110205
ET090405888017,Mecha,ET110205
ET090405888001,Meduta,ET110205
ET090405101001,Mera,ET110205
ET090405888014,Obera,ET110205
ET090405888018,Rosha,ET110205
ET090405888015,Shasha,ET110205
ET090405888002,Sherada,ET110205
ET090405888009,Wela,ET110205
ET090405888004,Yecha,ET110205
ET090405888008,Yumiya,ET110205
ET090406888004,Achino,ET110206
ET090406888011,Ata,ET110206
ET090406888024,Bega,ET110206
ET090406888010,Chama,ET110206
ET090406888014,Chura,ET110206
ET090406888017,Decha,ET110206
ET090406888012,Gadagubena,ET110206
ET090406201001,Gebala,ET110206
ET090406888016,Gebala,ET110206
ET090406888022,Gera,ET110206
ET090406888003,Grgupa,ET110206
ET090406888006,Guta,ET110206
ET090406888015,Halla,ET110206
ET090406888023,Koba,ET110206
ET090406888007,Megera,ET110206
ET090406888021,Mesha,ET110206
ET090406101001,Oda,ET110206
ET090406888020,Omiya,ET110206
ET090406888019,Sheda,ET110206
ET090406888001,Sheida,ET110206
ET090406888005,Shinato,ET110206
ET090406888008,Shosha,ET110206
ET090406888002,Shupa,ET110206
ET090406888009,Toja,ET110206
ET090406888013,Wora,ET110206
ET090406888018,Yama,ET110206
ET090407888004,Arara,ET110207
ET090407201001,Bashi,ET110207
ET090407888008,Boba,ET110207
ET090407888015,Cheta_kola,ET110207
ET090407888010,Chuchi,ET110207
ET090407888007,Cola,ET110207
ET090407888014,Diya,ET110207
ET090407888012,Duba,ET110207
ET090407888016,Gamcha,ET110207
ET090407888009,Haniya,ET110207
ET090407888005,Keyi,ET110207
ET090407888002,Kora,ET110207
ET090407888013,Kushasha,ET110207
ET090407888003,Oja,ET110207
ET090407888011,Shaka,ET110207
ET090407101001,Shama,ET110207
ET090407888006,Sholay,ET110207
ET090407888001,Werta,ET110207
ET090408888036,Ada,ET110208
ET090408888025,Agarobushi,ET110208
ET090408888031,Awashola,ET110208
ET090408888018,Awashqofira,ET110208
ET090408101001,Awurada,ET110208
ET090408888030,Awurada,ET110208
ET090408888019,Baha,ET110208
ET090408888026,Batara,ET110208
ET090408888027,Boba Gecha,ET110208
ET090408888004,Bombameliyo,ET110208
ET090408888032,Budi,ET110208
ET090408888039,Bulkabul,ET110208
ET090408888002,Daga,ET110208
ET090408888037,Dubiyo,ET110208
ET090408888020,Ermo,ET110208
ET090408888038,Gebera,ET110208
ET090408888010,Gedam,ET110208
ET090408888003,Gogra,ET110208
ET090408888021,Gonewoja,ET110208
ET090408888023,Gundira Gera,ET110208
ET090408888024,Gundira Shela,ET110208
ET090408888022,Gundurashura,ET110208
ET090408888034,Keshi,ET110208
ET090408888029,Kuti,ET110208
ET090408888017,Makira,ET110208
ET090408888028,Meligawa,ET110208
ET090408888006,Meskela,ET110208
ET090408888013,Modiyo Arara,ET110208
ET090408888012,Modiyo Bola,ET110208
ET090408888011,Modiyo Gombora,ET110208
ET090408888014,Modiyo Yecha,ET110208
ET090408888015,Modiyo Yemita,ET110208
ET090408888005,Muti,ET110208
ET090408888008,Shapa,ET110208
ET090408888001,Shetyo,ET110208
ET090408888035,Ufa,ET110208
ET090408888016,Yanga,ET110208
ET090408888007,Yeba,ET110208
ET090408888033,Yeha Tsatsa,ET110208
ET090408888009,Yigito,ET110208
ET090409888018,Aja Boka,ET110209
ET090409888021,Bala Shasha,ET110209
ET090409888010,Boba Bella,ET110209
ET090409888009,Boba Gota,ET110209
ET090409888008,Boba Kacha,ET110209
ET090409888013,Boba Kocha,ET110209
ET090409888007,Boba Woditi,ET110209
ET090409888006,Dosha Kosa,ET110209
ET090409888002,Dosha Tuga,ET110209
ET090409888014,Gaygoy,ET110209
ET090409888012,Gema,ET110209
ET090409888004,Koda,ET110209
ET090409888005,Kulush,ET110209
ET090409888016,Shacha,ET110209
ET090409888003,Shayicha Meka,ET110209
ET090409888001,Shayicha Shaka,ET110209
ET090409201001,Shisho Ende Town,ET110209
ET090409888011,Wanjali,ET110209
ET090409888015,Wara Bamba,ET110209
ET090409888020,Wara Donga,ET110209
ET090409888019,Wara Sheka,ET110209
ET090409888017,Wota Wora,ET110209
ET090410888015,Amesha Mechata,ET110210
ET090410888007,Andiracha,ET110210
ET090410101001,Bita Genet,ET110210
ET090410888016,Buba Gora,ET110210
ET090410888022,Dacha Difa,ET110210
ET090410888003,Dega Kela,ET110210
ET090410888005,Esheta,ET110210
ET090410888009,Ganiti,ET110210
ET090410888021,Gawety,ET110210
ET090410888001,Godefo,ET110210
ET090410888010,Hamani,ET110210
ET090410888018,Marakuni,ET110210
ET090410888004,Meligawi,ET110210
ET090410888024,Odda,ET110210
ET090410201001,Odda Danity,ET110210
ET090410888002,Ogi Dakiti,ET110210
ET090410888020,Sheda,ET110210
ET090410888012,Shota,ET110210
ET090410888008,Shuniti,ET110210
ET090410888023,Tuga,ET110210
ET090410888006,Wedity,ET110210
ET090410888011,Woshero,ET110210
ET090410888017,Yawera,ET110210
ET090410888013,Yecha,ET110210
ET090410888019,Yeda,ET110210
ET090410888014,Yinna,ET110210
ET090411101003,Bonga01,ET110211
ET090411101002,Bonga02,ET110211
ET090411101001,Bonga03,ET110211
ET090413888010,Angela,ET110212
ET090413888003,Baskadiri,ET110212
ET090413888016,Bunanta,ET110212
ET090413888021,Dadin,ET110212
ET090413101001,Dish,ET110212
ET090413888009,Dish,ET110212
ET090413888014,Gara Maji Arbito Ader,ET110212
ET090413888013,Genet,ET110212
ET090413888008,Gesa,ET110212
ET090413888004,Goize,ET110212
ET090413888019,Kumbi,ET110212
ET090413888020,Meshegebezhe,ET110212
ET090413888018,Nabur,ET110212
ET090413888017,Neda Arbito Ader,ET110212
ET090413888007,Ogaya,ET110212
ET090413888005,Shada,ET110212
ET090413888015,Shallo Arbito Ader,ET110212
ET090413888002,Shalo,ET110212
ET090413888012,Shashi,ET110212
ET090413888011,Sirahiwot,ET110212
ET090413888006,Yoka,ET110212
ET090413888001,Zenbaba,ET110212
ET090412888013,Agaro,ET110213
ET090412888014,Beko,ET110213
ET090412888008,Biga,ET110213
ET090412888018,Buba,ET110213
ET090412888003,Chomecha,ET110213
ET090412888017,Dahera,ET110213
ET090412888021,Dukra Woshi,ET110213
ET090412888006,Eramo,ET110213
ET090412888007,Esheta,ET110213
ET090412888019,Gawotata,ET110213
ET090412888004,Gida,ET110213
ET090412888011,Gopa,ET110213
ET090412888015,Gurech,ET110213
ET090412888020,Kuta Shoray,ET110213
ET090412888001,Mereha Shakiya,ET110213
ET090412888009,Oma Shonga,ET110213
ET090412888002,Orora,ET110213
ET090412888012,Wana Bolla,ET110213
ET090412888010,Wareta,ET110213
ET090412888005,Wodafa,ET110213
ET090412888016,Yaga,ET110213
ET090414101001,wacha1,ET110214
ET090414101002,wacha2,ET110214
ET090202888001,Ayeberaenasanka,ET110301
ET090202888020,Bajeka,ET110301
ET090202888008,Bardika,ET110301
ET090202888013,Bayeneka,ET110301
ET090202888009,Bergi,ET110301
ET090202888021,Bonki,ET110301
ET090202888010,Boyta,ET110301
ET090202888016,Fajeka,ET110301
ET090202888014,Gayzika,ET110301
ET090202201001,Gezmert,ET110301
ET090202888003,Gofika,ET110301
ET090202888005,Gomika,ET110301
ET090202888011,Goteka,ET110301
ET090202888007,Iteka,ET110301
ET090202888019,Jemdose,ET110301
ET090202888002,Jenjeka,ET110301
ET090202888006,Machuka,ET110301
ET090202101001,Mehal Sheko,ET110301
ET090202888004,Murunse,ET110301
ET090202888018,Sanka,ET110301
ET090202888015,Shayta,ET110301
ET090202301001,Shemi,ET110301
ET090202888012,Shesheka,ET110301
ET090202888017,Wergu,ET110301
ET090201888007,Abiy 02,ET110302
ET090201888006,Abiy 04,ET110302
ET090201888021,Alenga,ET110302
ET090201888017,Badika,ET110302
ET090201888016,Bazuka,ET110302
ET090201888024,Berji,ET110302
ET090201888020,Bibita,ET110302
ET090201101001,Biftu 01,ET110302
ET090201101002,Biftu 02,ET110302
ET090201101003,Biftu 03,ET110302
ET090201888025,Chodit,ET110302
ET090201888027,Dankila,ET110302
ET090201888013,Gabika,ET110302
ET090201888011,Gelima,ET110302
ET090201888022,Gelity,ET110302
ET090201888004,Genika,ET110302
ET090201888019,Kenean,ET110302
ET090201888002,Kometa Nebaru,ET110302
ET090201888015,Kometa Sefera,ET110302
ET090201201001,Kuja,ET110302
ET090201888023,Kuja Geter,ET110302
ET090201888018,Kuki Nebaru,ET110302
ET090201888014,Kuki Sefera,ET110302
ET090201888008,Malagonak,ET110302
ET090201888010,Mulmul,ET110302
ET090201888005,Ojemta,ET110302
ET090201888009,Peliya,ET110302
ET090201888026,Sega,ET110302
ET090201888012,Semerta,ET110302
ET090201888028,Shebelka,ET110302
ET090201888003,Shupi,ET110302
ET090201888001,Wika,ET110302
ET090206888026,Abiy 01,ET110303
ET090206888027,Abiy 03,ET110303
ET090206888002,Abiy 05,ET110303
ET090206888016,Adisalem,ET110303
ET090206888015,Adisu Zemikin,ET110303
ET090206888017,Boter Sayitu,ET110303
ET090206101001,Debrework,ET110303
ET090206888010,Dechabas,ET110303
ET090206888025,Dirita,ET110303
ET090206888004,Fanika,ET110303
ET090206888013,Gawos,ET110303
ET090206888018,Gedu,ET110303
ET090206888019,Gelit,ET110303
ET090206888014,Gissu,ET110303
ET090206888008,Janchu,ET110303
ET090206888023,Janchuta,ET110303
ET090206888001,Keberta,ET110303
ET090206888021,Kersheka,ET110303
ET090206888003,Kite,ET110303
ET090206888009,Kob,ET110303
ET090206888020,Kokin,ET110303
ET090206888005,Mashinbay,ET110303
ET090206888011,Miyah,ET110303
ET090206888024,Morita,ET110303
ET090206888012,Omokel,ET110303
ET090206888006,Shonga,ET110303
ET090206888007,Zemika,ET110303
ET090206888022,Zozo Sefera,ET110303
ET090206201001,Zozotown,ET110303
ET090205888003,Bakbas,ET110304
ET090205888012,Bata,ET110304
ET090205888016,Biyakbora,ET110304
ET090205888011,Chada,ET110304
ET090205888019,Gaya Shema,ET110304
ET090205888015,Gulish,ET110304
ET090205888010,Kamina,ET110304
ET090205101001,Kebele 01,ET110304
ET090205101002,Kebele 02,ET110304
ET090205101003,Kebele 03,ET110304
ET090205888004,Keshita,ET110304
ET090205888008,Kuka,ET110304
ET090205888002,Kula Gacha,ET110304
ET090205888018,Kusha,ET110304
ET090205888006,Maha,ET110304
ET090205201001,Maztown,ET110304
ET090205888013,Meskerem Cc,ET110304
ET090205888014,Meskerem Fire,ET110304
ET090205888017,Shappa Guyid,ET110304
ET090205888001,Shonga Dusha,ET110304
ET090205888009,Tikmit Eshet,ET110304
ET090205101005,Zero Amist,ET110304
ET090205101004,Zero Arat,ET110304
ET090205101006,Zero Sidist,ET110304
ET090205888007,Zhazh,ET110304
ET090205888005,Ziyagin,ET110304
ET090204888011,Boseka,ET110305
ET090204888010,Daken,ET110305
ET090204888004,Endekel,ET110305
ET090204888008,Fakaten,ET110305
ET090204888022,Gacheb,ET110305
ET090204888021,Garyken,ET110305
ET090204888013,Gayzken,ET110305
ET090204201001,Genja,ET110305
ET090204888019,Goal,ET110305
ET090204888003,Gola,ET110305
ET090204888014,Goritnamag,ET110305
ET090204888007,Kasha,ET110305
ET090204888020,Kayken,ET110305
ET090204888018,Kosokol,ET110305
ET090204888006,Muyakela,ET110305
ET090204888009,Oka,ET110305
ET090204888001,Serity,ET110305
ET090204101001,Tebenjayaz,ET110305
ET090204888012,Tishu,ET110305
ET090204888015,Utseken,ET110305
ET090204888005,Walla,ET110305
ET090204888017,Wusheken,ET110305
ET090204888016,Yaly,ET110305
ET090204888002,Yikerdmoze,ET110305
ET090203888002,Birhanshay,ET110306
ET090203101001,Dizu,ET110306
ET090203888004,Gacha,ET110306
ET090203888001,Tamaten,ET110306
ET090203888006,Tekus,ET110306
ET090203888005,Tsate,ET110306
ET090203888003,Yinadela,ET110306
ET090207101001,Adisketema kebele and Mizan Tepi University,ET110307
ET090207101003,Ediget,ET110307
ET090207101002,Hibret,ET110307
ET090207201004,Kometa,ET110307
ET090207201005,Shesheka,ET110307
ET090601888004,Bobi,ET110401
ET090601888007,Botory,ET110401
ET090601888002,Deali Gasha,ET110401
ET090601101001,Edget Mazegaja,ET110401
ET090601888011,Gany Danafa,ET110401
ET090601888009,Gebra Keama,ET110401
ET090601888013,Geda Chache,ET110401
ET090601888014,Geda Meala,ET110401
ET090601888012,Kawucha Robi,ET110401
ET090601888008,Medhanyalem,ET110401
ET090601888006,Okli Delba,ET110401
ET090601888001,Senda Hawusha,ET110401
ET090601888003,Shch Kalea,ET110401
ET090601888010,Shusuri,ET110401
ET090601888005,Tima,ET110401
ET090602888005,Arusi Mogisi,ET110402
ET090602888010,Balla Yoyo,ET110402
ET090602888011,Bato Kalibo,ET110402
ET090602888001,Eyesus,ET110402
ET090602888012,Gendo Bacho,ET110402
ET090602201001,Gendo Bacho Municipality,ET110402
ET090602888007,Gobo Shamana,ET110402
ET090602888002,Gozo Bamush,ET110402
ET090602888008,Gudumo,ET110402
ET090602888006,Mada Kuyil,ET110402
ET090602888009,Mayde,ET110402
ET090602888013,Shama Tongi,ET110402
ET090602101002,Waka Zero And,ET110402
ET090602101001,Waka Zero Hulet,ET110402
ET090602888003,Yamala Gabara,ET110402
ET090602888004,Yamala Meso,ET110402
ET090603888018,Adis Boderi,ET110403
ET090603888017,Afuq Woyro,ET110403
ET090603888004,Bero Yamala,ET110403
ET090603888009,Deneba Bola,ET110403
ET090603888016,Dodi Angala,ET110403
ET090603888006,Ela Bacho,ET110403
ET090603888001,Gendo Walcha,ET110403
ET090603888005,Gesa Chare,ET110403
ET090603888015,Gumeri Cochi,ET110403
ET090603888007,Lala Ambe,ET110403
ET090603201001,Loma Bale Mazegaja,ET110403
ET090603888019,Loma Shambi,ET110403
ET090603888020,Loma Zedeli,ET110403
ET090603888021,Mida Zalo,ET110403
ET090603888012,Olo Woyde,ET110403
ET090603888013,Pulasa Borze,ET110403
ET090603888014,Sahiti Fulasa,ET110403
ET090603888011,Subo Tulema,ET110403
ET090603888002,Tulema Qai,ET110403
ET090603888003,Tulema Tama,ET110403
ET090603101001,Yalo Lala,ET110403
ET090603888008,Yalo Worbati,ET110403
ET090603888010,Zima Waruma,ET110403
ET090608888003,Arusi Ocha,ET110404
ET090608888012,Arusi Ofa,ET110404
ET090608888005,Baza Koyisa,ET110404
ET090608888004,Baza Shota,ET110404
ET090608888002,Bodola Mamado,ET110404
ET090608888008,Demba Gena,ET110404
ET090608888011,Dibo Shamana,ET110404
ET090608888007,Dilamo Maraka,ET110404
ET090608888001,Dita,ET110404
ET090608888013,Gonga Guta,ET110404
ET090608888006,Tulama Koyisa,ET110404
ET090608888010,Woldane Gono,ET110404
ET090608101001,Woldane Ketema,ET110404
ET090608888009,Wozo Haylata,ET110404
ET090605888027,Adabacho,ET110405
ET090605888014,Agara,ET110405
ET090605888007,Arusi Angala,ET110405
ET090605888015,Arusi Bala,ET110405
ET090605101001,Bale,ET110405
ET090605888021,Boyna,ET110405
ET090605888011,Chawda,ET110405
ET090605888010,Churchura,ET110405
ET090605888005,Dalba,ET110405
ET090605201001,Dale,ET110405
ET090605888008,Denga Woysi,ET110405
ET090605888013,Duzi,ET110405
ET090605888009,Gudumo,ET110405
ET090605888023,Guza,ET110405
ET090605888019,Hageli Zero And,ET110405
ET090605888018,Hageli Zero Hulet,ET110405
ET090605888020,Manara,ET110405
ET090605888024,Mode,ET110405
ET090605888001,Neda,ET110405
ET090605888022,Ofa,ET110405
ET090605888002,Oki,ET110405
ET090605888003,Sengeti,ET110405
ET090605888006,Shada Tala,ET110405
ET090605888026,Shota,ET110405
ET090605888012,Tulama,ET110405
ET090605888004,Yimbira,ET110405
ET090605888025,Yucha,ET110405
ET090605888017,Zadi Shamayti,ET110405
ET090605888016,Zadi Woyde,ET110405
ET090611888005,Beara Doba,ET110406
ET090611101001,Kech Mazgaja,ET110406
ET090611888006,Kech Tuta,ET110406
ET090611888002,Koma Goncha,ET110406
ET090611888001,Maliga Maracha,ET110406
ET090611888007,Muga,ET110406
ET090611888008,Oda Gofa,ET110406
ET090611888003,Shoga Bala,ET110406
ET090611888004,Takiama,ET110406
ET090609301001,Aba Bonga,ET110407
ET090609888002,Aba Bonga,ET110407
ET090609201001,Aba Dahi,ET110407
ET090609888005,Aba Dahi,ET110407
ET090609888004,Aba Garga,ET110407
ET090609888003,Aba Reari,ET110407
ET090609888014,Bol'i Ari,ET110407
ET090609888012,Gesa Balea,ET110407
ET090609888006,Gorika Bersa,ET110407
ET090609888008,Gorika Chla,ET110407
ET090609888007,Gorika Doma,ET110407
ET090609888015,Gozo Shasho,ET110407
ET090609888011,Kechmi Kesa,ET110407
ET090609888016,Koysha,ET110407
ET090609888001,Manta Guchuli,ET110407
ET090609888013,Mela Gelda,ET110407
ET090609888017,Shabayoyo,ET110407
ET090609888018,Shina Gaburi,ET110407
ET090609101001,Wara Mazegaja,ET110407
ET090609888010,Wara Weri,ET110407
ET090609888009,Waruma Galcha,ET110407
ET090607888009,Asali,ET110408
ET090607888015,Chalisho,ET110408
ET090607888003,Daka Yeli,ET110408
ET090607888011,Dashi,ET110408
ET090607888008,Gasho,ET110408
ET090607888016,Gidicho,ET110408
ET090607888012,Kawka,ET110408
ET090607888010,Mandida,ET110408
ET090607101001,Mari Idget,ET110408
ET090607888006,Marie Guta,ET110408
ET090607888004,Marie Madara,ET110408
ET090607888014,Mayla,ET110408
ET090607888001,Nekrie,ET110408
ET090607888002,Ocha Boba,ET110408
ET090607888007,Semu,ET110408
ET090607888013,Seri,ET110408
ET090607888005,Womba Boro,ET110408
ET090610888010,Arga Bacho,ET110409
ET090610101001,Disa Mazegaja,ET110409
ET090610888011,Disa Qera,ET110409
ET090610888007,Gato Gufo,ET110409
ET090610888006,Gedo Buna,ET110409
ET090610888014,Halla Bacho,ET110409
ET090610888004,Koisha Gado,ET110409
ET090610888005,Koisha Gorta,ET110409
ET090610888002,Malditi Mashuncha,ET110409
ET090610888003,Mogati Qosa,ET110409
ET090610888013,Qai Gerera,ET110409
ET090610888015,Saiki Boho,ET110409
ET090610888008,Shota Chawla,ET110409
ET090610888009,Shota Mantut,ET110409
ET090610888012,Wasara Talo,ET110409
ET090610888001,Yeli Chawla,ET110409
ET090606101003,Kebele01 and Wolayta Unvirstey Tareca,ET110411
ET090606101001,Lala Genjo,ET110411
ET090606101004,Tarcha Zero Hulet,ET110411
ET090606101002,Tarcha Zuriya,ET110411
ET090612101001,Gesa Chare Ketema Astedader,ET110412
ET090501888024,Albe Agare,ET110601
ET090501101001,Ameya 01,ET110601
ET090501101003,Ameya 02,ET110601
ET090501101002,Ameya 03,ET110601
ET090501888023,Bake Sade,ET110601
ET090501888003,Bakefarda,ET110601
ET090501201001,Biteti Tsenga,ET110601
ET090501101008,Buba Damota,ET110601
ET090501101007,Chaka Bocha,ET110601
ET090501888014,Chare Doke,ET110601
ET090501888020,Chbera Shasho,ET110601
ET090501201004,Chida 01,ET110601
ET090501201005,Chida 02,ET110601
ET090501201006,Chida 03,ET110601
ET090501201003,Chida 04,ET110601
ET090501201007,Chida Shawura,ET110601
ET090501101005,Chta Kechikecha,ET110601
ET090501888027,Delba Alfa,ET110601
ET090501888026,Delba Genet,ET110601
ET090501101004,Duka Zale,ET110601
ET090501101006,Dupa Kachikacha,ET110601
ET090501888008,Gada Gari,ET110601
ET090501888017,Gada Shambara,ET110601
ET090501888007,Genji Genet,ET110601
ET090501888030,Gerfa,ET110601
ET090501888018,Gimba Agarea,ET110601
ET090501888019,Gora Woyde,ET110601
ET090501201002,Kache Roba,ET110601
ET090501888006,Keri Bala Badeguchi,ET110601
ET090501888001,Kirara,ET110601
ET090501888009,Koda Maji,ET110601
ET090501301002,Koyisha 01,ET110601
ET090501301001,Koyisha 02,ET110601
ET090501888031,Koysha Dyla,ET110601
ET090501888028,Koysha Lomea,ET110601
ET090501888033,Koysha Okoshe,ET110601
ET090501888029,Koysha Woyde,ET110601
ET090501888022,Kuta,ET110601
ET090501201008,Maraka Godi,ET110601
ET090501201009,Meda Yeja,ET110601
ET090501888010,Medi Gotera,ET110601
ET090501888002,Mojo,ET110601
ET090501888013,Ofa Lasho,ET110601
ET090501888016,Ofa Shatara,ET110601
ET090501888032,Oshka Agare,ET110601
ET090501888034,Oshka Alpha,ET110601
ET090501888035,Oshka Dencha,ET110601
ET090501888021,Seary Shwea,ET110601
ET090501888015,Sheta Chare,ET110601
ET090501888011,Shita Shasho,ET110601
ET090501888025,Tolka,ET110601
ET090501888005,Womba Yemala,ET110601
ET090501888004,Woshi Dalba,ET110601
ET090501888012,Yora Shasho,ET110601
ET120201101002,1,ET120201
ET120201101001,2,ET120201
ET120102101002,Abaru 01,ET120201
ET120102888012,Aberi Meti,ET120201
ET120201888001,Belimikun,ET120201
ET120201888025,Cham,ET120201
ET120102888006,Chobo Mender 13,ET120201
ET120102888007,Chobo Mender 14,ET120201
ET120102888009,Chobo Mender 17,ET120201
ET120102888003,Chobo Mender 7,ET120201
ET120102888004,Chobo Mender 8/9,ET120201
ET120102888005,Chobo Mender11/12,ET120201
ET120102888008,Chobokir,ET120201
ET120201888018,Dochi Korimach,ET120201
ET120102888015,Dumbong,ET120201
ET120201888024,Edine,ET120201
ET120201888026,Gnikola,ET120201
ET120201888022,Gnikowu,ET120201
ET120201888017,Kechign Pod,ET120201
ET120201888020,Kechin Kot,ET120201
ET120201888009,Kewerilanig,ET120201
ET120201888008,Kod Manichunig,ET120201
ET120201888015,Koyiran,ET120201
ET120201888019,Kudinot Nek,ET120201
ET120201888010,Kutoch,ET120201
ET120201888012,Kutoch Chemak,ET120201
ET120201888013,Kutoch Chenigach,ET120201
ET120102888016,Lumtak,ET120201
ET120201888014,Malowu,ET120201
ET120201888003,Manigong,ET120201
ET120201888021,Mededer Kong,ET120201
ET120201888004,Nibinib,ET120201
ET120201888006,Nor,ET120201
ET120201888005,Palibol,ET120201
ET120102888002,Pebongo Umaha,ET120201
ET120201888023,Pegnignewu,ET120201
ET120102888017,Potlam,ET120201
ET120102888001,Pukedi,ET120201
ET120201888011,Rek,ET120201
ET120102888014,Tegni,ET120201
ET120201888002,Tenidar,ET120201
ET120201888016,Tep Denig,ET120201
ET120102888011,Terchiru,ET120201
ET120102888013,Terkodi,ET120201
ET120201888007,Teyilut,ET120201
ET120102888010,Ukuna,ET120201
ET120102101001,Wankak 02,ET120201
ET120101101001,Abol 01,ET120202
ET120101888004,Abol Kir,ET120202
ET120202888011,Bayiriyal,ET120202
ET120202888021,Biket,ET120202
ET120202888008,Biyin,ET120202
ET120101888010,Bonga,ET120202
ET120202888016,Burgili,ET120202
ET120202888018,Burumudol,ET120202
ET120202888026,Chetiyear,ET120202
ET120202888012,Chognang,ET120202
ET120202888001,Chogni,ET120202
ET120202888020,Chowik,ET120202
ET120202888004,Gnabukileak,ET120202
ET120101888007,Gniko,ET120202
ET120202888015,Gutikido,ET120202
ET120101888009,Jewe,ET120202
ET120202888014,Kalkich,ET120202
ET120101888008,Karmi(aliechowey),ET120202
ET120101888011,Koben,ET120202
ET120202888009,Kuachitiyang,ET120202
ET120202101002,Kuachitiyang 01,ET120202
ET120202101001,Kuachitiyang 02,ET120202
ET120202888002,Kumurow,ET120202
ET120202888005,Lulgunjang,ET120202
ET120202888025,Luwal,ET120202
ET120202888017,Mading,ET120202
ET120202888010,Makuwar,ET120202
ET120202888003,Mariyal,ET120202
ET120202888006,Nibnib,ET120202
ET120101888005,Pimoli,ET120202
ET120101888006,Pinkiyo,ET120202
ET120101888001,Pukong,ET120202
ET120101888012,Siri Majang,ET120202
ET120101888002,Solen,ET120202
ET120202888022,Tenchar,ET120202
ET120202888013,Tongdol,ET120202
ET120202888024,Torgach,ET120202
ET120202888007,Ulang,ET120202
ET120101888003,Upagna,ET120202
ET120202888019,Wankey,ET120202
ET120202888023,Waw,ET120202
ET120103101003,1,ET120203
ET120203101002,1,ET120203
ET120103101004,2,ET120203
ET120203101001,2,ET120203
ET120103101002,3,ET120203
ET120103101001,4,ET120203
ET120103888001,Abodo,ET120203
ET120103201001,Abok 04 Kis meret,ET120203
ET120103888004,Abuwa,ET120203
ET120103888010,Ajeringa,ET120203
ET120103201004,Ajoki 01 kiss meret,ET120203
ET120103201002,Aparawa 03 kiss Meret,ET120203
ET120103888006,Atatti,ET120203
ET120103888009,Awokay,ET120203
ET120203888020,Bariluwal,ET120203
ET120103201003,Borkawarao 02Kis meret,ET120203
ET120203888001,Buribey,ET120203
ET120203888002,Buyagnimach,ET120203
ET120103888011,Cham,ET120203
ET120203888014,Chamjagagn,ET120203
ET120203888007,Dayiro,ET120203
ET120103888007,Gogg Dipach,ET120203
ET120103888008,Gonggor,ET120203
ET120103888002,Hutel,ET120203
ET120203888005,Kognilowu,ET120203
ET120203888012,Litichor,ET120203
ET120203888006,Lulituwa,ET120203
ET120203888016,Luwal,ET120203
ET120203888004,Madinig,ET120203
ET120203888003,Malowu,ET120203
ET120203888015,Manidenluwak,ET120203
ET120203888013,Maniluwal,ET120203
ET120203888008,Metar Zuria,ET120203
ET120203888018,Mon,ET120203
ET120203888021,Payites,ET120203
ET120103888003,Puchala,ET120203
ET120203888009,Rodgonig,ET120203
ET120203888010,Rodlogn,ET120203
ET120103888005,Tatta,ET120203
ET120103888012,Tedo,ET120203
ET120203888011,Torigol,ET120203
ET120203888019,Torkulanig,ET120203
ET120203888017,Yawal,ET120203
ET120204888016,Abukei,ET120204
ET120204888018,Aduki,ET120204
ET120104888012,Alemi,ET120204
ET120104888002,Angeila,ET120204
ET120204888019,Aparawa,ET120204
ET120204888021,Babeye,ET120204
ET120204888011,Bilnafign,ET120204
ET120204888017,Butor,ET120204
ET120204888020,Buye,ET120204
ET120204888013,Chotjoyoker,ET120204
ET120204888007,Denbong,ET120204
ET120204888001,Dubok,ET120204
ET120204888014,Fone,ET120204
ET120204888012,Gangriyal,ET120204
ET120204888004,Gnale,ET120204
ET120104888003,Gnugni,ET120204
ET120204888006,Hulak,ET120204
ET120204888015,Kenken,ET120204
ET120204888005,Kuchar,ET120204
ET120204888008,Kugnirek,ET120204
ET120104888011,Lero,ET120204
ET120204888003,Ragni,ET120204
ET120104888007,Shentewa 01,ET120204
ET120104888006,Shentewa 02,ET120204
ET120204101001,Tergol,ET120204
ET120104888010,Thowo,ET120204
ET120204888010,Tole,ET120204
ET120204888002,Torei,ET120204
ET120104888005,Tuwo,ET120204
ET120104888009,Ujalo,ET120204
ET120104888004,Ulaw,ET120204
ET120104101001,Ungogi,ET120204
ET120104888001,Uraha,ET120204
ET120104888013,Utuwal 01,ET120204
ET120104888014,Utuwal 02,ET120204
ET120104888008,Uweilo,ET120204
ET120204888009,Yiryir,ET120204
ET120105888005,Achagna,ET120205
ET120205888012,Adura,ET120205
ET120105501001,Ajuwaha,ET120205
ET120105888011,Akobo Dar,ET120205
ET120105888004,Akula,ET120205
ET120105888006,Bandira,ET120205
ET120205888009,Bathukdol,ET120205
ET120205888018,Beit,ET120205
ET120205888005,Bil Kir,ET120205
ET120205888017,Bildak,ET120205
ET120205888015,Bilgnak,ET120205
ET120205888008,Bilphignin,ET120205
ET120205888016,Bilwar,ET120205
ET120105301001,Chamo,ET120205
ET120105101001,Dima 01,ET120205
ET120105101002,Dima 02,ET120205
ET120205888003,Dugnirir,ET120205
ET120105888007,Gedu,ET120205
ET120205888013,Geir,ET120205
ET120205888007,Geir Guyer,ET120205
ET120105888013,Gimbab,ET120205
ET120205101001,Gninignang 01,ET120205
ET120205101002,Gninignang 02,ET120205
ET120205888019,Jogol,ET120205
ET120105201001,Joru,ET120205
ET120105888012,Kachana,ET120205
ET120105888008,Kerken,ET120205
ET120105888009,Kohoy,ET120205
ET120205888010,Kond Koach,ET120205
ET120205888002,Kondey,ET120205
ET120205888004,Let Gnarowoch,ET120205
ET120205888006,Long Jok,ET120205
ET120105888001,Lulwaro,ET120205
ET120105888010,Merkeze,ET120205
ET120105401001,Namkado,ET120205
ET120205888011,Pokuwes,ET120205
ET120205888001,Tormurok,ET120205
ET120105888014,Tuwawo,ET120205
ET120105888002,Udeg,ET120205
ET120105888003,Udeyeg,ET120205
ET120205888014,Wontow,ET120205
ET120106101004,2,ET120206
ET120106101002,3,ET120206
ET120106101001,4,ET120206
ET120106101005,5,ET120206
ET120106101003,Kebele 01 and Gambella University,ET120206
ET120301888007,Akashi,ET120301
ET120301888010,Dunchay,ET120301
ET120301888011,Gelesha,ET120301
ET120301888006,Gengeboz,ET120301
ET120301888012,Gonche,ET120301
ET120301888009,Goshini,ET120301
ET120301888004,Gumari,ET120301
ET120301888001,Kabo,ET120301
ET120301888002,Mekakelegna Meti,ET120301
ET120301101001,Meti 01,ET120301
ET120301101002,Meti 02,ET120301
ET120301888008,Sumey,ET120301
ET120301888003,Tilku Meti,ET120301
ET120301888005,Tolina Tokali,ET120301
ET120302888009,Abiy 03,ET120308
ET120302888011,Abiy 04,ET120308
ET120302888008,Abiy 05,ET120308
ET120302888015,Ashine,ET120308
ET120302888014,Baya,ET120308
ET120302888002,Dope,ET120308
ET120302888012,Dushi,ET120308
ET120302888006,Fejeje,ET120308
ET120302101001,Godere Mission 01,ET120308
ET120302888013,Goshine,ET120308
ET120302888010,Gubeti,ET120308
ET120302888003,Jenije,ET120308
ET120302888001,Kokori,ET120308
ET120302888016,Kumi,ET120308
ET120302888004,Newi,ET120308
ET120302888017,Shone,ET120308
ET120302888005,Tingi,ET120308
ET120302888007,Yeri,ET120308
ET120401101001,Achewa,ET120407
ET120401888010,Adong,ET120407
ET120401888015,Awagn,ET120407
ET120401888005,Baziyel,ET120407
ET120401888004,Biljakok,ET120407
ET120401888006,Drong,ET120407
ET120401888012,Ebago,ET120407
ET120401888013,Eliya,ET120407
ET120401888014,Itangkir,ET120407
ET120401888017,Lair,ET120407
ET120401888001,Mera,ET120407
ET120401888011,Pukumu,ET120407
ET120401888018,Puldeng,ET120407
ET120401888009,Pulkod,ET120407
ET120401888003,Pulwal,ET120407
ET120401888016,Ukura,ET120407
ET120401888007,Waar,ET120407
ET120401888002,Wanke,ET120407
ET120401888008,Watgach,ET120407
ET130101888002,Aweberkele,ET130101
ET130101888004,Awumer,ET130101
ET130101888007,Burka,ET130101
ET130101888001,Gelmeshira,ET130101
ET130101888005,Harawe,ET130101
ET130101888006,Kile,ET130101
ET130101888003,Sofi,ET130101
ET130106101003,10,ET130102
ET130106101002,8,ET130102
ET130106101001,9,ET130102
ET130108101001,14,ET130103
ET130108101002,15,ET130103
ET130108101003,16,ET130103
ET130104101003,17,ET130104
ET130104101002,18,ET130104
ET130104101001,19,ET130104
ET130103888004,Errer Dodota,ET130105
ET130103888003,Errer Hawaye,ET130105
ET130103888002,Errer Welidiya,ET130105
ET130103888001,Ulanula,ET130105
ET130102888004,Aboker Muti,ET130106
ET130102888001,Dire Teyara,ET130106
ET130102888002,Hasengey,ET130106
ET130102888006,Miay,ET130106
ET130102888005,Segicha,ET130106
ET130102888003,Sukul,ET130106
ET130107101002,1,ET130107
ET130107101003,2,ET130107
ET130107101001,7,ET130107
ET130105101001,11,ET130108
ET130105101002,12,ET130108
ET130105101003,13,ET130108
ET130109101002,3,ET130109
ET130109101004,4,ET130109
ET130109101003,5,ET130109
ET130109101001,6,ET130109
ET140101101001,1,ET140101
ET140102101002,Kebele 002 And 6 Klio Main Campas,ET140102
ET140103101003,3,ET140103
ET140104101004,4,ET140104
ET140105101005,5,ET140105
ET140106101006,6,ET140106
ET140107101007,7,ET140107
ET140108101008,8,ET140108
ET140109101009,9,ET140109
ET140110101010,10,ET140110
ET140201102001,1,ET140201
ET140202102002,2,ET140202
ET140203102003,3,ET140203
ET140204102004,4,ET140204
ET140205102005,5,ET140205
ET140206102006,6,ET140206
ET140207102007,7,ET140207
ET140208102008,8,ET140208
ET140209102009,Kebele9& AAU HealthScienceCollegeSefereSelamCompus,ET140209
ET140210102010,10,ET140210
ET140301103001,1,ET140301
ET140302103002,2,ET140302
ET140303103003,3,ET140303
ET140303103103,3,ET140303
ET140304103004,4,ET140304
ET140305103005,5,ET140305
ET140306103006,6,ET140306
ET140307103007,7,ET140307
ET140308103008,8,ET140308
ET140309103009,9,ET140309
ET140310103010,10,ET140310
ET140311103011,11,ET140311
ET140312103012,12,ET140312
ET140313103013,13,ET140313
ET140314103014,14,ET140314
ET140315103015,15,ET140315
ET140401104001,1,ET140401
ET140402104002,2,ET140402
ET140403104003,3,ET140403
ET140404104004,Kebel 004 And Ketena Aau Vartihiectere D.T,ET140404
ET140405104005,5,ET140405
ET140406104006,6,ET140406
ET140407104007,7,ET140407
ET140408104008,8,ET140408
ET140409104009,Kebele 009 And Aa University Health Campase,ET140409
ET140410104010,10,ET140410
ET140501105001,1,ET140501
ET140502105002,2,ET140502
ET140503105003,3,ET140503
ET140504105004,4,ET140504
ET140505105005,5,ET140505
ET140506105006,6,ET140506
ET140507105007,7,ET140507
ET140508105008,8,ET140508
ET140509105009,9,ET140509
ET140510105010,10,ET140510
ET140511105011,11,ET140511
ET140601106001,1,ET140601
ET140602106002,2,ET140602
ET140603106003,3,ET140603
ET140604106004,4,ET140604
ET140605106005,5,ET140605
ET140606106006,Kebele6&5killoTechenologyFaclity&Schoolo Faremacy,ET140606
ET140607106007,7,ET140607
ET140608106008,8,ET140608
ET140609106009,Kebele 009 and A.A University Natural Seiences,ET140609
ET140610106010,10,ET140610
ET140701107001,1,ET140701
ET140702107002,2,ET140702
ET140703107003,3,ET140703
ET140704107004,4,ET140704
ET140705107005,5,ET140705
ET140706107006,6,ET140706
ET140707107007,7,ET140707
ET140708107008,8,ET140708
ET140709107009,9,ET140709
ET140710107010,10,ET140710
ET140710107110,10,ET140710
ET140711107011,Kebele11& Kotebe Metropolitan&Civil Service Univ,ET140711
ET140712107012,12,ET140712
ET140712107112,12,ET140712
ET140801108001,1,ET140801
ET140802108002,2,ET140802
ET140803108003,3,ET140803
ET140804108004,4,ET140804
ET140805108005,5,ET140805
ET140806108006,6,ET140806
ET140807108007,7,ET140807
ET140809108009,9,ET140809
ET140811108011,11,ET140811
ET140812108012,12,ET140812
ET140812108112,12,ET140812
ET140813108013,13,ET140813
ET140814108014,14,ET140814
ET140901109001,1,ET140901
ET140901109101,1,ET140901
ET140902109002,2,ET140902
ET140902109102,2,ET140902
ET140903109003,3,ET140903
ET140904109004,4,ET140904
ET140905109005,5,ET140905
ET140906109006,6,ET140906
ET140907109007,7,ET140907
ET140908109008,8,ET140908
ET140909109009,9,ET140909
ET140910109010,10,ET140910
ET140911109011,11,ET140911
ET140911109111,11,ET140911
ET140912109012,12,ET140912
ET140913109001,13,ET140913
ET140913109113,13,ET140913
ET140915108201,1,ET140915
ET141001110001,1,ET141001
ET141002110002,2,ET141002
ET141003110003,3,ET141003
ET141004110004,4,ET141004
ET141005110005,5,ET141005
ET141006110006,6,ET141006
ET141007110007,7,ET141007
ET141008110008,8,ET141008
ET141009110009,9,ET141009
ET141010110010,10,ET141010
ET141011110011,11,ET141011
ET141012110012,12,ET141012
ET141013110013,13,ET141013
ET141101111001,1,ET141101
ET141102111002,2,ET141102
ET141103111003,3,ET141103
ET141104111004,4,ET141104
ET141105111005,5,ET141105
ET141106111006,6,ET141106
ET141107111007,7,ET141107
ET141107111107,7,ET141107
ET141108111008,8,ET141108
ET141109111009,9,ET141109
ET141110111010,10,ET141110
ET141111101011,6,ET141111
ET150101101001,01 Kebele,ET150101
ET150102101002,Kebele 02 and Diredawa Universty,ET150102
ET150102101102,Kebele 02 and Diredawa Universty,ET150102
ET150103101003,03 Kebele,ET150103
ET050401888008,Afeweyne,ET150103
ET050401888011,Balahade,ET150103
ET050401888003,Berni-ante,ET150103
ET050401888014,Dargudud,ET150103
ET050401888010,Doha-yerey,ET150103
ET050401888002,Galile,ET150103
ET050401888013,Hadawa,ET150103
ET050401888007,Haro-ogaden,ET150103
ET050401888012,Haroledi,ET150103
ET050401888004,Kaldisa,ET150103
ET050401888001,Kelebed,ET150103
ET050401888006,Magalo-ad,ET150103
ET050401888009,Shankor,ET150103
ET050401888005,Wangey,ET150103
ET050401101002,Zero Andi,ET150103
ET050401101001,Zero Hulet,ET150103
ET150104101004,04 Kebele,ET150104
ET150105101005,05 Kebele,ET150105
ET150106101006,06 Kebele,ET150106
ET150107101007,07 Kebele,ET150107
ET150108101008,08 Kebele,ET150108
ET150109101009,09 Kebele,ET150109
ET150110888008,Chiri Miti,ET150110
ET150110888005,Debile,ET150110
ET150110888007,Gerba Aneno,ET150110
ET150110888006,Jaldesa,ET150110
ET150110888004,Kulayu,ET150110
ET150110888002,Lega Dini,ET150110
ET150110888003,Melka Kero,ET150110
ET150110888001,Mudi Aneno,ET150110
ET150111888011,Adada,ET150111
ET150111888006,Awale,ET150111
ET150111888009,Bekihalo,ET150111
ET150111888005,Belewa,ET150111
ET150111888008,Bishan Behi,ET150111
ET150111888007,Biyo Awale,ET150111
ET150111888003,Elhamer,ET150111
ET150111888001,Gugumum,ET150111
ET150111888012,Ija Anani,ET150111
ET150111888002,Kalicha,ET150111
ET150111888004,Kurtu,ET150111
ET150111888010,Legebira,ET150111
ET150112888005,Dujuma,ET150112
ET150112888006,Halo Busa,ET150112
ET150112888009,Harla,ET150112
ET150112888002,Hulul Mojo,ET150112
ET150112888008,Jalo Balina,ET150112
ET150112888003,Koriso,ET150112
ET150112888007,Lega Oda Mirga,ET150112
ET150112888001,Legeoda Gunufeta,ET150112
ET150112888004,Wahil,ET150112
ET150113888006,Adiga Felame,ET150113
ET150113888003,Aseliso,ET150113
ET150113101001,Boren Jeden,ET150113
ET150113888002,Gedenser,ET150113
ET150113888007,Gende Gebere,ET150113
ET150113888005,Gende Rige,ET150113
ET150113888001,Goladeg,ET150113
ET150113888008,Legedon,ET150113
ET150113888004,Ula Ulul,ET150113
